id,v2_precinct_id,coverage_vs_current,action
79365,,0.00,is_current false->true (content absent from current extraction)
79366,,0.00,is_current false->true (content absent from current extraction)
79367,,0.00,is_current false->true (content absent from current extraction)
79368,,0.00,is_current false->true (content absent from current extraction)
79369,,0.00,is_current false->true (content absent from current extraction)
79370,,0.00,is_current false->true (content absent from current extraction)
79371,,0.00,is_current false->true (content absent from current extraction)
79372,,0.00,is_current false->true (content absent from current extraction)
79373,,0.00,is_current false->true (content absent from current extraction)
79374,,0.00,is_current false->true (content absent from current extraction)
79375,,0.00,is_current false->true (content absent from current extraction)
79376,,0.00,is_current false->true (content absent from current extraction)
79377,,0.00,is_current false->true (content absent from current extraction)
79378,,0.00,is_current false->true (content absent from current extraction)
79379,,0.00,is_current false->true (content absent from current extraction)
79380,,0.00,is_current false->true (content absent from current extraction)
79381,,0.00,is_current false->true (content absent from current extraction)
79382,,0.00,is_current false->true (content absent from current extraction)
79383,,0.00,is_current false->true (content absent from current extraction)
79384,,0.00,is_current false->true (content absent from current extraction)
79385,,0.00,is_current false->true (content absent from current extraction)
79386,,0.00,is_current false->true (content absent from current extraction)
79387,,0.00,is_current false->true (content absent from current extraction)
79388,,0.00,is_current false->true (content absent from current extraction)
79389,,0.00,is_current false->true (content absent from current extraction)
79390,,0.00,is_current false->true (content absent from current extraction)
79391,,0.00,is_current false->true (content absent from current extraction)
79392,,0.00,is_current false->true (content absent from current extraction)
79393,,0.10,is_current false->true (content absent from current extraction)
79394,,0.05,is_current false->true (content absent from current extraction)
79395,,0.00,is_current false->true (content absent from current extraction)
79396,,0.00,is_current false->true (content absent from current extraction)
79397,,0.00,is_current false->true (content absent from current extraction)
79398,,0.00,is_current false->true (content absent from current extraction)
79399,,0.00,is_current false->true (content absent from current extraction)
79400,,0.00,is_current false->true (content absent from current extraction)
79401,,0.00,is_current false->true (content absent from current extraction)
79402,,0.00,is_current false->true (content absent from current extraction)
79526,,0.00,is_current false->true (content absent from current extraction)
79527,,0.00,is_current false->true (content absent from current extraction)
79528,,0.00,is_current false->true (content absent from current extraction)
79529,,0.00,is_current false->true (content absent from current extraction)
79530,,0.00,is_current false->true (content absent from current extraction)
79531,,0.00,is_current false->true (content absent from current extraction)
79532,,0.00,is_current false->true (content absent from current extraction)
79533,,0.00,is_current false->true (content absent from current extraction)
79534,,0.00,is_current false->true (content absent from current extraction)
79535,,0.00,is_current false->true (content absent from current extraction)
79536,,0.00,is_current false->true (content absent from current extraction)
79537,,0.00,is_current false->true (content absent from current extraction)
79538,,0.00,is_current false->true (content absent from current extraction)
79539,,0.00,is_current false->true (content absent from current extraction)
79540,,0.00,is_current false->true (content absent from current extraction)
79541,,0.00,is_current false->true (content absent from current extraction)
79542,,0.00,is_current false->true (content absent from current extraction)
79543,,0.00,is_current false->true (content absent from current extraction)
79544,,0.00,is_current false->true (content absent from current extraction)
79545,,0.00,is_current false->true (content absent from current extraction)
79546,,0.00,is_current false->true (content absent from current extraction)
79547,,0.00,is_current false->true (content absent from current extraction)
79548,,0.00,is_current false->true (content absent from current extraction)
79549,,0.00,is_current false->true (content absent from current extraction)
79550,,0.00,is_current false->true (content absent from current extraction)
79551,,0.00,is_current false->true (content absent from current extraction)
79552,,0.00,is_current false->true (content absent from current extraction)
79553,,0.14,is_current false->true (content absent from current extraction)
79554,,0.00,is_current false->true (content absent from current extraction)
79555,,0.00,is_current false->true (content absent from current extraction)
79556,,0.00,is_current false->true (content absent from current extraction)
79557,,0.00,is_current false->true (content absent from current extraction)
79558,,0.00,is_current false->true (content absent from current extraction)
79559,,0.00,is_current false->true (content absent from current extraction)
79560,,0.00,is_current false->true (content absent from current extraction)
79561,,0.00,is_current false->true (content absent from current extraction)
79562,,0.00,is_current false->true (content absent from current extraction)
79563,,0.00,is_current false->true (content absent from current extraction)
79564,,0.00,is_current false->true (content absent from current extraction)
79565,,0.00,is_current false->true (content absent from current extraction)
79566,,0.00,is_current false->true (content absent from current extraction)
79567,,0.00,is_current false->true (content absent from current extraction)
79568,,0.00,is_current false->true (content absent from current extraction)
79569,,0.00,is_current false->true (content absent from current extraction)
79570,,0.00,is_current false->true (content absent from current extraction)
79571,,0.00,is_current false->true (content absent from current extraction)
79572,,0.00,is_current false->true (content absent from current extraction)
79573,,0.00,is_current false->true (content absent from current extraction)
79574,,0.00,is_current false->true (content absent from current extraction)
79575,,0.00,is_current false->true (content absent from current extraction)
79576,,0.00,is_current false->true (content absent from current extraction)
79577,,0.00,is_current false->true (content absent from current extraction)
79578,,0.00,is_current false->true (content absent from current extraction)
79579,,0.00,is_current false->true (content absent from current extraction)
79580,,0.00,is_current false->true (content absent from current extraction)
79581,,0.00,is_current false->true (content absent from current extraction)
79582,,0.00,is_current false->true (content absent from current extraction)
79583,,0.00,is_current false->true (content absent from current extraction)
79584,,0.00,is_current false->true (content absent from current extraction)
79585,,0.00,is_current false->true (content absent from current extraction)
79586,,0.00,is_current false->true (content absent from current extraction)
79587,,0.00,is_current false->true (content absent from current extraction)
79588,,0.00,is_current false->true (content absent from current extraction)
79589,,0.00,is_current false->true (content absent from current extraction)
79590,,0.00,is_current false->true (content absent from current extraction)
79591,,0.00,is_current false->true (content absent from current extraction)
79592,,0.00,is_current false->true (content absent from current extraction)
79593,,0.00,is_current false->true (content absent from current extraction)
79594,,0.00,is_current false->true (content absent from current extraction)
79595,,0.00,is_current false->true (content absent from current extraction)
79596,,0.00,is_current false->true (content absent from current extraction)
79597,,0.00,is_current false->true (content absent from current extraction)
79598,,0.00,is_current false->true (content absent from current extraction)
79599,,0.00,is_current false->true (content absent from current extraction)
79600,,0.00,is_current false->true (content absent from current extraction)
79601,,0.00,is_current false->true (content absent from current extraction)
79602,,0.00,is_current false->true (content absent from current extraction)
79603,,0.00,is_current false->true (content absent from current extraction)
79604,,0.00,is_current false->true (content absent from current extraction)
79605,,0.00,is_current false->true (content absent from current extraction)
79606,,0.00,is_current false->true (content absent from current extraction)
79607,,0.00,is_current false->true (content absent from current extraction)
79608,,0.00,is_current false->true (content absent from current extraction)
79609,,0.00,is_current false->true (content absent from current extraction)
79610,,0.00,is_current false->true (content absent from current extraction)
79611,,0.00,is_current false->true (content absent from current extraction)
79612,,0.00,is_current false->true (content absent from current extraction)
79613,,0.00,is_current false->true (content absent from current extraction)
79614,,0.00,is_current false->true (content absent from current extraction)
79615,,0.00,is_current false->true (content absent from current extraction)
79616,,0.00,is_current false->true (content absent from current extraction)
79617,,0.00,is_current false->true (content absent from current extraction)
79618,,0.00,is_current false->true (content absent from current extraction)
79619,,0.00,is_current false->true (content absent from current extraction)
79620,,0.00,is_current false->true (content absent from current extraction)
79621,,0.00,is_current false->true (content absent from current extraction)
79622,,0.00,is_current false->true (content absent from current extraction)
79623,,0.00,is_current false->true (content absent from current extraction)
79624,,0.00,is_current false->true (content absent from current extraction)
79625,,0.00,is_current false->true (content absent from current extraction)
79626,,0.00,is_current false->true (content absent from current extraction)
79627,,0.00,is_current false->true (content absent from current extraction)
79628,,0.00,is_current false->true (content absent from current extraction)
79629,,0.00,is_current false->true (content absent from current extraction)
79630,,0.00,is_current false->true (content absent from current extraction)
79631,,0.00,is_current false->true (content absent from current extraction)
79632,,0.00,is_current false->true (content absent from current extraction)
79633,,0.00,is_current false->true (content absent from current extraction)
79634,,0.00,is_current false->true (content absent from current extraction)
79635,,0.00,is_current false->true (content absent from current extraction)
79636,,0.00,is_current false->true (content absent from current extraction)
79637,,0.00,is_current false->true (content absent from current extraction)
79638,,0.00,is_current false->true (content absent from current extraction)
79639,,0.00,is_current false->true (content absent from current extraction)
79640,,0.00,is_current false->true (content absent from current extraction)
79641,,0.00,is_current false->true (content absent from current extraction)
79642,,0.00,is_current false->true (content absent from current extraction)
79643,,0.00,is_current false->true (content absent from current extraction)
79644,,0.00,is_current false->true (content absent from current extraction)
79645,,0.00,is_current false->true (content absent from current extraction)
79646,,0.00,is_current false->true (content absent from current extraction)
79647,,0.09,is_current false->true (content absent from current extraction)
79648,,0.00,is_current false->true (content absent from current extraction)
79649,,0.00,is_current false->true (content absent from current extraction)
79650,,0.00,is_current false->true (content absent from current extraction)
79651,,0.00,is_current false->true (content absent from current extraction)
79652,,0.00,is_current false->true (content absent from current extraction)
79653,,0.00,is_current false->true (content absent from current extraction)
79654,,0.00,is_current false->true (content absent from current extraction)
79655,,0.00,is_current false->true (content absent from current extraction)
79656,,0.00,is_current false->true (content absent from current extraction)
79657,,0.00,is_current false->true (content absent from current extraction)
79658,,0.00,is_current false->true (content absent from current extraction)
79659,,0.00,is_current false->true (content absent from current extraction)
79660,,0.00,is_current false->true (content absent from current extraction)
79661,,0.00,is_current false->true (content absent from current extraction)
79662,,0.00,is_current false->true (content absent from current extraction)
79663,,0.00,is_current false->true (content absent from current extraction)
79664,,0.00,is_current false->true (content absent from current extraction)
79665,,0.00,is_current false->true (content absent from current extraction)
79666,,0.00,is_current false->true (content absent from current extraction)
79667,,0.08,is_current false->true (content absent from current extraction)
79668,,0.00,is_current false->true (content absent from current extraction)
79669,,0.00,is_current false->true (content absent from current extraction)
79670,,0.00,is_current false->true (content absent from current extraction)
79671,,0.00,is_current false->true (content absent from current extraction)
79672,,0.00,is_current false->true (content absent from current extraction)
79673,,0.00,is_current false->true (content absent from current extraction)
79674,,0.00,is_current false->true (content absent from current extraction)
79675,,0.00,is_current false->true (content absent from current extraction)
79676,,0.00,is_current false->true (content absent from current extraction)
79677,,0.00,is_current false->true (content absent from current extraction)
79678,,0.00,is_current false->true (content absent from current extraction)
79679,,0.00,is_current false->true (content absent from current extraction)
79680,,0.00,is_current false->true (content absent from current extraction)
79681,,0.00,is_current false->true (content absent from current extraction)
79682,,0.00,is_current false->true (content absent from current extraction)
79683,,0.00,is_current false->true (content absent from current extraction)
79684,,0.00,is_current false->true (content absent from current extraction)
79685,,0.00,is_current false->true (content absent from current extraction)
79686,,0.00,is_current false->true (content absent from current extraction)
79687,,0.00,is_current false->true (content absent from current extraction)
79688,,0.00,is_current false->true (content absent from current extraction)
79689,,0.00,is_current false->true (content absent from current extraction)
79690,,0.00,is_current false->true (content absent from current extraction)
79691,,0.00,is_current false->true (content absent from current extraction)
79692,,0.00,is_current false->true (content absent from current extraction)
79693,,0.00,is_current false->true (content absent from current extraction)
79694,,0.00,is_current false->true (content absent from current extraction)
79695,,0.00,is_current false->true (content absent from current extraction)
79696,,0.00,is_current false->true (content absent from current extraction)
79697,,0.00,is_current false->true (content absent from current extraction)
79698,,0.00,is_current false->true (content absent from current extraction)
79699,,0.00,is_current false->true (content absent from current extraction)
79700,,0.00,is_current false->true (content absent from current extraction)
79701,,0.00,is_current false->true (content absent from current extraction)
79702,,0.00,is_current false->true (content absent from current extraction)
79703,,0.00,is_current false->true (content absent from current extraction)
79704,,0.00,is_current false->true (content absent from current extraction)
79705,,0.00,is_current false->true (content absent from current extraction)
79706,,0.00,is_current false->true (content absent from current extraction)
79707,,0.00,is_current false->true (content absent from current extraction)
79708,,0.00,is_current false->true (content absent from current extraction)
79709,,0.00,is_current false->true (content absent from current extraction)
79710,,0.00,is_current false->true (content absent from current extraction)
79711,,0.00,is_current false->true (content absent from current extraction)
79712,,0.00,is_current false->true (content absent from current extraction)
79713,,0.00,is_current false->true (content absent from current extraction)
79714,,0.00,is_current false->true (content absent from current extraction)
79715,,0.00,is_current false->true (content absent from current extraction)
79716,,0.00,is_current false->true (content absent from current extraction)
79717,,0.00,is_current false->true (content absent from current extraction)
79718,,0.00,is_current false->true (content absent from current extraction)
79719,,0.00,is_current false->true (content absent from current extraction)
79720,,0.00,is_current false->true (content absent from current extraction)
79721,,0.00,is_current false->true (content absent from current extraction)
79722,,0.00,is_current false->true (content absent from current extraction)
79723,,0.00,is_current false->true (content absent from current extraction)
79724,,0.00,is_current false->true (content absent from current extraction)
79725,,0.00,is_current false->true (content absent from current extraction)
79726,,0.00,is_current false->true (content absent from current extraction)
79727,,0.12,is_current false->true (content absent from current extraction)
79728,,0.00,is_current false->true (content absent from current extraction)
79729,,0.00,is_current false->true (content absent from current extraction)
79730,,0.00,is_current false->true (content absent from current extraction)
79731,,0.00,is_current false->true (content absent from current extraction)
79732,,0.00,is_current false->true (content absent from current extraction)
79733,,0.00,is_current false->true (content absent from current extraction)
79734,,0.00,is_current false->true (content absent from current extraction)
79735,,0.00,is_current false->true (content absent from current extraction)
79736,,0.00,is_current false->true (content absent from current extraction)
79737,,0.00,is_current false->true (content absent from current extraction)
79738,,0.00,is_current false->true (content absent from current extraction)
79739,,0.00,is_current false->true (content absent from current extraction)
79740,,0.00,is_current false->true (content absent from current extraction)
79741,,0.00,is_current false->true (content absent from current extraction)
79742,,0.00,is_current false->true (content absent from current extraction)
79743,,0.00,is_current false->true (content absent from current extraction)
79744,,0.00,is_current false->true (content absent from current extraction)
79745,,0.00,is_current false->true (content absent from current extraction)
79746,,0.00,is_current false->true (content absent from current extraction)
79747,,0.00,is_current false->true (content absent from current extraction)
79748,,0.00,is_current false->true (content absent from current extraction)
79749,,0.00,is_current false->true (content absent from current extraction)
79750,,0.00,is_current false->true (content absent from current extraction)
79751,,0.00,is_current false->true (content absent from current extraction)
79752,,0.00,is_current false->true (content absent from current extraction)
79753,,0.00,is_current false->true (content absent from current extraction)
79754,,0.00,is_current false->true (content absent from current extraction)
79755,,0.00,is_current false->true (content absent from current extraction)
79756,,0.00,is_current false->true (content absent from current extraction)
79757,,0.00,is_current false->true (content absent from current extraction)
79758,,0.00,is_current false->true (content absent from current extraction)
79759,,0.00,is_current false->true (content absent from current extraction)
79760,,0.00,is_current false->true (content absent from current extraction)
79761,,0.00,is_current false->true (content absent from current extraction)
79762,,0.00,is_current false->true (content absent from current extraction)
79763,,0.00,is_current false->true (content absent from current extraction)
79764,,0.00,is_current false->true (content absent from current extraction)
79765,,0.00,is_current false->true (content absent from current extraction)
79766,,0.00,is_current false->true (content absent from current extraction)
79767,,0.00,is_current false->true (content absent from current extraction)
79768,,0.00,is_current false->true (content absent from current extraction)
79769,,0.00,is_current false->true (content absent from current extraction)
79770,,0.00,is_current false->true (content absent from current extraction)
79771,,0.00,is_current false->true (content absent from current extraction)
79772,,0.00,is_current false->true (content absent from current extraction)
79773,,0.00,is_current false->true (content absent from current extraction)
79774,,0.00,is_current false->true (content absent from current extraction)
79775,,0.00,is_current false->true (content absent from current extraction)
79776,,0.00,is_current false->true (content absent from current extraction)
79777,,0.00,is_current false->true (content absent from current extraction)
79778,,0.00,is_current false->true (content absent from current extraction)
79779,,0.00,is_current false->true (content absent from current extraction)
79780,,0.00,is_current false->true (content absent from current extraction)
79781,,0.00,is_current false->true (content absent from current extraction)
79782,,0.00,is_current false->true (content absent from current extraction)
79783,,0.00,is_current false->true (content absent from current extraction)
79784,,0.00,is_current false->true (content absent from current extraction)
79785,,0.00,is_current false->true (content absent from current extraction)
79786,,0.00,is_current false->true (content absent from current extraction)
79787,,0.00,is_current false->true (content absent from current extraction)
79788,,0.00,is_current false->true (content absent from current extraction)
79789,,0.00,is_current false->true (content absent from current extraction)
79790,,0.00,is_current false->true (content absent from current extraction)
79791,,0.00,is_current false->true (content absent from current extraction)
79792,,0.00,is_current false->true (content absent from current extraction)
79793,,0.00,is_current false->true (content absent from current extraction)
79794,,0.00,is_current false->true (content absent from current extraction)
79795,,0.00,is_current false->true (content absent from current extraction)
79796,,0.00,is_current false->true (content absent from current extraction)
79797,,0.00,is_current false->true (content absent from current extraction)
79798,,0.00,is_current false->true (content absent from current extraction)
79799,,0.00,is_current false->true (content absent from current extraction)
79800,,0.17,is_current false->true (content absent from current extraction)
79801,,0.00,is_current false->true (content absent from current extraction)
79802,,0.00,is_current false->true (content absent from current extraction)
79803,,0.00,is_current false->true (content absent from current extraction)
79804,,0.00,is_current false->true (content absent from current extraction)
79805,,0.00,is_current false->true (content absent from current extraction)
79806,,0.00,is_current false->true (content absent from current extraction)
79807,,0.00,is_current false->true (content absent from current extraction)
79808,,0.00,is_current false->true (content absent from current extraction)
79809,,0.00,is_current false->true (content absent from current extraction)
79810,,0.00,is_current false->true (content absent from current extraction)
79811,,0.00,is_current false->true (content absent from current extraction)
79812,,0.14,is_current false->true (content absent from current extraction)
79813,,0.00,is_current false->true (content absent from current extraction)
79814,,0.00,is_current false->true (content absent from current extraction)
79815,,0.00,is_current false->true (content absent from current extraction)
79816,,0.00,is_current false->true (content absent from current extraction)
79817,,0.00,is_current false->true (content absent from current extraction)
79818,,0.00,is_current false->true (content absent from current extraction)
79819,,0.00,is_current false->true (content absent from current extraction)
79820,,0.00,is_current false->true (content absent from current extraction)
79821,,0.00,is_current false->true (content absent from current extraction)
79822,,0.00,is_current false->true (content absent from current extraction)
79823,,0.00,is_current false->true (content absent from current extraction)
79824,,0.00,is_current false->true (content absent from current extraction)
79825,,0.00,is_current false->true (content absent from current extraction)
79826,,0.00,is_current false->true (content absent from current extraction)
79827,,0.00,is_current false->true (content absent from current extraction)
79828,,0.25,is_current false->true (content absent from current extraction)
79829,,0.00,is_current false->true (content absent from current extraction)
79830,,0.00,is_current false->true (content absent from current extraction)
79831,,0.00,is_current false->true (content absent from current extraction)
79832,,0.00,is_current false->true (content absent from current extraction)
79833,,0.00,is_current false->true (content absent from current extraction)
79834,,0.00,is_current false->true (content absent from current extraction)
79835,,0.00,is_current false->true (content absent from current extraction)
79836,,0.00,is_current false->true (content absent from current extraction)
79837,,0.00,is_current false->true (content absent from current extraction)
79838,,0.00,is_current false->true (content absent from current extraction)
79839,,0.00,is_current false->true (content absent from current extraction)
79840,,0.00,is_current false->true (content absent from current extraction)
79841,,0.00,is_current false->true (content absent from current extraction)
79842,,0.00,is_current false->true (content absent from current extraction)
79843,,0.00,is_current false->true (content absent from current extraction)
79844,,0.00,is_current false->true (content absent from current extraction)
79845,,0.00,is_current false->true (content absent from current extraction)
79846,,0.00,is_current false->true (content absent from current extraction)
79847,,0.00,is_current false->true (content absent from current extraction)
79848,,0.00,is_current false->true (content absent from current extraction)
79849,,0.00,is_current false->true (content absent from current extraction)
79850,,0.00,is_current false->true (content absent from current extraction)
79851,,0.00,is_current false->true (content absent from current extraction)
79852,,0.00,is_current false->true (content absent from current extraction)
79853,,0.00,is_current false->true (content absent from current extraction)
79854,,0.00,is_current false->true (content absent from current extraction)
79855,,0.00,is_current false->true (content absent from current extraction)
79856,,0.00,is_current false->true (content absent from current extraction)
79857,,0.00,is_current false->true (content absent from current extraction)
79858,,0.00,is_current false->true (content absent from current extraction)
79859,,0.00,is_current false->true (content absent from current extraction)
79860,,0.00,is_current false->true (content absent from current extraction)
79861,,0.00,is_current false->true (content absent from current extraction)
79862,,0.00,is_current false->true (content absent from current extraction)
79863,,0.00,is_current false->true (content absent from current extraction)
79864,,0.00,is_current false->true (content absent from current extraction)
79865,,0.00,is_current false->true (content absent from current extraction)
79866,,0.00,is_current false->true (content absent from current extraction)
79867,,0.00,is_current false->true (content absent from current extraction)
79868,,0.00,is_current false->true (content absent from current extraction)
79869,,0.00,is_current false->true (content absent from current extraction)
79870,,0.00,is_current false->true (content absent from current extraction)
79871,,0.00,is_current false->true (content absent from current extraction)
79872,,0.00,is_current false->true (content absent from current extraction)
79873,,0.00,is_current false->true (content absent from current extraction)
79874,,0.00,is_current false->true (content absent from current extraction)
79875,,0.00,is_current false->true (content absent from current extraction)
79876,,0.00,is_current false->true (content absent from current extraction)
79877,,0.00,is_current false->true (content absent from current extraction)
79878,,0.00,is_current false->true (content absent from current extraction)
79879,,0.00,is_current false->true (content absent from current extraction)
79880,,0.00,is_current false->true (content absent from current extraction)
79881,,0.00,is_current false->true (content absent from current extraction)
79882,,0.00,is_current false->true (content absent from current extraction)
79883,,0.00,is_current false->true (content absent from current extraction)
79884,,0.00,is_current false->true (content absent from current extraction)
79885,,0.00,is_current false->true (content absent from current extraction)
79886,,0.00,is_current false->true (content absent from current extraction)
79887,,0.00,is_current false->true (content absent from current extraction)
79888,,0.00,is_current false->true (content absent from current extraction)
79889,,0.00,is_current false->true (content absent from current extraction)
79890,,0.00,is_current false->true (content absent from current extraction)
79891,,0.00,is_current false->true (content absent from current extraction)
79892,,0.00,is_current false->true (content absent from current extraction)
79893,,0.00,is_current false->true (content absent from current extraction)
79894,,0.00,is_current false->true (content absent from current extraction)
79895,,0.00,is_current false->true (content absent from current extraction)
79896,,0.00,is_current false->true (content absent from current extraction)
79897,,0.00,is_current false->true (content absent from current extraction)
79898,,0.00,is_current false->true (content absent from current extraction)
79899,,0.00,is_current false->true (content absent from current extraction)
79900,,0.00,is_current false->true (content absent from current extraction)
79901,,0.00,is_current false->true (content absent from current extraction)
79902,,0.00,is_current false->true (content absent from current extraction)
79903,,0.00,is_current false->true (content absent from current extraction)
79904,,0.00,is_current false->true (content absent from current extraction)
79905,,0.00,is_current false->true (content absent from current extraction)
79906,,0.00,is_current false->true (content absent from current extraction)
79907,,0.00,is_current false->true (content absent from current extraction)
79908,,0.00,is_current false->true (content absent from current extraction)
79909,,0.00,is_current false->true (content absent from current extraction)
79910,,0.00,is_current false->true (content absent from current extraction)
79911,,0.00,is_current false->true (content absent from current extraction)
79912,,0.00,is_current false->true (content absent from current extraction)
79913,,0.00,is_current false->true (content absent from current extraction)
79914,,0.00,is_current false->true (content absent from current extraction)
79915,,0.00,is_current false->true (content absent from current extraction)
79916,,0.00,is_current false->true (content absent from current extraction)
79917,,0.00,is_current false->true (content absent from current extraction)
79918,,0.00,is_current false->true (content absent from current extraction)
79919,,0.00,is_current false->true (content absent from current extraction)
79920,,0.00,is_current false->true (content absent from current extraction)
79921,,0.00,is_current false->true (content absent from current extraction)
79922,,0.00,is_current false->true (content absent from current extraction)
79923,,0.00,is_current false->true (content absent from current extraction)
79924,,0.00,is_current false->true (content absent from current extraction)
79925,,0.00,is_current false->true (content absent from current extraction)
79926,,0.00,is_current false->true (content absent from current extraction)
79927,,0.00,is_current false->true (content absent from current extraction)
79928,,0.00,is_current false->true (content absent from current extraction)
79929,,0.00,is_current false->true (content absent from current extraction)
79930,,0.00,is_current false->true (content absent from current extraction)
79931,,0.00,is_current false->true (content absent from current extraction)
79932,,0.00,is_current false->true (content absent from current extraction)
79933,,0.00,is_current false->true (content absent from current extraction)
79934,,0.00,is_current false->true (content absent from current extraction)
79935,,0.00,is_current false->true (content absent from current extraction)
79936,,0.00,is_current false->true (content absent from current extraction)
79937,,0.00,is_current false->true (content absent from current extraction)
79938,,0.00,is_current false->true (content absent from current extraction)
79939,,0.00,is_current false->true (content absent from current extraction)
79940,,0.00,is_current false->true (content absent from current extraction)
79941,,0.00,is_current false->true (content absent from current extraction)
79942,,0.00,is_current false->true (content absent from current extraction)
79943,,0.00,is_current false->true (content absent from current extraction)
79944,,0.00,is_current false->true (content absent from current extraction)
79945,,0.00,is_current false->true (content absent from current extraction)
79946,,0.00,is_current false->true (content absent from current extraction)
79947,,0.00,is_current false->true (content absent from current extraction)
79948,,0.00,is_current false->true (content absent from current extraction)
79949,,0.00,is_current false->true (content absent from current extraction)
79950,,0.00,is_current false->true (content absent from current extraction)
79951,,0.00,is_current false->true (content absent from current extraction)
79952,,0.00,is_current false->true (content absent from current extraction)
79953,,0.00,is_current false->true (content absent from current extraction)
79954,,0.00,is_current false->true (content absent from current extraction)
79955,,0.00,is_current false->true (content absent from current extraction)
79956,,0.00,is_current false->true (content absent from current extraction)
79957,,0.00,is_current false->true (content absent from current extraction)
79958,,0.00,is_current false->true (content absent from current extraction)
79959,,0.00,is_current false->true (content absent from current extraction)
79960,,0.00,is_current false->true (content absent from current extraction)
79961,,0.00,is_current false->true (content absent from current extraction)
79962,,0.00,is_current false->true (content absent from current extraction)
79963,,0.00,is_current false->true (content absent from current extraction)
79964,,0.00,is_current false->true (content absent from current extraction)
79965,,0.00,is_current false->true (content absent from current extraction)
79966,,0.00,is_current false->true (content absent from current extraction)
79967,,0.00,is_current false->true (content absent from current extraction)
79968,,0.00,is_current false->true (content absent from current extraction)
79969,,0.00,is_current false->true (content absent from current extraction)
79970,,0.00,is_current false->true (content absent from current extraction)
79971,,0.00,is_current false->true (content absent from current extraction)
79972,,0.00,is_current false->true (content absent from current extraction)
79973,,0.00,is_current false->true (content absent from current extraction)
79974,,0.00,is_current false->true (content absent from current extraction)
79975,,0.00,is_current false->true (content absent from current extraction)
79976,,0.00,is_current false->true (content absent from current extraction)
79977,,0.00,is_current false->true (content absent from current extraction)
79978,,0.00,is_current false->true (content absent from current extraction)
79979,,0.00,is_current false->true (content absent from current extraction)
79980,,0.00,is_current false->true (content absent from current extraction)
79981,,0.00,is_current false->true (content absent from current extraction)
79982,,0.00,is_current false->true (content absent from current extraction)
79983,,0.00,is_current false->true (content absent from current extraction)
79984,,0.00,is_current false->true (content absent from current extraction)
79985,,0.00,is_current false->true (content absent from current extraction)
79986,,0.00,is_current false->true (content absent from current extraction)
79987,,0.00,is_current false->true (content absent from current extraction)
79988,,0.00,is_current false->true (content absent from current extraction)
79989,,0.00,is_current false->true (content absent from current extraction)
79990,,0.00,is_current false->true (content absent from current extraction)
79991,,0.00,is_current false->true (content absent from current extraction)
79992,,0.00,is_current false->true (content absent from current extraction)
79993,,0.00,is_current false->true (content absent from current extraction)
79994,,0.00,is_current false->true (content absent from current extraction)
79995,,0.00,is_current false->true (content absent from current extraction)
79996,,0.00,is_current false->true (content absent from current extraction)
79997,,0.00,is_current false->true (content absent from current extraction)
79998,,0.00,is_current false->true (content absent from current extraction)
79999,,0.00,is_current false->true (content absent from current extraction)
80000,,0.00,is_current false->true (content absent from current extraction)
80001,,0.00,is_current false->true (content absent from current extraction)
80002,,0.00,is_current false->true (content absent from current extraction)
80003,,0.00,is_current false->true (content absent from current extraction)
80004,,0.00,is_current false->true (content absent from current extraction)
80005,,0.00,is_current false->true (content absent from current extraction)
80006,,0.00,is_current false->true (content absent from current extraction)
80007,,0.00,is_current false->true (content absent from current extraction)
80008,,0.00,is_current false->true (content absent from current extraction)
80009,,0.00,is_current false->true (content absent from current extraction)
80010,,0.00,is_current false->true (content absent from current extraction)
80011,,0.00,is_current false->true (content absent from current extraction)
80012,,0.00,is_current false->true (content absent from current extraction)
80013,,0.00,is_current false->true (content absent from current extraction)
80014,,0.00,is_current false->true (content absent from current extraction)
80015,,0.00,is_current false->true (content absent from current extraction)
80016,,0.00,is_current false->true (content absent from current extraction)
80017,,0.00,is_current false->true (content absent from current extraction)
80018,,0.00,is_current false->true (content absent from current extraction)
80019,,0.00,is_current false->true (content absent from current extraction)
80020,,0.09,is_current false->true (content absent from current extraction)
80021,,0.00,is_current false->true (content absent from current extraction)
80022,,0.00,is_current false->true (content absent from current extraction)
80023,,0.00,is_current false->true (content absent from current extraction)
80024,,0.00,is_current false->true (content absent from current extraction)
80025,,0.00,is_current false->true (content absent from current extraction)
80026,,0.00,is_current false->true (content absent from current extraction)
80027,,0.00,is_current false->true (content absent from current extraction)
80028,,0.00,is_current false->true (content absent from current extraction)
80029,,0.00,is_current false->true (content absent from current extraction)
80030,,0.00,is_current false->true (content absent from current extraction)
80031,,0.00,is_current false->true (content absent from current extraction)
80032,,0.00,is_current false->true (content absent from current extraction)
80033,,0.00,is_current false->true (content absent from current extraction)
80034,,0.00,is_current false->true (content absent from current extraction)
80035,,0.00,is_current false->true (content absent from current extraction)
80036,,0.00,is_current false->true (content absent from current extraction)
80037,,0.00,is_current false->true (content absent from current extraction)
80038,,0.00,is_current false->true (content absent from current extraction)
80039,,0.00,is_current false->true (content absent from current extraction)
80040,,0.00,is_current false->true (content absent from current extraction)
80041,,0.00,is_current false->true (content absent from current extraction)
80042,,0.00,is_current false->true (content absent from current extraction)
80043,,0.00,is_current false->true (content absent from current extraction)
80044,,0.00,is_current false->true (content absent from current extraction)
80045,,0.00,is_current false->true (content absent from current extraction)
80046,,0.00,is_current false->true (content absent from current extraction)
80047,,0.00,is_current false->true (content absent from current extraction)
80048,,0.00,is_current false->true (content absent from current extraction)
80049,,0.00,is_current false->true (content absent from current extraction)
80050,,0.00,is_current false->true (content absent from current extraction)
80051,,0.00,is_current false->true (content absent from current extraction)
80052,,0.00,is_current false->true (content absent from current extraction)
80053,,0.00,is_current false->true (content absent from current extraction)
80054,,0.00,is_current false->true (content absent from current extraction)
80055,,0.00,is_current false->true (content absent from current extraction)
80056,,0.00,is_current false->true (content absent from current extraction)
80057,,0.00,is_current false->true (content absent from current extraction)
80058,,0.00,is_current false->true (content absent from current extraction)
80059,,0.00,is_current false->true (content absent from current extraction)
80060,,0.00,is_current false->true (content absent from current extraction)
80061,,0.00,is_current false->true (content absent from current extraction)
80062,,0.00,is_current false->true (content absent from current extraction)
80063,,0.00,is_current false->true (content absent from current extraction)
80064,,0.00,is_current false->true (content absent from current extraction)
80065,,0.00,is_current false->true (content absent from current extraction)
80066,,0.00,is_current false->true (content absent from current extraction)
80067,,0.00,is_current false->true (content absent from current extraction)
80068,,0.00,is_current false->true (content absent from current extraction)
80069,,0.00,is_current false->true (content absent from current extraction)
80070,,0.00,is_current false->true (content absent from current extraction)
80071,,0.00,is_current false->true (content absent from current extraction)
80072,,0.00,is_current false->true (content absent from current extraction)
80073,,0.00,is_current false->true (content absent from current extraction)
80074,,0.00,is_current false->true (content absent from current extraction)
80075,,0.00,is_current false->true (content absent from current extraction)
80076,,0.00,is_current false->true (content absent from current extraction)
80077,,0.00,is_current false->true (content absent from current extraction)
80078,,0.00,is_current false->true (content absent from current extraction)
80079,,0.00,is_current false->true (content absent from current extraction)
80080,,0.00,is_current false->true (content absent from current extraction)
80081,,0.00,is_current false->true (content absent from current extraction)
80082,,0.00,is_current false->true (content absent from current extraction)
80083,,0.00,is_current false->true (content absent from current extraction)
80084,,0.00,is_current false->true (content absent from current extraction)
80085,,0.00,is_current false->true (content absent from current extraction)
80086,,0.00,is_current false->true (content absent from current extraction)
80087,,0.00,is_current false->true (content absent from current extraction)
80088,,0.00,is_current false->true (content absent from current extraction)
80089,,0.00,is_current false->true (content absent from current extraction)
80090,,0.00,is_current false->true (content absent from current extraction)
80091,,0.00,is_current false->true (content absent from current extraction)
80092,,0.00,is_current false->true (content absent from current extraction)
80093,,0.00,is_current false->true (content absent from current extraction)
80094,,0.00,is_current false->true (content absent from current extraction)
80095,,0.00,is_current false->true (content absent from current extraction)
80096,,0.00,is_current false->true (content absent from current extraction)
80097,,0.00,is_current false->true (content absent from current extraction)
80098,,0.00,is_current false->true (content absent from current extraction)
80099,,0.00,is_current false->true (content absent from current extraction)
80100,,0.00,is_current false->true (content absent from current extraction)
80101,,0.00,is_current false->true (content absent from current extraction)
80102,,0.00,is_current false->true (content absent from current extraction)
80103,,0.00,is_current false->true (content absent from current extraction)
80104,,0.00,is_current false->true (content absent from current extraction)
80105,,0.00,is_current false->true (content absent from current extraction)
80106,,0.00,is_current false->true (content absent from current extraction)
80107,,0.00,is_current false->true (content absent from current extraction)
80108,,0.00,is_current false->true (content absent from current extraction)
80109,,0.00,is_current false->true (content absent from current extraction)
80110,,0.00,is_current false->true (content absent from current extraction)
80111,,0.00,is_current false->true (content absent from current extraction)
80112,,0.00,is_current false->true (content absent from current extraction)
80113,,0.00,is_current false->true (content absent from current extraction)
80114,,0.00,is_current false->true (content absent from current extraction)
80115,,0.00,is_current false->true (content absent from current extraction)
80117,,0.04,is_current false->true (content absent from current extraction)
80118,,0.00,is_current false->true (content absent from current extraction)
80119,,0.00,is_current false->true (content absent from current extraction)
80120,,0.00,is_current false->true (content absent from current extraction)
80121,,0.00,is_current false->true (content absent from current extraction)
80122,,0.00,is_current false->true (content absent from current extraction)
80123,,0.00,is_current false->true (content absent from current extraction)
80124,,0.00,is_current false->true (content absent from current extraction)
80125,,0.00,is_current false->true (content absent from current extraction)
80126,,0.00,is_current false->true (content absent from current extraction)
80127,,0.00,is_current false->true (content absent from current extraction)
80128,,0.00,is_current false->true (content absent from current extraction)
80129,,0.25,is_current false->true (content absent from current extraction)
80130,,0.00,is_current false->true (content absent from current extraction)
80131,,0.00,is_current false->true (content absent from current extraction)
80132,,0.00,is_current false->true (content absent from current extraction)
80133,,0.00,is_current false->true (content absent from current extraction)
80134,,0.00,is_current false->true (content absent from current extraction)
80135,,0.00,is_current false->true (content absent from current extraction)
80136,,0.00,is_current false->true (content absent from current extraction)
80137,,0.02,is_current false->true (content absent from current extraction)
80138,,0.00,is_current false->true (content absent from current extraction)
80139,,0.50,is_current false->true (content absent from current extraction)
80140,,0.00,is_current false->true (content absent from current extraction)
80141,,0.00,is_current false->true (content absent from current extraction)
80142,,0.00,is_current false->true (content absent from current extraction)
80143,,0.00,is_current false->true (content absent from current extraction)
80144,,0.00,is_current false->true (content absent from current extraction)
80145,,0.00,is_current false->true (content absent from current extraction)
80146,,0.00,is_current false->true (content absent from current extraction)
80147,,0.00,is_current false->true (content absent from current extraction)
80148,,0.00,is_current false->true (content absent from current extraction)
80149,,0.00,is_current false->true (content absent from current extraction)
80150,,0.00,is_current false->true (content absent from current extraction)
80151,,0.00,is_current false->true (content absent from current extraction)
80152,,0.00,is_current false->true (content absent from current extraction)
80153,,0.00,is_current false->true (content absent from current extraction)
80154,,0.00,is_current false->true (content absent from current extraction)
80155,,0.00,is_current false->true (content absent from current extraction)
80156,,0.00,is_current false->true (content absent from current extraction)
80157,,0.00,is_current false->true (content absent from current extraction)
80158,,0.00,is_current false->true (content absent from current extraction)
80159,,0.00,is_current false->true (content absent from current extraction)
80160,,0.00,is_current false->true (content absent from current extraction)
80161,,0.00,is_current false->true (content absent from current extraction)
80162,,0.00,is_current false->true (content absent from current extraction)
80163,,0.00,is_current false->true (content absent from current extraction)
80164,,0.00,is_current false->true (content absent from current extraction)
80165,,0.00,is_current false->true (content absent from current extraction)
80166,,0.00,is_current false->true (content absent from current extraction)
80167,,0.00,is_current false->true (content absent from current extraction)
80168,,0.00,is_current false->true (content absent from current extraction)
80169,,0.00,is_current false->true (content absent from current extraction)
80170,,0.00,is_current false->true (content absent from current extraction)
80171,,0.00,is_current false->true (content absent from current extraction)
80172,,0.00,is_current false->true (content absent from current extraction)
80173,,0.00,is_current false->true (content absent from current extraction)
80174,,0.00,is_current false->true (content absent from current extraction)
80175,,0.00,is_current false->true (content absent from current extraction)
80176,,0.00,is_current false->true (content absent from current extraction)
80177,,0.00,is_current false->true (content absent from current extraction)
80178,,0.00,is_current false->true (content absent from current extraction)
80179,,0.00,is_current false->true (content absent from current extraction)
80180,,0.00,is_current false->true (content absent from current extraction)
80181,,0.00,is_current false->true (content absent from current extraction)
80182,,0.00,is_current false->true (content absent from current extraction)
80183,,0.00,is_current false->true (content absent from current extraction)
80184,,0.00,is_current false->true (content absent from current extraction)
80185,,0.00,is_current false->true (content absent from current extraction)
80186,,0.00,is_current false->true (content absent from current extraction)
80187,,0.00,is_current false->true (content absent from current extraction)
80188,,0.00,is_current false->true (content absent from current extraction)
80189,,0.00,is_current false->true (content absent from current extraction)
80190,,0.00,is_current false->true (content absent from current extraction)
80191,,0.00,is_current false->true (content absent from current extraction)
80192,,0.00,is_current false->true (content absent from current extraction)
80193,,0.00,is_current false->true (content absent from current extraction)
80194,,0.00,is_current false->true (content absent from current extraction)
80195,,0.00,is_current false->true (content absent from current extraction)
80196,,0.00,is_current false->true (content absent from current extraction)
80197,,0.00,is_current false->true (content absent from current extraction)
80198,,0.00,is_current false->true (content absent from current extraction)
80199,,0.00,is_current false->true (content absent from current extraction)
80200,,0.00,is_current false->true (content absent from current extraction)
80201,,0.00,is_current false->true (content absent from current extraction)
80202,,0.00,is_current false->true (content absent from current extraction)
80203,,0.00,is_current false->true (content absent from current extraction)
80204,,0.00,is_current false->true (content absent from current extraction)
80205,,0.00,is_current false->true (content absent from current extraction)
80206,,0.00,is_current false->true (content absent from current extraction)
80207,,0.00,is_current false->true (content absent from current extraction)
80208,,0.00,is_current false->true (content absent from current extraction)
80209,,0.00,is_current false->true (content absent from current extraction)
80210,,0.00,is_current false->true (content absent from current extraction)
80211,,0.00,is_current false->true (content absent from current extraction)
80214,,0.00,is_current false->true (content absent from current extraction)
80215,,0.00,is_current false->true (content absent from current extraction)
80216,,0.00,is_current false->true (content absent from current extraction)
80217,,0.00,is_current false->true (content absent from current extraction)
80218,,0.00,is_current false->true (content absent from current extraction)
80219,,0.00,is_current false->true (content absent from current extraction)
80220,,0.00,is_current false->true (content absent from current extraction)
80221,,0.00,is_current false->true (content absent from current extraction)
80222,,0.00,is_current false->true (content absent from current extraction)
80223,,0.00,is_current false->true (content absent from current extraction)
80224,,0.00,is_current false->true (content absent from current extraction)
80225,,0.00,is_current false->true (content absent from current extraction)
80226,,0.00,is_current false->true (content absent from current extraction)
80227,,0.00,is_current false->true (content absent from current extraction)
80228,,0.00,is_current false->true (content absent from current extraction)
80229,,0.00,is_current false->true (content absent from current extraction)
80230,,0.00,is_current false->true (content absent from current extraction)
80231,,0.00,is_current false->true (content absent from current extraction)
80232,,0.00,is_current false->true (content absent from current extraction)
80233,,0.00,is_current false->true (content absent from current extraction)
80234,,0.00,is_current false->true (content absent from current extraction)
80235,,0.00,is_current false->true (content absent from current extraction)
80236,,0.00,is_current false->true (content absent from current extraction)
80237,,0.00,is_current false->true (content absent from current extraction)
80238,,0.00,is_current false->true (content absent from current extraction)
80239,,0.00,is_current false->true (content absent from current extraction)
80240,,0.00,is_current false->true (content absent from current extraction)
80241,,0.00,is_current false->true (content absent from current extraction)
80242,,0.00,is_current false->true (content absent from current extraction)
80243,,0.00,is_current false->true (content absent from current extraction)
80244,,0.00,is_current false->true (content absent from current extraction)
80245,,0.00,is_current false->true (content absent from current extraction)
80246,,0.00,is_current false->true (content absent from current extraction)
80247,,0.00,is_current false->true (content absent from current extraction)
80248,,0.00,is_current false->true (content absent from current extraction)
80249,,0.00,is_current false->true (content absent from current extraction)
80250,,0.00,is_current false->true (content absent from current extraction)
80251,,0.00,is_current false->true (content absent from current extraction)
80252,,0.00,is_current false->true (content absent from current extraction)
80253,,0.00,is_current false->true (content absent from current extraction)
80254,,0.00,is_current false->true (content absent from current extraction)
80255,,0.00,is_current false->true (content absent from current extraction)
80256,,0.00,is_current false->true (content absent from current extraction)
80257,,0.00,is_current false->true (content absent from current extraction)
80258,,0.00,is_current false->true (content absent from current extraction)
80259,,0.00,is_current false->true (content absent from current extraction)
80260,,0.00,is_current false->true (content absent from current extraction)
80261,,0.00,is_current false->true (content absent from current extraction)
80262,,0.00,is_current false->true (content absent from current extraction)
80263,,0.00,is_current false->true (content absent from current extraction)
80264,,0.00,is_current false->true (content absent from current extraction)
80265,,0.00,is_current false->true (content absent from current extraction)
80266,,0.00,is_current false->true (content absent from current extraction)
80267,,0.00,is_current false->true (content absent from current extraction)
80268,,0.00,is_current false->true (content absent from current extraction)
80269,,0.00,is_current false->true (content absent from current extraction)
80270,,0.00,is_current false->true (content absent from current extraction)
80271,,0.00,is_current false->true (content absent from current extraction)
80272,,0.00,is_current false->true (content absent from current extraction)
80273,,0.00,is_current false->true (content absent from current extraction)
80274,,0.00,is_current false->true (content absent from current extraction)
80275,,0.00,is_current false->true (content absent from current extraction)
80276,,0.00,is_current false->true (content absent from current extraction)
80277,,0.00,is_current false->true (content absent from current extraction)
80278,,0.00,is_current false->true (content absent from current extraction)
80279,,0.00,is_current false->true (content absent from current extraction)
80280,,0.00,is_current false->true (content absent from current extraction)
80281,,0.00,is_current false->true (content absent from current extraction)
80282,,0.00,is_current false->true (content absent from current extraction)
80283,,0.00,is_current false->true (content absent from current extraction)
80284,,0.00,is_current false->true (content absent from current extraction)
80285,,0.00,is_current false->true (content absent from current extraction)
80286,,0.00,is_current false->true (content absent from current extraction)
80287,,0.00,is_current false->true (content absent from current extraction)
80288,,0.00,is_current false->true (content absent from current extraction)
80289,,0.00,is_current false->true (content absent from current extraction)
80290,,0.00,is_current false->true (content absent from current extraction)
80291,,0.00,is_current false->true (content absent from current extraction)
80292,,0.00,is_current false->true (content absent from current extraction)
80293,,0.00,is_current false->true (content absent from current extraction)
80294,,0.00,is_current false->true (content absent from current extraction)
80295,,0.00,is_current false->true (content absent from current extraction)
80296,,0.00,is_current false->true (content absent from current extraction)
80297,,0.00,is_current false->true (content absent from current extraction)
80298,,0.00,is_current false->true (content absent from current extraction)
80299,,0.00,is_current false->true (content absent from current extraction)
80300,,0.00,is_current false->true (content absent from current extraction)
80301,,0.00,is_current false->true (content absent from current extraction)
80302,,0.00,is_current false->true (content absent from current extraction)
80303,,0.00,is_current false->true (content absent from current extraction)
80304,,0.00,is_current false->true (content absent from current extraction)
80305,,0.00,is_current false->true (content absent from current extraction)
80306,,0.00,is_current false->true (content absent from current extraction)
80307,,0.00,is_current false->true (content absent from current extraction)
80308,,0.00,is_current false->true (content absent from current extraction)
80309,,0.00,is_current false->true (content absent from current extraction)
80310,,0.00,is_current false->true (content absent from current extraction)
80311,,0.00,is_current false->true (content absent from current extraction)
80312,,0.00,is_current false->true (content absent from current extraction)
80313,,0.00,is_current false->true (content absent from current extraction)
80314,,0.00,is_current false->true (content absent from current extraction)
80315,,0.00,is_current false->true (content absent from current extraction)
80316,,0.00,is_current false->true (content absent from current extraction)
80317,,0.00,is_current false->true (content absent from current extraction)
80318,,0.00,is_current false->true (content absent from current extraction)
80319,,0.00,is_current false->true (content absent from current extraction)
80320,,0.00,is_current false->true (content absent from current extraction)
80321,,0.00,is_current false->true (content absent from current extraction)
80322,,0.00,is_current false->true (content absent from current extraction)
80323,,0.00,is_current false->true (content absent from current extraction)
80324,,0.00,is_current false->true (content absent from current extraction)
80325,,0.00,is_current false->true (content absent from current extraction)
80326,,0.00,is_current false->true (content absent from current extraction)
80327,,0.00,is_current false->true (content absent from current extraction)
80328,,0.00,is_current false->true (content absent from current extraction)
80329,,0.00,is_current false->true (content absent from current extraction)
80330,,0.00,is_current false->true (content absent from current extraction)
80331,,0.00,is_current false->true (content absent from current extraction)
80332,,0.00,is_current false->true (content absent from current extraction)
80333,,0.00,is_current false->true (content absent from current extraction)
80334,,0.00,is_current false->true (content absent from current extraction)
80335,,0.00,is_current false->true (content absent from current extraction)
80336,,0.00,is_current false->true (content absent from current extraction)
80337,,0.00,is_current false->true (content absent from current extraction)
80338,,0.00,is_current false->true (content absent from current extraction)
80339,,0.00,is_current false->true (content absent from current extraction)
80340,,0.00,is_current false->true (content absent from current extraction)
80341,,0.00,is_current false->true (content absent from current extraction)
80342,,0.00,is_current false->true (content absent from current extraction)
80343,,0.00,is_current false->true (content absent from current extraction)
80344,,0.00,is_current false->true (content absent from current extraction)
80345,,0.00,is_current false->true (content absent from current extraction)
80346,,0.00,is_current false->true (content absent from current extraction)
80347,,0.00,is_current false->true (content absent from current extraction)
80348,,0.00,is_current false->true (content absent from current extraction)
80349,,0.00,is_current false->true (content absent from current extraction)
80350,,0.00,is_current false->true (content absent from current extraction)
80351,,0.00,is_current false->true (content absent from current extraction)
80352,,0.00,is_current false->true (content absent from current extraction)
80353,,0.00,is_current false->true (content absent from current extraction)
80354,,0.00,is_current false->true (content absent from current extraction)
80355,,0.00,is_current false->true (content absent from current extraction)
80356,,0.00,is_current false->true (content absent from current extraction)
80357,,0.00,is_current false->true (content absent from current extraction)
80358,,0.00,is_current false->true (content absent from current extraction)
80359,,0.00,is_current false->true (content absent from current extraction)
80360,,0.00,is_current false->true (content absent from current extraction)
80361,,0.00,is_current false->true (content absent from current extraction)
80362,,0.00,is_current false->true (content absent from current extraction)
80363,,0.00,is_current false->true (content absent from current extraction)
80364,,0.00,is_current false->true (content absent from current extraction)
80365,,0.00,is_current false->true (content absent from current extraction)
80366,,0.00,is_current false->true (content absent from current extraction)
80367,,0.02,is_current false->true (content absent from current extraction)
85841,,0.00,is_current false->true (content absent from current extraction)
85842,,0.00,is_current false->true (content absent from current extraction)
85843,,0.01,is_current false->true (content absent from current extraction)
85844,,0.01,is_current false->true (content absent from current extraction)
85845,,0.25,is_current false->true (content absent from current extraction)
85846,,0.00,is_current false->true (content absent from current extraction)
86009,,0.00,is_current false->true (content absent from current extraction)
86010,,0.00,is_current false->true (content absent from current extraction)
86011,,0.00,is_current false->true (content absent from current extraction)
86012,,0.00,is_current false->true (content absent from current extraction)
86013,,0.00,is_current false->true (content absent from current extraction)
86014,,0.00,is_current false->true (content absent from current extraction)
86015,,0.00,is_current false->true (content absent from current extraction)
86016,,0.00,is_current false->true (content absent from current extraction)
86017,,0.00,is_current false->true (content absent from current extraction)
86018,,0.00,is_current false->true (content absent from current extraction)
86019,,0.00,is_current false->true (content absent from current extraction)
86020,,0.00,is_current false->true (content absent from current extraction)
86022,,0.01,is_current false->true (content absent from current extraction)
86023,,0.01,is_current false->true (content absent from current extraction)
86024,,0.00,is_current false->true (content absent from current extraction)
86025,,0.00,is_current false->true (content absent from current extraction)
86026,,0.01,is_current false->true (content absent from current extraction)
86027,,0.00,is_current false->true (content absent from current extraction)
86028,,0.00,is_current false->true (content absent from current extraction)
86029,,0.01,is_current false->true (content absent from current extraction)
86030,,0.00,is_current false->true (content absent from current extraction)
86031,,0.00,is_current false->true (content absent from current extraction)
86032,,0.00,is_current false->true (content absent from current extraction)
86033,,0.00,is_current false->true (content absent from current extraction)
86034,,0.00,is_current false->true (content absent from current extraction)
86035,,0.00,is_current false->true (content absent from current extraction)
86102,,0.00,is_current false->true (content absent from current extraction)
86103,,0.00,is_current false->true (content absent from current extraction)
86104,,0.00,is_current false->true (content absent from current extraction)
86105,,0.02,is_current false->true (content absent from current extraction)
86106,,0.00,is_current false->true (content absent from current extraction)
86107,,0.00,is_current false->true (content absent from current extraction)
86108,,0.00,is_current false->true (content absent from current extraction)
86109,,0.01,is_current false->true (content absent from current extraction)
86110,,0.00,is_current false->true (content absent from current extraction)
86111,,0.00,is_current false->true (content absent from current extraction)
86112,,0.00,is_current false->true (content absent from current extraction)
86113,,0.00,is_current false->true (content absent from current extraction)
86114,,0.00,is_current false->true (content absent from current extraction)
86115,,0.00,is_current false->true (content absent from current extraction)
86116,,0.00,is_current false->true (content absent from current extraction)
86117,,0.00,is_current false->true (content absent from current extraction)
86118,,0.00,is_current false->true (content absent from current extraction)
86119,,0.00,is_current false->true (content absent from current extraction)
86120,,0.00,is_current false->true (content absent from current extraction)
86121,,0.00,is_current false->true (content absent from current extraction)
86122,,0.00,is_current false->true (content absent from current extraction)
86123,,0.00,is_current false->true (content absent from current extraction)
86124,,0.00,is_current false->true (content absent from current extraction)
86125,,0.00,is_current false->true (content absent from current extraction)
86126,,0.00,is_current false->true (content absent from current extraction)
86127,,0.00,is_current false->true (content absent from current extraction)
86128,,0.06,is_current false->true (content absent from current extraction)
86129,,0.00,is_current false->true (content absent from current extraction)
86130,,0.00,is_current false->true (content absent from current extraction)
86131,,0.00,is_current false->true (content absent from current extraction)
86132,,0.00,is_current false->true (content absent from current extraction)
86133,,0.00,is_current false->true (content absent from current extraction)
86134,,0.00,is_current false->true (content absent from current extraction)
86135,,0.00,is_current false->true (content absent from current extraction)
86136,,0.00,is_current false->true (content absent from current extraction)
86137,,0.00,is_current false->true (content absent from current extraction)
86138,,0.00,is_current false->true (content absent from current extraction)
86139,,0.00,is_current false->true (content absent from current extraction)
86140,,0.00,is_current false->true (content absent from current extraction)
86141,,0.00,is_current false->true (content absent from current extraction)
86142,,0.00,is_current false->true (content absent from current extraction)
86143,,0.00,is_current false->true (content absent from current extraction)
86145,,0.00,is_current false->true (content absent from current extraction)
86146,,0.00,is_current false->true (content absent from current extraction)
86147,,0.01,is_current false->true (content absent from current extraction)
86148,,0.00,is_current false->true (content absent from current extraction)
86149,,0.00,is_current false->true (content absent from current extraction)
86150,,0.00,is_current false->true (content absent from current extraction)
86151,,0.00,is_current false->true (content absent from current extraction)
86152,,0.00,is_current false->true (content absent from current extraction)
86153,,0.21,is_current false->true (content absent from current extraction)
86154,,0.00,is_current false->true (content absent from current extraction)
86155,,0.06,is_current false->true (content absent from current extraction)
86156,,0.01,is_current false->true (content absent from current extraction)
86157,,0.00,is_current false->true (content absent from current extraction)
86158,,0.01,is_current false->true (content absent from current extraction)
86159,,0.00,is_current false->true (content absent from current extraction)
86160,,0.01,is_current false->true (content absent from current extraction)
86161,,0.00,is_current false->true (content absent from current extraction)
86162,,0.02,is_current false->true (content absent from current extraction)
86163,,0.00,is_current false->true (content absent from current extraction)
86164,,0.00,is_current false->true (content absent from current extraction)
86165,,0.00,is_current false->true (content absent from current extraction)
86166,,0.00,is_current false->true (content absent from current extraction)
86167,,0.00,is_current false->true (content absent from current extraction)
86168,,0.00,is_current false->true (content absent from current extraction)
86169,,0.00,is_current false->true (content absent from current extraction)
86170,,0.00,is_current false->true (content absent from current extraction)
86171,,0.00,is_current false->true (content absent from current extraction)
86172,,0.00,is_current false->true (content absent from current extraction)
86173,,0.00,is_current false->true (content absent from current extraction)
86174,,0.00,is_current false->true (content absent from current extraction)
86176,,0.00,is_current false->true (content absent from current extraction)
86177,,0.00,is_current false->true (content absent from current extraction)
86178,,0.00,is_current false->true (content absent from current extraction)
86179,,0.00,is_current false->true (content absent from current extraction)
86180,,0.00,is_current false->true (content absent from current extraction)
86769,2_,0.00,is_current false->true (content absent from current extraction)
86770,2_,0.00,is_current false->true (content absent from current extraction)
86771,2_,0.00,is_current false->true (content absent from current extraction)
86772,2_,0.00,is_current false->true (content absent from current extraction)
86773,2_,0.00,is_current false->true (content absent from current extraction)
86774,2_,0.00,is_current false->true (content absent from current extraction)
86775,2_,0.00,is_current false->true (content absent from current extraction)
86881,36_,0.00,is_current false->true (content absent from current extraction)
86882,36_,0.00,is_current false->true (content absent from current extraction)
86883,36_,0.00,is_current false->true (content absent from current extraction)
86884,36_,0.01,is_current false->true (content absent from current extraction)
86885,36_,0.00,is_current false->true (content absent from current extraction)
86886,36_,0.00,is_current false->true (content absent from current extraction)
86887,36_,0.00,is_current false->true (content absent from current extraction)
86888,36_,0.00,is_current false->true (content absent from current extraction)
86889,36_,0.00,is_current false->true (content absent from current extraction)
86890,36_,0.00,is_current false->true (content absent from current extraction)
86891,,0.00,is_current false->true (content absent from current extraction)
86892,,0.00,is_current false->true (content absent from current extraction)
86893,36_,0.00,is_current false->true (content absent from current extraction)
86900,38_,0.00,is_current false->true (content absent from current extraction)
86901,38_,0.00,is_current false->true (content absent from current extraction)
86902,38_,0.00,is_current false->true (content absent from current extraction)
86903,38_,0.00,is_current false->true (content absent from current extraction)
86904,38_,0.00,is_current false->true (content absent from current extraction)
86905,38_,0.00,is_current false->true (content absent from current extraction)
86906,38_,0.00,is_current false->true (content absent from current extraction)
86907,38_,0.00,is_current false->true (content absent from current extraction)
86908,38_,0.00,is_current false->true (content absent from current extraction)
86909,38_,0.00,is_current false->true (content absent from current extraction)
86910,38_,0.00,is_current false->true (content absent from current extraction)
86911,,0.00,is_current false->true (content absent from current extraction)
86912,,0.00,is_current false->true (content absent from current extraction)
86924,40_,0.00,is_current false->true (content absent from current extraction)
86925,40_,0.00,is_current false->true (content absent from current extraction)
86926,40_,0.00,is_current false->true (content absent from current extraction)
86927,40_,0.01,is_current false->true (content absent from current extraction)
86928,40_,0.00,is_current false->true (content absent from current extraction)
86929,40_,0.00,is_current false->true (content absent from current extraction)
86930,40_,0.00,is_current false->true (content absent from current extraction)
86931,40_,0.00,is_current false->true (content absent from current extraction)
86932,40_,0.00,is_current false->true (content absent from current extraction)
86933,40_,0.00,is_current false->true (content absent from current extraction)
86934,40_,0.00,is_current false->true (content absent from current extraction)
86935,,0.00,is_current false->true (content absent from current extraction)
86936,40_,0.00,is_current false->true (content absent from current extraction)
86937,40_,0.00,is_current false->true (content absent from current extraction)
86938,,0.00,is_current false->true (content absent from current extraction)
86939,40_,0.00,is_current false->true (content absent from current extraction)
86940,40_,0.00,is_current false->true (content absent from current extraction)
86941,,0.00,is_current false->true (content absent from current extraction)
86942,40_,0.00,is_current false->true (content absent from current extraction)
86943,40_,0.00,is_current false->true (content absent from current extraction)
86944,,0.00,is_current false->true (content absent from current extraction)
86945,,0.00,is_current false->true (content absent from current extraction)
86946,40_,0.00,is_current false->true (content absent from current extraction)
86947,40_,0.00,is_current false->true (content absent from current extraction)
86948,,0.00,is_current false->true (content absent from current extraction)
86949,40_,0.00,is_current false->true (content absent from current extraction)
86950,40_,0.00,is_current false->true (content absent from current extraction)
86951,,0.00,is_current false->true (content absent from current extraction)
86952,40_,0.00,is_current false->true (content absent from current extraction)
86953,40_,0.00,is_current false->true (content absent from current extraction)
86954,,0.00,is_current false->true (content absent from current extraction)
86955,40_,0.00,is_current false->true (content absent from current extraction)
86956,40_,0.00,is_current false->true (content absent from current extraction)
86957,40_,0.00,is_current false->true (content absent from current extraction)
86958,40_,0.02,is_current false->true (content absent from current extraction)
86959,40_,0.01,is_current false->true (content absent from current extraction)
86960,40_,0.00,is_current false->true (content absent from current extraction)
86961,40_,0.00,is_current false->true (content absent from current extraction)
86962,40_,0.00,is_current false->true (content absent from current extraction)
87138,,0.00,is_current false->true (content absent from current extraction)
87139,,0.00,is_current false->true (content absent from current extraction)
87140,,0.00,is_current false->true (content absent from current extraction)
87141,,0.00,is_current false->true (content absent from current extraction)
87142,,0.00,is_current false->true (content absent from current extraction)
87227,Part 1,0.79,is_current false->true (content absent from current extraction)
87229,Part 1,0.00,is_current false->true (content absent from current extraction)
87230,,0.00,is_current false->true (content absent from current extraction)
87231,Part 1,0.00,is_current false->true (content absent from current extraction)
87233,Part 1,0.09,is_current false->true (content absent from current extraction)
87234,Part 1,0.00,is_current false->true (content absent from current extraction)
87235,Part 1,0.00,is_current false->true (content absent from current extraction)
87245,,0.50,is_current false->true (content absent from current extraction)
87246,Part 1,0.56,is_current false->true (content absent from current extraction)
87265,,0.00,is_current false->true (content absent from current extraction)
87273,Part 2,0.12,is_current false->true (content absent from current extraction)
87274,Part 2,0.24,is_current false->true (content absent from current extraction)
87275,,0.00,is_current false->true (content absent from current extraction)
87289,,0.00,is_current false->true (content absent from current extraction)
87297,Part 3,0.00,is_current false->true (content absent from current extraction)
87298,Part 3,0.64,is_current false->true (content absent from current extraction)
87299,Part 3,0.44,is_current false->true (content absent from current extraction)
87303,Part 3,0.00,is_current false->true (content absent from current extraction)
87304,Part 3,0.00,is_current false->true (content absent from current extraction)
87306,Part 3,0.67,is_current false->true (content absent from current extraction)
87310,Part 3,0.60,is_current false->true (content absent from current extraction)
87311,Part 3,0.45,is_current false->true (content absent from current extraction)
87320,,0.00,is_current false->true (content absent from current extraction)
87321,Part 4,0.00,is_current false->true (content absent from current extraction)
87329,Part 4,0.78,is_current false->true (content absent from current extraction)
87331,Part 4,0.20,is_current false->true (content absent from current extraction)
87332,Part 4,0.00,is_current false->true (content absent from current extraction)
87333,,0.00,is_current false->true (content absent from current extraction)
87334,Part 4,0.00,is_current false->true (content absent from current extraction)
87336,Part 4,0.25,is_current false->true (content absent from current extraction)
87337,Part 4,0.00,is_current false->true (content absent from current extraction)
87349,Part 4,0.00,is_current false->true (content absent from current extraction)
87352,Part 6,0.00,is_current false->true (content absent from current extraction)
87360,Part 6,0.53,is_current false->true (content absent from current extraction)
87371,Part 6,0.00,is_current false->true (content absent from current extraction)
87391,Part 6,0.69,is_current false->true (content absent from current extraction)
87393,Part 6,0.00,is_current false->true (content absent from current extraction)
87400,,0.00,is_current false->true (content absent from current extraction)
87401,Part 6,0.00,is_current false->true (content absent from current extraction)
87402,Part 6,0.00,is_current false->true (content absent from current extraction)
87403,,0.00,is_current false->true (content absent from current extraction)
87404,,0.00,is_current false->true (content absent from current extraction)
87405,Part 6,0.00,is_current false->true (content absent from current extraction)
87409,Part 6,0.65,is_current false->true (content absent from current extraction)
87410,Part 6,0.00,is_current false->true (content absent from current extraction)
87411,,0.00,is_current false->true (content absent from current extraction)
87413,Part 6,0.00,is_current false->true (content absent from current extraction)
87414,Part 6,0.00,is_current false->true (content absent from current extraction)
87415,Part 6,0.00,is_current false->true (content absent from current extraction)
87417,Part 6,0.00,is_current false->true (content absent from current extraction)
87435,,0.00,is_current false->true (content absent from current extraction)
87436,Part 8,0.00,is_current false->true (content absent from current extraction)
87437,Part 8,0.00,is_current false->true (content absent from current extraction)
87445,Part 8,0.15,is_current false->true (content absent from current extraction)
87448,Part 8,0.38,is_current false->true (content absent from current extraction)
87450,,0.00,is_current false->true (content absent from current extraction)
87451,Part 9,0.00,is_current false->true (content absent from current extraction)
87452,Part 9,0.00,is_current false->true (content absent from current extraction)
87453,Part 9,0.00,is_current false->true (content absent from current extraction)
87454,,0.00,is_current false->true (content absent from current extraction)
87456,Part 9,0.20,is_current false->true (content absent from current extraction)
87471,Part 9,0.00,is_current false->true (content absent from current extraction)
