hca_code,id,ref_number,action
C1,94903,Inner_West_Ashfield_DCP_2016__chapter_e1_heritage__E1-Heritage_objectives_C1,"is_current false->true (HCA-statement row, KEY PERIOD signature; completes 27+22=49)"
C2,94904,Inner_West_Ashfield_DCP_2016__chapter_e1_heritage__E1-Heritage_objectives_C2,"is_current false->true (HCA-statement row, KEY PERIOD signature; completes 27+22=49)"
C3,94905,Inner_West_Ashfield_DCP_2016__chapter_e1_heritage__E1-Heritage_objectives_C3,"is_current false->true (HCA-statement row, KEY PERIOD signature; completes 27+22=49)"
C4,94906,Inner_West_Ashfield_DCP_2016__chapter_e1_heritage__E1-Heritage_objectives_C4,"is_current false->true (HCA-statement row, KEY PERIOD signature; completes 27+22=49)"
C5,94907,Inner_West_Ashfield_DCP_2016__chapter_e1_heritage__E1-Heritage_objectives_C5,"is_current false->true (HCA-statement row, KEY PERIOD signature; completes 27+22=49)"
C6,94908,Inner_West_Ashfield_DCP_2016__chapter_e1_heritage__E1-Heritage_objectives_C6,"is_current false->true (HCA-statement row, KEY PERIOD signature; completes 27+22=49)"
C7,94760,Inner_West_Ashfield_DCP_2016__chapter_e1_heritage__E1-Heritage_objectives_C7,"is_current false->true (HCA-statement row, KEY PERIOD signature; completes 27+22=49)"
C9,94910,Inner_West_Ashfield_DCP_2016__chapter_e1_heritage__E1-Heritage_objectives_C9,"is_current false->true (HCA-statement row, KEY PERIOD signature; completes 27+22=49)"
C10,94911,Inner_West_Ashfield_DCP_2016__chapter_e1_heritage__E1-Heritage_objectives_C10,"is_current false->true (HCA-statement row, KEY PERIOD signature; completes 27+22=49)"
C11,94912,Inner_West_Ashfield_DCP_2016__chapter_e1_heritage__E1-Heritage_objectives_C11,"is_current false->true (HCA-statement row, KEY PERIOD signature; completes 27+22=49)"
C12,94913,Inner_West_Ashfield_DCP_2016__chapter_e1_heritage__E1-Heritage_objectives_C12,"is_current false->true (HCA-statement row, KEY PERIOD signature; completes 27+22=49)"
C13,94914,Inner_West_Ashfield_DCP_2016__chapter_e1_heritage__E1-Heritage_objectives_C13,"is_current false->true (HCA-statement row, KEY PERIOD signature; completes 27+22=49)"
C14,94915,Inner_West_Ashfield_DCP_2016__chapter_e1_heritage__E1-Heritage_objectives_C14,"is_current false->true (HCA-statement row, KEY PERIOD signature; completes 27+22=49)"
C16,94917,Inner_West_Ashfield_DCP_2016__chapter_e1_heritage__E1-Heritage_objectives_C16,"is_current false->true (HCA-statement row, KEY PERIOD signature; completes 27+22=49)"
C17,94918,Inner_West_Ashfield_DCP_2016__chapter_e1_heritage__E1-Heritage_objectives_C17,"is_current false->true (HCA-statement row, KEY PERIOD signature; completes 27+22=49)"
C18,94919,Inner_West_Ashfield_DCP_2016__chapter_e1_heritage__E1-Heritage_objectives_C18,"is_current false->true (HCA-statement row, KEY PERIOD signature; completes 27+22=49)"
C23,94923,Inner_West_Ashfield_DCP_2016__chapter_e1_heritage__E1-Heritage_objectives_C23,"is_current false->true (HCA-statement row, KEY PERIOD signature; completes 27+22=49)"
C24,94924,Inner_West_Ashfield_DCP_2016__chapter_e1_heritage__E1-Heritage_objectives_C24,"is_current false->true (HCA-statement row, KEY PERIOD signature; completes 27+22=49)"
C28,94927,Inner_West_Ashfield_DCP_2016__chapter_e1_heritage__E1-Heritage_objectives_C28,"is_current false->true (HCA-statement row, KEY PERIOD signature; completes 27+22=49)"
C29,94928,Inner_West_Ashfield_DCP_2016__chapter_e1_heritage__E1-Heritage_objectives_C29,"is_current false->true (HCA-statement row, KEY PERIOD signature; completes 27+22=49)"
C51,94947,Inner_West_Ashfield_DCP_2016__chapter_e1_heritage__E1-Heritage_objectives_C51,"is_current false->true (HCA-statement row, KEY PERIOD signature; completes 27+22=49)"
C52,94948,Inner_West_Ashfield_DCP_2016__chapter_e1_heritage__E1-Heritage_objectives_C52,"is_current false->true (HCA-statement row, KEY PERIOD signature; completes 27+22=49)"
