id,ref_number,pid_before,pid_after,evidence
109931,Inner_West_Ashfield_DCP_2016__chapter_d_precinct_guidelines__D1 O2,,Part 1,full/heading/shingle text located only in this Part's pages
109933,Inner_West_Ashfield_DCP_2016__chapter_d_precinct_guidelines__D1 O4,,Part 1,full/heading/shingle text located only in this Part's pages
109934,Inner_West_Ashfield_DCP_2016__chapter_d_precinct_guidelines__D1 O5,,Part 1,full/heading/shingle text located only in this Part's pages
109937,Inner_West_Ashfield_DCP_2016__chapter_d_precinct_guidelines__D1 O8,,Part 1,full/heading/shingle text located only in this Part's pages
109955,Inner_West_Ashfield_DCP_2016__chapter_d_precinct_guidelines__D1 DS1_2,,Part 1,full/heading/shingle text located only in this Part's pages
109956,Inner_West_Ashfield_DCP_2016__chapter_d_precinct_guidelines__D1 DS1_3,,Part 1,full/heading/shingle text located only in this Part's pages
109957,Inner_West_Ashfield_DCP_2016__chapter_d_precinct_guidelines__D1 DS1_4,,Part 1,full/heading/shingle text located only in this Part's pages
109959,Inner_West_Ashfield_DCP_2016__chapter_d_precinct_guidelines__D1 DS1_6,,Part 1,full/heading/shingle text located only in this Part's pages
109960,Inner_West_Ashfield_DCP_2016__chapter_d_precinct_guidelines__D1 DS1_7,,Part 1,full/heading/shingle text located only in this Part's pages
109963,Inner_West_Ashfield_DCP_2016__chapter_d_precinct_guidelines__D1 DS2_1,,Part 1,full/heading/shingle text located only in this Part's pages
109964,Inner_West_Ashfield_DCP_2016__chapter_d_precinct_guidelines__D1 DS2_2,,Part 1,full/heading/shingle text located only in this Part's pages
109965,Inner_West_Ashfield_DCP_2016__chapter_d_precinct_guidelines__D1 DS2_3,,Part 1,full/heading/shingle text located only in this Part's pages
109969,Inner_West_Ashfield_DCP_2016__chapter_d_precinct_guidelines__D1 DS2_7,,Part 1,full/heading/shingle text located only in this Part's pages
109970,Inner_West_Ashfield_DCP_2016__chapter_d_precinct_guidelines__D1 DS2_8,,Part 1,full/heading/shingle text located only in this Part's pages
109971,Inner_West_Ashfield_DCP_2016__chapter_d_precinct_guidelines__D1 DS2_9,,Part 1,full/heading/shingle text located only in this Part's pages
109972,Inner_West_Ashfield_DCP_2016__chapter_d_precinct_guidelines__D1 DS2_10,,Part 1,full/heading/shingle text located only in this Part's pages
109973,Inner_West_Ashfield_DCP_2016__chapter_d_precinct_guidelines__D1 DS2_11,,Part 1,full/heading/shingle text located only in this Part's pages
109979,Inner_West_Ashfield_DCP_2016__chapter_d_precinct_guidelines__DS3_5,,Part 1,full/heading/shingle text located only in this Part's pages
109985,Inner_West_Ashfield_DCP_2016__chapter_d_precinct_guidelines__PC4_1,,Part 1,full/heading/shingle text located only in this Part's pages
109987,Inner_West_Ashfield_DCP_2016__chapter_d_precinct_guidelines__DS4_2,,Part 1,full/heading/shingle text located only in this Part's pages
109992,Inner_West_Ashfield_DCP_2016__chapter_d_precinct_guidelines__DS4_7,,Part 1,full/heading/shingle text located only in this Part's pages
109995,Inner_West_Ashfield_DCP_2016__chapter_d_precinct_guidelines__DS4_9,,Part 1,full/heading/shingle text located only in this Part's pages
110005,Inner_West_Ashfield_DCP_2016__chapter_d_precinct_guidelines__PC6_1,,Part 1,full/heading/shingle text located only in this Part's pages
110013,Inner_West_Ashfield_DCP_2016__chapter_d_precinct_guidelines__DS7_3,,Part 1,full/heading/shingle text located only in this Part's pages
110014,Inner_West_Ashfield_DCP_2016__chapter_d_precinct_guidelines__DS7_4,,Part 1,full/heading/shingle text located only in this Part's pages
110015,Inner_West_Ashfield_DCP_2016__chapter_d_precinct_guidelines__DS7_5,,Part 1,full/heading/shingle text located only in this Part's pages
110018,Inner_West_Ashfield_DCP_2016__chapter_d_precinct_guidelines__DS7_7,,Part 1,full/heading/shingle text located only in this Part's pages
110021,Inner_West_Ashfield_DCP_2016__chapter_d_precinct_guidelines__DS7_10,,Part 1,full/heading/shingle text located only in this Part's pages
110025,Inner_West_Ashfield_DCP_2016__chapter_d_precinct_guidelines__C4_9 DS8_2,,Part 1,full/heading/shingle text located only in this Part's pages
110026,Inner_West_Ashfield_DCP_2016__chapter_d_precinct_guidelines__C4_9 DS8_3,,Part 1,full/heading/shingle text located only in this Part's pages
110028,Inner_West_Ashfield_DCP_2016__chapter_d_precinct_guidelines__C4_9 DS8_5,,Part 1,full/heading/shingle text located only in this Part's pages
110031,Inner_West_Ashfield_DCP_2016__chapter_d_precinct_guidelines__C4_9 DS8_8,,Part 1,full/heading/shingle text located only in this Part's pages
110039,Inner_West_Ashfield_DCP_2016__chapter_d_precinct_guidelines__C4_9 DS9_3,,Part 1,full/heading/shingle text located only in this Part's pages
110040,Inner_West_Ashfield_DCP_2016__chapter_d_precinct_guidelines__C4_9 PC9_3,,Part 1,full/heading/shingle text located only in this Part's pages
110043,Inner_West_Ashfield_DCP_2016__chapter_d_precinct_guidelines__C4_9 DS9_6,,Part 1,full/heading/shingle text located only in this Part's pages
110087,Inner_West_Ashfield_DCP_2016__chapter_d_precinct_guidelines__PC1_1,,Part 2,full/heading/shingle text located only in this Part's pages
110089,Inner_West_Ashfield_DCP_2016__chapter_d_precinct_guidelines__DS1_2,,Part 2,full/heading/shingle text located only in this Part's pages
110090,Inner_West_Ashfield_DCP_2016__chapter_d_precinct_guidelines__DS1_3,,Part 2,full/heading/shingle text located only in this Part's pages
110091,Inner_West_Ashfield_DCP_2016__chapter_d_precinct_guidelines__DS1_4,,Part 2,full/heading/shingle text located only in this Part's pages
110092,Inner_West_Ashfield_DCP_2016__chapter_d_precinct_guidelines__DS1_5,,Part 2,full/heading/shingle text located only in this Part's pages
110094,Inner_West_Ashfield_DCP_2016__chapter_d_precinct_guidelines__DS1_7,,Part 2,full/heading/shingle text located only in this Part's pages
110099,Inner_West_Ashfield_DCP_2016__chapter_d_precinct_guidelines__DS3_2,,Part 2,full/heading/shingle text located only in this Part's pages
110100,Inner_West_Ashfield_DCP_2016__chapter_d_precinct_guidelines__DS3_3,,Part 2,full/heading/shingle text located only in this Part's pages
110101,Inner_West_Ashfield_DCP_2016__chapter_d_precinct_guidelines__C4_9 PC4,,Part 2,full/heading/shingle text located only in this Part's pages
110105,Inner_West_Ashfield_DCP_2016__chapter_d_precinct_guidelines__C4_9 DS4_4,,Part 2,full/heading/shingle text located only in this Part's pages
110107,Inner_West_Ashfield_DCP_2016__chapter_d_precinct_guidelines__C4_9 PC5,,Part 2,full/heading/shingle text located only in this Part's pages
110108,Inner_West_Ashfield_DCP_2016__chapter_d_precinct_guidelines__C4_9 DS5_1,,Part 2,full/heading/shingle text located only in this Part's pages
110110,Inner_West_Ashfield_DCP_2016__chapter_d_precinct_guidelines__C4_9 DS5_3,,Part 2,full/heading/shingle text located only in this Part's pages
110111,Inner_West_Ashfield_DCP_2016__chapter_d_precinct_guidelines__C4_9 DS5_4,,Part 2,full/heading/shingle text located only in this Part's pages
110112,Inner_West_Ashfield_DCP_2016__chapter_d_precinct_guidelines__C4_9 PC6,,Part 2,full/heading/shingle text located only in this Part's pages
110113,Inner_West_Ashfield_DCP_2016__chapter_d_precinct_guidelines__C4_9 DS6_1,,Part 2,full/heading/shingle text located only in this Part's pages
110116,Inner_West_Ashfield_DCP_2016__chapter_d_precinct_guidelines__C4_9 DS6_4,,Part 2,full/heading/shingle text located only in this Part's pages
110118,Inner_West_Ashfield_DCP_2016__chapter_d_precinct_guidelines__C4_9 DS6_6,,Part 2,full/heading/shingle text located only in this Part's pages
110123,Inner_West_Ashfield_DCP_2016__chapter_d_precinct_guidelines__C4_9 DS7_2,,Part 2,full/heading/shingle text located only in this Part's pages
110124,Inner_West_Ashfield_DCP_2016__chapter_d_precinct_guidelines__C4_9 PC9,,Part 2,full/heading/shingle text located only in this Part's pages
110127,Inner_West_Ashfield_DCP_2016__chapter_d_precinct_guidelines__C4_9 DS10_5,,Part 2,full/heading/shingle text located only in this Part's pages
110131,Inner_West_Ashfield_DCP_2016__chapter_d_precinct_guidelines__DS1_10,,Part 3,full/heading/shingle text located only in this Part's pages
110133,Inner_West_Ashfield_DCP_2016__chapter_d_precinct_guidelines__DS1_12,,Part 3,full/heading/shingle text located only in this Part's pages
110135,Inner_West_Ashfield_DCP_2016__chapter_d_precinct_guidelines__DS1_14,,Part 3,full/heading/shingle text located only in this Part's pages
110138,Inner_West_Ashfield_DCP_2016__chapter_d_precinct_guidelines__DS1_17,,Part 3,full/heading/shingle text located only in this Part's pages
110140,Inner_West_Ashfield_DCP_2016__chapter_d_precinct_guidelines__DS2_1,,Part 3,full/heading/shingle text located only in this Part's pages
110143,Inner_West_Ashfield_DCP_2016__chapter_d_precinct_guidelines__DS2_4,,Part 3,full/heading/shingle text located only in this Part's pages
110145,Inner_West_Ashfield_DCP_2016__chapter_d_precinct_guidelines__PC3_1,,Part 3,full/heading/shingle text located only in this Part's pages
110150,Inner_West_Ashfield_DCP_2016__chapter_d_precinct_guidelines__DS5_8,,Part 3,full/heading/shingle text located only in this Part's pages
110156,Inner_West_Ashfield_DCP_2016__chapter_d_precinct_guidelines__PC9,,Part 3,full/heading/shingle text located only in this Part's pages
110157,Inner_West_Ashfield_DCP_2016__chapter_d_precinct_guidelines__DS9_1,,Part 3,full/heading/shingle text located only in this Part's pages
110158,Inner_West_Ashfield_DCP_2016__chapter_d_precinct_guidelines__DS9_2,,Part 3,full/heading/shingle text located only in this Part's pages
110159,Inner_West_Ashfield_DCP_2016__chapter_d_precinct_guidelines__DS9_3,,Part 3,full/heading/shingle text located only in this Part's pages
110160,Inner_West_Ashfield_DCP_2016__chapter_d_precinct_guidelines__DS9_4,,Part 3,full/heading/shingle text located only in this Part's pages
110162,Inner_West_Ashfield_DCP_2016__chapter_d_precinct_guidelines__DS9_6,,Part 3,full/heading/shingle text located only in this Part's pages
110163,Inner_West_Ashfield_DCP_2016__chapter_d_precinct_guidelines__DS9_7,,Part 3,full/heading/shingle text located only in this Part's pages
110164,Inner_West_Ashfield_DCP_2016__chapter_d_precinct_guidelines__DS9_8,,Part 3,full/heading/shingle text located only in this Part's pages
110165,Inner_West_Ashfield_DCP_2016__chapter_d_precinct_guidelines__PC10,,Part 3,full/heading/shingle text located only in this Part's pages
110166,Inner_West_Ashfield_DCP_2016__chapter_d_precinct_guidelines__DS10_1,,Part 3,full/heading/shingle text located only in this Part's pages
110168,Inner_West_Ashfield_DCP_2016__chapter_d_precinct_guidelines__DS10_3,,Part 3,full/heading/shingle text located only in this Part's pages
110169,Inner_West_Ashfield_DCP_2016__chapter_d_precinct_guidelines__DS10_4,,Part 3,full/heading/shingle text located only in this Part's pages
110170,Inner_West_Ashfield_DCP_2016__chapter_d_precinct_guidelines__DS10_5,,Part 3,full/heading/shingle text located only in this Part's pages
110173,Inner_West_Ashfield_DCP_2016__chapter_d_precinct_guidelines__DS10_8,,Part 3,full/heading/shingle text located only in this Part's pages
110174,Inner_West_Ashfield_DCP_2016__chapter_d_precinct_guidelines__PC11_1,,Part 3,full/heading/shingle text located only in this Part's pages
110177,Inner_West_Ashfield_DCP_2016__chapter_d_precinct_guidelines__DS11_3,,Part 3,full/heading/shingle text located only in this Part's pages
110178,Inner_West_Ashfield_DCP_2016__chapter_d_precinct_guidelines__PC11_2,,Part 3,full/heading/shingle text located only in this Part's pages
110181,Inner_West_Ashfield_DCP_2016__chapter_d_precinct_guidelines__DS11_6,,Part 3,full/heading/shingle text located only in this Part's pages
110191,Inner_West_Ashfield_DCP_2016__chapter_d_precinct_guidelines__C4_9 Purpose 1,,Part 4,full/heading/shingle text located only in this Part's pages
110196,Inner_West_Ashfield_DCP_2016__chapter_d_precinct_guidelines__C4_9 Purpose 6,,Part 4,full/heading/shingle text located only in this Part's pages
110201,Inner_West_Ashfield_DCP_2016__chapter_d_precinct_guidelines__C4_9 DS1_2,,Part 4,full/heading/shingle text located only in this Part's pages
110203,Inner_West_Ashfield_DCP_2016__chapter_d_precinct_guidelines__C4_9 DS2,,Part 4,full/heading/shingle text located only in this Part's pages
110205,Inner_West_Ashfield_DCP_2016__chapter_d_precinct_guidelines__C4_9 DS3_1,,Part 4,full/heading/shingle text located only in this Part's pages
110209,Inner_West_Ashfield_DCP_2016__chapter_d_precinct_guidelines__C4_9 DS5_6,,Part 4,full/heading/shingle text located only in this Part's pages
110214,Inner_West_Ashfield_DCP_2016__chapter_d_precinct_guidelines__C4_9 DS1_2 (Heritage),,Part 4,full/heading/shingle text located only in this Part's pages
110218,Inner_West_Ashfield_DCP_2016__chapter_d_precinct_guidelines__C4_9 PC2 (Heritage),,Part 4,full/heading/shingle text located only in this Part's pages
110222,Inner_West_Ashfield_DCP_2016__chapter_d_precinct_guidelines__C4_9 DS3_2 (Heritage),,Part 4,full/heading/shingle text located only in this Part's pages
110225,Inner_West_Ashfield_DCP_2016__chapter_d_precinct_guidelines__C4_9 DS4_2 (Heritage),,Part 4,full/heading/shingle text located only in this Part's pages
110226,Inner_West_Ashfield_DCP_2016__chapter_d_precinct_guidelines__C4_9 DS4_3 (Heritage),,Part 4,full/heading/shingle text located only in this Part's pages
110229,Inner_West_Ashfield_DCP_2016__chapter_d_precinct_guidelines__C4_9 PC5 (Heritage),,Part 4,full/heading/shingle text located only in this Part's pages
110236,Inner_West_Ashfield_DCP_2016__chapter_d_precinct_guidelines__C4_9 PC6 (Heritage),,Part 4,full/heading/shingle text located only in this Part's pages
110250,Inner_West_Ashfield_DCP_2016__chapter_d_precinct_guidelines__C4_9 O2,,Part 5,full/heading/shingle text located only in this Part's pages
110252,Inner_West_Ashfield_DCP_2016__chapter_d_precinct_guidelines__C4_9 O4,,Part 5,full/heading/shingle text located only in this Part's pages
110253,Inner_West_Ashfield_DCP_2016__chapter_d_precinct_guidelines__C4_9 O5,,Part 5,full/heading/shingle text located only in this Part's pages
110254,Inner_West_Ashfield_DCP_2016__chapter_d_precinct_guidelines__C4_9 O6,,Part 5,full/heading/shingle text located only in this Part's pages
110256,Inner_West_Ashfield_DCP_2016__chapter_d_precinct_guidelines__C1_1 DS1_1,,Part 5,full/heading/shingle text located only in this Part's pages
110258,Inner_West_Ashfield_DCP_2016__chapter_d_precinct_guidelines__C1_1 DS1_2,,Part 5,full/heading/shingle text located only in this Part's pages
110259,Inner_West_Ashfield_DCP_2016__chapter_d_precinct_guidelines__C1_1 PC1_3,,Part 5,full/heading/shingle text located only in this Part's pages
110260,Inner_West_Ashfield_DCP_2016__chapter_d_precinct_guidelines__C1_1 DS1_3,,Part 5,full/heading/shingle text located only in this Part's pages
110266,Inner_West_Ashfield_DCP_2016__chapter_d_precinct_guidelines__C1_1 DS3_2,,Part 5,full/heading/shingle text located only in this Part's pages
110271,Inner_West_Ashfield_DCP_2016__chapter_d_precinct_guidelines__C1_1 DS4_1,,Part 5,full/heading/shingle text located only in this Part's pages
110274,Inner_West_Ashfield_DCP_2016__chapter_d_precinct_guidelines__C1_1 DS4_3,,Part 5,full/heading/shingle text located only in this Part's pages
110278,Inner_West_Ashfield_DCP_2016__chapter_d_precinct_guidelines__C1_1 PC5_2,,Part 5,full/heading/shingle text located only in this Part's pages
110279,Inner_West_Ashfield_DCP_2016__chapter_d_precinct_guidelines__C1_1 DS5_3,,Part 5,full/heading/shingle text located only in this Part's pages
110285,Inner_West_Ashfield_DCP_2016__chapter_d_precinct_guidelines__C1_1 PC8,,Part 5,full/heading/shingle text located only in this Part's pages
110286,Inner_West_Ashfield_DCP_2016__chapter_d_precinct_guidelines__C1_1 DS8_1,,Part 5,full/heading/shingle text located only in this Part's pages
110289,Inner_West_Ashfield_DCP_2016__chapter_d_precinct_guidelines__C1_1 DS8_4,,Part 5,full/heading/shingle text located only in this Part's pages
110290,Inner_West_Ashfield_DCP_2016__chapter_d_precinct_guidelines__C1_1 DS8_5,,Part 5,full/heading/shingle text located only in this Part's pages
110297,Inner_West_Ashfield_DCP_2016__chapter_d_precinct_guidelines__C1_1 DS9_2,,Part 5,full/heading/shingle text located only in this Part's pages
110300,Inner_West_Ashfield_DCP_2016__chapter_d_precinct_guidelines__C1_1 DS9_5,,Part 3,full/heading/shingle text located only in this Part's pages
110312,Inner_West_Ashfield_DCP_2016__chapter_d_precinct_guidelines__C4_11 DS1_2,,Part 5,full/heading/shingle text located only in this Part's pages
110313,Inner_West_Ashfield_DCP_2016__chapter_d_precinct_guidelines__C4_11 PC2,,Part 5,full/heading/shingle text located only in this Part's pages
110314,Inner_West_Ashfield_DCP_2016__chapter_d_precinct_guidelines__C4_11,,Part 5,full/heading/shingle text located only in this Part's pages
110316,Inner_West_Ashfield_DCP_2016__chapter_d_precinct_guidelines__C4_11 DS3_1,,Part 5,full/heading/shingle text located only in this Part's pages
110320,Inner_West_Ashfield_DCP_2016__chapter_d_precinct_guidelines__C4_11 DS4_3,,Part 5,full/heading/shingle text located only in this Part's pages
110394,Inner_West_Ashfield_DCP_2016__chapter_d_precinct_guidelines__C4_11 DS3_5,,Part 6,full/heading/shingle text located only in this Part's pages
110491,Inner_West_Ashfield_DCP_2016__chapter_d_precinct_guidelines__C11_1 DS6,,Part 6,full/heading/shingle text located only in this Part's pages
110500,Inner_West_Ashfield_DCP_2016__chapter_d_precinct_guidelines__C12_3 O1,,Part 7,full/heading/shingle text located only in this Part's pages
110502,Inner_West_Ashfield_DCP_2016__chapter_d_precinct_guidelines__C12_3 O3,,Part 7,full/heading/shingle text located only in this Part's pages
110505,Inner_West_Ashfield_DCP_2016__chapter_d_precinct_guidelines__C12_3 DS1_3,,Part 7,full/heading/shingle text located only in this Part's pages
110513,Inner_West_Ashfield_DCP_2016__chapter_d_precinct_guidelines__C12_3 DS4_2,,Part 7,full/heading/shingle text located only in this Part's pages
110517,Inner_West_Ashfield_DCP_2016__chapter_d_precinct_guidelines__C12_3 PC5_1,,Part 7,full/heading/shingle text located only in this Part's pages
110519,Inner_West_Ashfield_DCP_2016__chapter_d_precinct_guidelines__C12_3 DS5_2,,Part 7,full/heading/shingle text located only in this Part's pages
110521,Inner_West_Ashfield_DCP_2016__chapter_d_precinct_guidelines__C12_3 DS5_3,,Part 7,full/heading/shingle text located only in this Part's pages
110524,Inner_West_Ashfield_DCP_2016__chapter_d_precinct_guidelines__C12_3 DS7_1,,Part 7,full/heading/shingle text located only in this Part's pages
110526,Inner_West_Ashfield_DCP_2016__chapter_d_precinct_guidelines__C12_3 DS7_3,,Part 7,full/heading/shingle text located only in this Part's pages
110528,Inner_West_Ashfield_DCP_2016__chapter_d_precinct_guidelines__C12_3 PC7,,Part 7,full/heading/shingle text located only in this Part's pages
110529,Inner_West_Ashfield_DCP_2016__chapter_d_precinct_guidelines__C12_3 DS8_1,,Part 7,full/heading/shingle text located only in this Part's pages
110532,Inner_West_Ashfield_DCP_2016__chapter_d_precinct_guidelines__C12_3 DS8_4,,Part 7,full/heading/shingle text located only in this Part's pages
110538,Inner_West_Ashfield_DCP_2016__chapter_d_precinct_guidelines__C12_3 DS9_1,,Part 7,full/heading/shingle text located only in this Part's pages
110544,Inner_West_Ashfield_DCP_2016__chapter_d_precinct_guidelines__C12_3 DS9_7,,Part 3,full/heading/shingle text located only in this Part's pages
110548,Inner_West_Ashfield_DCP_2016__chapter_d_precinct_guidelines__C12_3 DS2_2,,Part 8,full/heading/shingle text located only in this Part's pages
110550,Inner_West_Ashfield_DCP_2016__chapter_d_precinct_guidelines__C12_3 DS2_4,,Part 8,full/heading/shingle text located only in this Part's pages
110571,Inner_West_Ashfield_DCP_2016__chapter_d_precinct_guidelines__C12_3 PC11,,Part 8,full/heading/shingle text located only in this Part's pages
110573,Inner_West_Ashfield_DCP_2016__chapter_d_precinct_guidelines__C12_3 DS11_2,,Part 8,full/heading/shingle text located only in this Part's pages
110574,Inner_West_Ashfield_DCP_2016__chapter_d_precinct_guidelines__C12_3 DS11_3,,Part 8,full/heading/shingle text located only in this Part's pages
110591,Inner_West_Ashfield_DCP_2016__chapter_d_precinct_guidelines__C12_3 DS14_1,,Part 8,full/heading/shingle text located only in this Part's pages
110625,Inner_West_Ashfield_DCP_2016__chapter_d_precinct_guidelines__D12_3 PC4,,Part 10,full/heading/shingle text located only in this Part's pages
110628,Inner_West_Ashfield_DCP_2016__chapter_d_precinct_guidelines__D12_3 DS4_3,,Part 10,full/heading/shingle text located only in this Part's pages
110638,Inner_West_Ashfield_DCP_2016__chapter_d_precinct_guidelines__D12_3 DS5_6,,Part 3,full/heading/shingle text located only in this Part's pages
110650,Inner_West_Ashfield_DCP_2016__chapter_d_precinct_guidelines__D11 DS4_1,,Part 11,full/heading/shingle text located only in this Part's pages
110656,Inner_West_Ashfield_DCP_2016__chapter_d_precinct_guidelines__D12_3 Application,,Part 12,full/heading/shingle text located only in this Part's pages
