new_id,source_id,ref_number,v2_precinct_id
120256,109944,Inner_West_Ashfield_DCP_2016__chapter_d_precinct_guidelines__D1 C2,Part 1
120257,109944,Inner_West_Ashfield_DCP_2016__chapter_d_precinct_guidelines__D2 C2,Part 2
120258,109944,Inner_West_Ashfield_DCP_2016__chapter_d_precinct_guidelines__D3 C2,Part 3
120259,109944,Inner_West_Ashfield_DCP_2016__chapter_d_precinct_guidelines__D4 C2,Part 4
120260,109944,Inner_West_Ashfield_DCP_2016__chapter_d_precinct_guidelines__D5 C2,Part 5
120261,109944,Inner_West_Ashfield_DCP_2016__chapter_d_precinct_guidelines__D6 C2,Part 6
120262,109944,Inner_West_Ashfield_DCP_2016__chapter_d_precinct_guidelines__D7 C2,Part 7
120263,109944,Inner_West_Ashfield_DCP_2016__chapter_d_precinct_guidelines__D8 C2,Part 8
120264,109944,Inner_West_Ashfield_DCP_2016__chapter_d_precinct_guidelines__D10 C2,Part 10
120265,109944,Inner_West_Ashfield_DCP_2016__chapter_d_precinct_guidelines__D11 C2,Part 11
120266,109944,Inner_West_Ashfield_DCP_2016__chapter_d_precinct_guidelines__D12 C2,Part 12
120267,109944,Inner_West_Ashfield_DCP_2016__chapter_d_precinct_guidelines__D13 C2,Part 13
120268,109945,Inner_West_Ashfield_DCP_2016__chapter_d_precinct_guidelines__D1 C3,Part 1
120269,109945,Inner_West_Ashfield_DCP_2016__chapter_d_precinct_guidelines__D2 C3,Part 2
120270,109945,Inner_West_Ashfield_DCP_2016__chapter_d_precinct_guidelines__D3 C3,Part 3
120271,109945,Inner_West_Ashfield_DCP_2016__chapter_d_precinct_guidelines__D4 C3,Part 4
120272,109945,Inner_West_Ashfield_DCP_2016__chapter_d_precinct_guidelines__D5 C3,Part 5
120273,109945,Inner_West_Ashfield_DCP_2016__chapter_d_precinct_guidelines__D6 C3,Part 6
120274,109945,Inner_West_Ashfield_DCP_2016__chapter_d_precinct_guidelines__D7 C3,Part 7
120275,109945,Inner_West_Ashfield_DCP_2016__chapter_d_precinct_guidelines__D8 C3,Part 8
120276,109945,Inner_West_Ashfield_DCP_2016__chapter_d_precinct_guidelines__D10 C3,Part 10
120277,109945,Inner_West_Ashfield_DCP_2016__chapter_d_precinct_guidelines__D11 C3,Part 11
120278,109945,Inner_West_Ashfield_DCP_2016__chapter_d_precinct_guidelines__D12 C3,Part 12
120279,109945,Inner_West_Ashfield_DCP_2016__chapter_d_precinct_guidelines__D13 C3,Part 13
120280,109946,Inner_West_Ashfield_DCP_2016__chapter_d_precinct_guidelines__D1 C4,Part 1
120281,109946,Inner_West_Ashfield_DCP_2016__chapter_d_precinct_guidelines__D2 C4,Part 2
120282,109946,Inner_West_Ashfield_DCP_2016__chapter_d_precinct_guidelines__D3 C4,Part 3
120283,109946,Inner_West_Ashfield_DCP_2016__chapter_d_precinct_guidelines__D4 C4,Part 4
120284,109946,Inner_West_Ashfield_DCP_2016__chapter_d_precinct_guidelines__D5 C4,Part 5
120285,109946,Inner_West_Ashfield_DCP_2016__chapter_d_precinct_guidelines__D6 C4,Part 6
120286,109946,Inner_West_Ashfield_DCP_2016__chapter_d_precinct_guidelines__D7 C4,Part 7
120287,109946,Inner_West_Ashfield_DCP_2016__chapter_d_precinct_guidelines__D8 C4,Part 8
120288,109946,Inner_West_Ashfield_DCP_2016__chapter_d_precinct_guidelines__D10 C4,Part 10
120289,109946,Inner_West_Ashfield_DCP_2016__chapter_d_precinct_guidelines__D11 C4,Part 11
120290,109946,Inner_West_Ashfield_DCP_2016__chapter_d_precinct_guidelines__D12 C4,Part 12
120291,109946,Inner_West_Ashfield_DCP_2016__chapter_d_precinct_guidelines__D13 C4,Part 13
120292,109947,Inner_West_Ashfield_DCP_2016__chapter_d_precinct_guidelines__D1 C5,Part 1
120293,109947,Inner_West_Ashfield_DCP_2016__chapter_d_precinct_guidelines__D2 C5,Part 2
120294,109947,Inner_West_Ashfield_DCP_2016__chapter_d_precinct_guidelines__D3 C5,Part 3
120295,109947,Inner_West_Ashfield_DCP_2016__chapter_d_precinct_guidelines__D4 C5,Part 4
120296,109947,Inner_West_Ashfield_DCP_2016__chapter_d_precinct_guidelines__D5 C5,Part 5
120297,109947,Inner_West_Ashfield_DCP_2016__chapter_d_precinct_guidelines__D6 C5,Part 6
120298,109947,Inner_West_Ashfield_DCP_2016__chapter_d_precinct_guidelines__D7 C5,Part 7
120299,109947,Inner_West_Ashfield_DCP_2016__chapter_d_precinct_guidelines__D8 C5,Part 8
120300,109947,Inner_West_Ashfield_DCP_2016__chapter_d_precinct_guidelines__D10 C5,Part 10
120301,109947,Inner_West_Ashfield_DCP_2016__chapter_d_precinct_guidelines__D11 C5,Part 11
120302,109947,Inner_West_Ashfield_DCP_2016__chapter_d_precinct_guidelines__D12 C5,Part 12
120303,109947,Inner_West_Ashfield_DCP_2016__chapter_d_precinct_guidelines__D13 C5,Part 13
120304,109948,Inner_West_Ashfield_DCP_2016__chapter_d_precinct_guidelines__D1 C6,Part 1
120305,109948,Inner_West_Ashfield_DCP_2016__chapter_d_precinct_guidelines__D2 C6,Part 2
120306,109948,Inner_West_Ashfield_DCP_2016__chapter_d_precinct_guidelines__D3 C6,Part 3
120307,109948,Inner_West_Ashfield_DCP_2016__chapter_d_precinct_guidelines__D4 C6,Part 4
120308,109948,Inner_West_Ashfield_DCP_2016__chapter_d_precinct_guidelines__D5 C6,Part 5
120309,109948,Inner_West_Ashfield_DCP_2016__chapter_d_precinct_guidelines__D6 C6,Part 6
120310,109948,Inner_West_Ashfield_DCP_2016__chapter_d_precinct_guidelines__D7 C6,Part 7
120311,109948,Inner_West_Ashfield_DCP_2016__chapter_d_precinct_guidelines__D8 C6,Part 8
120312,109948,Inner_West_Ashfield_DCP_2016__chapter_d_precinct_guidelines__D10 C6,Part 10
120313,109948,Inner_West_Ashfield_DCP_2016__chapter_d_precinct_guidelines__D11 C6,Part 11
120314,109948,Inner_West_Ashfield_DCP_2016__chapter_d_precinct_guidelines__D12 C6,Part 12
120315,109948,Inner_West_Ashfield_DCP_2016__chapter_d_precinct_guidelines__D13 C6,Part 13
120316,109949,Inner_West_Ashfield_DCP_2016__chapter_d_precinct_guidelines__D1 C7,Part 1
120317,109949,Inner_West_Ashfield_DCP_2016__chapter_d_precinct_guidelines__D2 C7,Part 2
120318,109949,Inner_West_Ashfield_DCP_2016__chapter_d_precinct_guidelines__D3 C7,Part 3
120319,109949,Inner_West_Ashfield_DCP_2016__chapter_d_precinct_guidelines__D4 C7,Part 4
120320,109949,Inner_West_Ashfield_DCP_2016__chapter_d_precinct_guidelines__D5 C7,Part 5
120321,109949,Inner_West_Ashfield_DCP_2016__chapter_d_precinct_guidelines__D6 C7,Part 6
120322,109949,Inner_West_Ashfield_DCP_2016__chapter_d_precinct_guidelines__D7 C7,Part 7
120323,109949,Inner_West_Ashfield_DCP_2016__chapter_d_precinct_guidelines__D8 C7,Part 8
120324,109949,Inner_West_Ashfield_DCP_2016__chapter_d_precinct_guidelines__D10 C7,Part 10
120325,109949,Inner_West_Ashfield_DCP_2016__chapter_d_precinct_guidelines__D11 C7,Part 11
120326,109949,Inner_West_Ashfield_DCP_2016__chapter_d_precinct_guidelines__D12 C7,Part 12
120327,109949,Inner_West_Ashfield_DCP_2016__chapter_d_precinct_guidelines__D13 C7,Part 13
120328,109983,Inner_West_Ashfield_DCP_2016__chapter_d_precinct_guidelines__D1 DS3_9,Part 1
120329,109983,Inner_West_Ashfield_DCP_2016__chapter_d_precinct_guidelines__D3 DS3_9,Part 3
120330,109989,Inner_West_Ashfield_DCP_2016__chapter_d_precinct_guidelines__D1 DS4_4,Part 1
120331,109989,Inner_West_Ashfield_DCP_2016__chapter_d_precinct_guidelines__D3 DS4_4,Part 3
120332,110008,Inner_West_Ashfield_DCP_2016__chapter_d_precinct_guidelines__D1 DS6_2,Part 1
120333,110008,Inner_West_Ashfield_DCP_2016__chapter_d_precinct_guidelines__D3 DS6_2,Part 3
120334,110010,Inner_West_Ashfield_DCP_2016__chapter_d_precinct_guidelines__D1 PC7_1,Part 1
120335,110010,Inner_West_Ashfield_DCP_2016__chapter_d_precinct_guidelines__D3 PC7_1,Part 3
120336,110011,Inner_West_Ashfield_DCP_2016__chapter_d_precinct_guidelines__D1 DS7_1,Part 1
120337,110011,Inner_West_Ashfield_DCP_2016__chapter_d_precinct_guidelines__D2 DS7_1,Part 2
120338,110011,Inner_West_Ashfield_DCP_2016__chapter_d_precinct_guidelines__D3 DS7_1,Part 3
120339,110027,Inner_West_Ashfield_DCP_2016__chapter_d_precinct_guidelines__D1 C4_9 DS8_4,Part 1
120340,110027,Inner_West_Ashfield_DCP_2016__chapter_d_precinct_guidelines__D5 C4_9 DS8_4,Part 5
120341,110044,Inner_West_Ashfield_DCP_2016__chapter_d_precinct_guidelines__D1 C4_9 DS9_7,Part 1
120342,110044,Inner_West_Ashfield_DCP_2016__chapter_d_precinct_guidelines__D3 C4_9 DS9_7,Part 3
120343,110088,Inner_West_Ashfield_DCP_2016__chapter_d_precinct_guidelines__D2 DS1_1,Part 2
120344,110088,Inner_West_Ashfield_DCP_2016__chapter_d_precinct_guidelines__D3 DS1_1,Part 3
120345,110109,Inner_West_Ashfield_DCP_2016__chapter_d_precinct_guidelines__D2 C4_9 DS5_2,Part 2
120346,110109,Inner_West_Ashfield_DCP_2016__chapter_d_precinct_guidelines__D3 C4_9 DS5_2,Part 3
120347,110114,Inner_West_Ashfield_DCP_2016__chapter_d_precinct_guidelines__D2 C4_9 DS6_2,Part 2
120348,110114,Inner_West_Ashfield_DCP_2016__chapter_d_precinct_guidelines__D3 C4_9 DS6_2,Part 3
120349,110121,Inner_West_Ashfield_DCP_2016__chapter_d_precinct_guidelines__D2 C4_9 PC7,Part 2
120350,110121,Inner_West_Ashfield_DCP_2016__chapter_d_precinct_guidelines__D3 C4_9 PC7,Part 3
120351,110122,Inner_West_Ashfield_DCP_2016__chapter_d_precinct_guidelines__D2 C4_9 DS7_1,Part 2
120352,110122,Inner_West_Ashfield_DCP_2016__chapter_d_precinct_guidelines__D3 C4_9 DS7_1,Part 3
120353,110130,Inner_West_Ashfield_DCP_2016__chapter_d_precinct_guidelines__D2 DS1_9,Part 2
120354,110130,Inner_West_Ashfield_DCP_2016__chapter_d_precinct_guidelines__D3 DS1_9,Part 3
120355,110132,Inner_West_Ashfield_DCP_2016__chapter_d_precinct_guidelines__D1 DS1_11,Part 1
120356,110132,Inner_West_Ashfield_DCP_2016__chapter_d_precinct_guidelines__D3 DS1_11,Part 3
120357,110134,Inner_West_Ashfield_DCP_2016__chapter_d_precinct_guidelines__D2 DS1_13,Part 2
120358,110134,Inner_West_Ashfield_DCP_2016__chapter_d_precinct_guidelines__D3 DS1_13,Part 3
120359,110142,Inner_West_Ashfield_DCP_2016__chapter_d_precinct_guidelines__D2 DS2_3,Part 2
120360,110142,Inner_West_Ashfield_DCP_2016__chapter_d_precinct_guidelines__D3 DS2_3,Part 3
120361,110142,Inner_West_Ashfield_DCP_2016__chapter_d_precinct_guidelines__D5 DS2_3,Part 5
120362,110149,Inner_West_Ashfield_DCP_2016__chapter_d_precinct_guidelines__D1 DS4_12,Part 1
120363,110149,Inner_West_Ashfield_DCP_2016__chapter_d_precinct_guidelines__D3 DS4_12,Part 3
120364,110151,Inner_West_Ashfield_DCP_2016__chapter_d_precinct_guidelines__D1 DS5_9,Part 1
120365,110151,Inner_West_Ashfield_DCP_2016__chapter_d_precinct_guidelines__D3 DS5_9,Part 3
120366,110153,Inner_West_Ashfield_DCP_2016__chapter_d_precinct_guidelines__D2 PC8,Part 2
120367,110153,Inner_West_Ashfield_DCP_2016__chapter_d_precinct_guidelines__D3 PC8,Part 3
120368,110154,Inner_West_Ashfield_DCP_2016__chapter_d_precinct_guidelines__D2 DS8_1,Part 2
120369,110154,Inner_West_Ashfield_DCP_2016__chapter_d_precinct_guidelines__D3 DS8_1,Part 3
120370,110155,Inner_West_Ashfield_DCP_2016__chapter_d_precinct_guidelines__D1 DS8_2,Part 1
120371,110155,Inner_West_Ashfield_DCP_2016__chapter_d_precinct_guidelines__D3 DS8_2,Part 3
120372,110161,Inner_West_Ashfield_DCP_2016__chapter_d_precinct_guidelines__D3 DS9_5,Part 3
120373,110161,Inner_West_Ashfield_DCP_2016__chapter_d_precinct_guidelines__D7 DS9_5,Part 7
120374,110167,Inner_West_Ashfield_DCP_2016__chapter_d_precinct_guidelines__D2 DS10_2,Part 2
120375,110167,Inner_West_Ashfield_DCP_2016__chapter_d_precinct_guidelines__D3 DS10_2,Part 3
120376,110167,Inner_West_Ashfield_DCP_2016__chapter_d_precinct_guidelines__D5 DS10_2,Part 5
120377,110167,Inner_West_Ashfield_DCP_2016__chapter_d_precinct_guidelines__D7 DS10_2,Part 7
120378,110167,Inner_West_Ashfield_DCP_2016__chapter_d_precinct_guidelines__D10 DS10_2,Part 10
120379,110171,Inner_West_Ashfield_DCP_2016__chapter_d_precinct_guidelines__D1 DS10_6,Part 1
120380,110171,Inner_West_Ashfield_DCP_2016__chapter_d_precinct_guidelines__D2 DS10_6,Part 2
120381,110171,Inner_West_Ashfield_DCP_2016__chapter_d_precinct_guidelines__D3 DS10_6,Part 3
120382,110172,Inner_West_Ashfield_DCP_2016__chapter_d_precinct_guidelines__D2 DS10_7,Part 2
120383,110172,Inner_West_Ashfield_DCP_2016__chapter_d_precinct_guidelines__D3 DS10_7,Part 3
120384,110183,Inner_West_Ashfield_DCP_2016__chapter_d_precinct_guidelines__D1 DS11_7,Part 1
120385,110183,Inner_West_Ashfield_DCP_2016__chapter_d_precinct_guidelines__D3 DS11_7,Part 3
120386,110211,Inner_West_Ashfield_DCP_2016__chapter_d_precinct_guidelines__D4 C4_9 PC1_1 (Heritage),Part 4
120387,110211,Inner_West_Ashfield_DCP_2016__chapter_d_precinct_guidelines__D5 C4_9 PC1_1 (Heritage),Part 5
120388,110220,Inner_West_Ashfield_DCP_2016__chapter_d_precinct_guidelines__D4 C4_9 PC3 (Heritage),Part 4
120389,110220,Inner_West_Ashfield_DCP_2016__chapter_d_precinct_guidelines__D5 C4_9 PC3 (Heritage),Part 5
120390,110223,Inner_West_Ashfield_DCP_2016__chapter_d_precinct_guidelines__D4 C4_9 PC4 (Heritage),Part 4
120391,110223,Inner_West_Ashfield_DCP_2016__chapter_d_precinct_guidelines__D5 C4_9 PC4 (Heritage),Part 5
120392,110227,Inner_West_Ashfield_DCP_2016__chapter_d_precinct_guidelines__D4 C4_9 DS4_4 (Heritage),Part 4
120393,110227,Inner_West_Ashfield_DCP_2016__chapter_d_precinct_guidelines__D5 C4_9 DS4_4 (Heritage),Part 5
120394,110228,Inner_West_Ashfield_DCP_2016__chapter_d_precinct_guidelines__D4 C4_9 DS4_5 (Heritage),Part 4
120395,110228,Inner_West_Ashfield_DCP_2016__chapter_d_precinct_guidelines__D5 C4_9 DS4_5 (Heritage),Part 5
120396,110228,Inner_West_Ashfield_DCP_2016__chapter_d_precinct_guidelines__D8 C4_9 DS4_5 (Heritage),Part 8
120397,110230,Inner_West_Ashfield_DCP_2016__chapter_d_precinct_guidelines__D4 C4_9 DS5_1 (Heritage),Part 4
120398,110230,Inner_West_Ashfield_DCP_2016__chapter_d_precinct_guidelines__D5 C4_9 DS5_1 (Heritage),Part 5
120399,110231,Inner_West_Ashfield_DCP_2016__chapter_d_precinct_guidelines__D4 C4_9 DS5_2 (Heritage),Part 4
120400,110231,Inner_West_Ashfield_DCP_2016__chapter_d_precinct_guidelines__D5 C4_9 DS5_2 (Heritage),Part 5
120401,110231,Inner_West_Ashfield_DCP_2016__chapter_d_precinct_guidelines__D8 C4_9 DS5_2 (Heritage),Part 8
120402,110232,Inner_West_Ashfield_DCP_2016__chapter_d_precinct_guidelines__D4 C4_9 DS5_3 (Heritage),Part 4
120403,110232,Inner_West_Ashfield_DCP_2016__chapter_d_precinct_guidelines__D5 C4_9 DS5_3 (Heritage),Part 5
120404,110232,Inner_West_Ashfield_DCP_2016__chapter_d_precinct_guidelines__D8 C4_9 DS5_3 (Heritage),Part 8
120405,110233,Inner_West_Ashfield_DCP_2016__chapter_d_precinct_guidelines__D5 C4_9 DS5_4 (Heritage),Part 5
120406,110233,Inner_West_Ashfield_DCP_2016__chapter_d_precinct_guidelines__D8 C4_9 DS5_4 (Heritage),Part 8
120407,110234,Inner_West_Ashfield_DCP_2016__chapter_d_precinct_guidelines__D4 C4_9 DS5_5 (Heritage),Part 4
120408,110234,Inner_West_Ashfield_DCP_2016__chapter_d_precinct_guidelines__D5 C4_9 DS5_5 (Heritage),Part 5
120409,110234,Inner_West_Ashfield_DCP_2016__chapter_d_precinct_guidelines__D8 C4_9 DS5_5 (Heritage),Part 8
120410,110235,Inner_West_Ashfield_DCP_2016__chapter_d_precinct_guidelines__D4 C4_9 DS5_6 (Heritage),Part 4
120411,110235,Inner_West_Ashfield_DCP_2016__chapter_d_precinct_guidelines__D5 C4_9 DS5_6 (Heritage),Part 5
120412,110235,Inner_West_Ashfield_DCP_2016__chapter_d_precinct_guidelines__D8 C4_9 DS5_6 (Heritage),Part 8
120413,110237,Inner_West_Ashfield_DCP_2016__chapter_d_precinct_guidelines__D4 C4_9 DS6_1 (Heritage),Part 4
120414,110237,Inner_West_Ashfield_DCP_2016__chapter_d_precinct_guidelines__D5 C4_9 DS6_1 (Heritage),Part 5
120415,110237,Inner_West_Ashfield_DCP_2016__chapter_d_precinct_guidelines__D8 C4_9 DS6_1 (Heritage),Part 8
120416,110238,Inner_West_Ashfield_DCP_2016__chapter_d_precinct_guidelines__D4 C4_9 DS6_2 (Heritage),Part 4
120417,110238,Inner_West_Ashfield_DCP_2016__chapter_d_precinct_guidelines__D5 C4_9 DS6_2 (Heritage),Part 5
120418,110238,Inner_West_Ashfield_DCP_2016__chapter_d_precinct_guidelines__D8 C4_9 DS6_2 (Heritage),Part 8
120419,110239,Inner_West_Ashfield_DCP_2016__chapter_d_precinct_guidelines__D4 C4_9 DS6_3 (Heritage),Part 4
120420,110239,Inner_West_Ashfield_DCP_2016__chapter_d_precinct_guidelines__D5 C4_9 DS6_3 (Heritage),Part 5
120421,110239,Inner_West_Ashfield_DCP_2016__chapter_d_precinct_guidelines__D8 C4_9 DS6_3 (Heritage),Part 8
120422,110257,Inner_West_Ashfield_DCP_2016__chapter_d_precinct_guidelines__D5 C1_1 PC1_2,Part 5
120423,110257,Inner_West_Ashfield_DCP_2016__chapter_d_precinct_guidelines__D7 C1_1 PC1_2,Part 7
120424,110261,Inner_West_Ashfield_DCP_2016__chapter_d_precinct_guidelines__D5 C1_1 PC1_4,Part 5
120425,110261,Inner_West_Ashfield_DCP_2016__chapter_d_precinct_guidelines__D7 C1_1 PC1_4,Part 7
120426,110273,Inner_West_Ashfield_DCP_2016__chapter_d_precinct_guidelines__D5 C1_1 PC4_2,Part 5
120427,110273,Inner_West_Ashfield_DCP_2016__chapter_d_precinct_guidelines__D7 C1_1 PC4_2,Part 7
120428,110282,Inner_West_Ashfield_DCP_2016__chapter_d_precinct_guidelines__D5 C1_1 DS6_1,Part 5
120429,110282,Inner_West_Ashfield_DCP_2016__chapter_d_precinct_guidelines__D7 C1_1 DS6_1,Part 7
120430,110282,Inner_West_Ashfield_DCP_2016__chapter_d_precinct_guidelines__D8 C1_1 DS6_1,Part 8
120431,110283,Inner_West_Ashfield_DCP_2016__chapter_d_precinct_guidelines__D5 C1_1 PC7,Part 5
120432,110283,Inner_West_Ashfield_DCP_2016__chapter_d_precinct_guidelines__D7 C1_1 PC7,Part 7
120433,110284,Inner_West_Ashfield_DCP_2016__chapter_d_precinct_guidelines__D5 C1_1 DS7_1,Part 5
120434,110284,Inner_West_Ashfield_DCP_2016__chapter_d_precinct_guidelines__D7 C1_1 DS7_1,Part 7
120435,110288,Inner_West_Ashfield_DCP_2016__chapter_d_precinct_guidelines__D1 C1_1 DS8_3,Part 1
120436,110288,Inner_West_Ashfield_DCP_2016__chapter_d_precinct_guidelines__D5 C1_1 DS8_3,Part 5
120437,110291,Inner_West_Ashfield_DCP_2016__chapter_d_precinct_guidelines__D5 C1_1 DS8_6,Part 5
120438,110291,Inner_West_Ashfield_DCP_2016__chapter_d_precinct_guidelines__D7 C1_1 DS8_6,Part 7
120439,110292,Inner_West_Ashfield_DCP_2016__chapter_d_precinct_guidelines__D2 C1_1 DS8_7,Part 2
120440,110292,Inner_West_Ashfield_DCP_2016__chapter_d_precinct_guidelines__D7 C1_1 DS8_7,Part 7
120441,110293,Inner_West_Ashfield_DCP_2016__chapter_d_precinct_guidelines__D5 C1_1 DS8_8,Part 5
120442,110293,Inner_West_Ashfield_DCP_2016__chapter_d_precinct_guidelines__D7 C1_1 DS8_8,Part 7
120443,110293,Inner_West_Ashfield_DCP_2016__chapter_d_precinct_guidelines__D10 C1_1 DS8_8,Part 10
120444,110294,Inner_West_Ashfield_DCP_2016__chapter_d_precinct_guidelines__D5 C1_1 DS8_9,Part 5
120445,110294,Inner_West_Ashfield_DCP_2016__chapter_d_precinct_guidelines__D10 C1_1 DS8_9,Part 10
120446,110296,Inner_West_Ashfield_DCP_2016__chapter_d_precinct_guidelines__D2 C1_1 DS9_1,Part 2
120447,110296,Inner_West_Ashfield_DCP_2016__chapter_d_precinct_guidelines__D3 C1_1 DS9_1,Part 3
120448,110296,Inner_West_Ashfield_DCP_2016__chapter_d_precinct_guidelines__D5 C1_1 DS9_1,Part 5
120449,110296,Inner_West_Ashfield_DCP_2016__chapter_d_precinct_guidelines__D7 C1_1 DS9_1,Part 7
120450,110296,Inner_West_Ashfield_DCP_2016__chapter_d_precinct_guidelines__D10 C1_1 DS9_1,Part 10
120451,110298,Inner_West_Ashfield_DCP_2016__chapter_d_precinct_guidelines__D5 C1_1 DS9_3,Part 5
120452,110298,Inner_West_Ashfield_DCP_2016__chapter_d_precinct_guidelines__D7 C1_1 DS9_3,Part 7
120453,110298,Inner_West_Ashfield_DCP_2016__chapter_d_precinct_guidelines__D10 C1_1 DS9_3,Part 10
120454,110299,Inner_West_Ashfield_DCP_2016__chapter_d_precinct_guidelines__D5 C1_1 DS9_4,Part 5
120455,110299,Inner_West_Ashfield_DCP_2016__chapter_d_precinct_guidelines__D7 C1_1 DS9_4,Part 7
120456,110299,Inner_West_Ashfield_DCP_2016__chapter_d_precinct_guidelines__D10 C1_1 DS9_4,Part 10
120457,110310,Inner_West_Ashfield_DCP_2016__chapter_d_precinct_guidelines__D4 C4_11 PC1,Part 4
120458,110310,Inner_West_Ashfield_DCP_2016__chapter_d_precinct_guidelines__D5 C4_11 PC1,Part 5
120459,110315,Inner_West_Ashfield_DCP_2016__chapter_d_precinct_guidelines__D4 C4_11 PC3,Part 4
120460,110315,Inner_West_Ashfield_DCP_2016__chapter_d_precinct_guidelines__D5 C4_11 PC3,Part 5
120461,110317,Inner_West_Ashfield_DCP_2016__chapter_d_precinct_guidelines__D4 C4_11 PC4,Part 4
120462,110317,Inner_West_Ashfield_DCP_2016__chapter_d_precinct_guidelines__D5 C4_11 PC4,Part 5
120463,110319,Inner_West_Ashfield_DCP_2016__chapter_d_precinct_guidelines__D4 C4_11 DS4_2,Part 4
120464,110319,Inner_West_Ashfield_DCP_2016__chapter_d_precinct_guidelines__D5 C4_11 DS4_2,Part 5
120465,110321,Inner_West_Ashfield_DCP_2016__chapter_d_precinct_guidelines__D4 C4_11 DS4_4,Part 4
120466,110321,Inner_West_Ashfield_DCP_2016__chapter_d_precinct_guidelines__D5 C4_11 DS4_4,Part 5
120467,110322,Inner_West_Ashfield_DCP_2016__chapter_d_precinct_guidelines__D4 C4_11 DS4_5,Part 4
120468,110322,Inner_West_Ashfield_DCP_2016__chapter_d_precinct_guidelines__D5 C4_11 DS4_5,Part 5
120469,110322,Inner_West_Ashfield_DCP_2016__chapter_d_precinct_guidelines__D8 C4_11 DS4_5,Part 8
120470,110323,Inner_West_Ashfield_DCP_2016__chapter_d_precinct_guidelines__D4 C4_11 PC5,Part 4
120471,110323,Inner_West_Ashfield_DCP_2016__chapter_d_precinct_guidelines__D5 C4_11 PC5,Part 5
120472,110323,Inner_West_Ashfield_DCP_2016__chapter_d_precinct_guidelines__D8 C4_11 PC5,Part 8
120473,110324,Inner_West_Ashfield_DCP_2016__chapter_d_precinct_guidelines__D4 C4_11 DS5_1,Part 4
120474,110324,Inner_West_Ashfield_DCP_2016__chapter_d_precinct_guidelines__D5 C4_11 DS5_1,Part 5
120475,110325,Inner_West_Ashfield_DCP_2016__chapter_d_precinct_guidelines__D4 C4_11 DS5_2,Part 4
120476,110325,Inner_West_Ashfield_DCP_2016__chapter_d_precinct_guidelines__D5 C4_11 DS5_2,Part 5
120477,110325,Inner_West_Ashfield_DCP_2016__chapter_d_precinct_guidelines__D8 C4_11 DS5_2,Part 8
120478,110326,Inner_West_Ashfield_DCP_2016__chapter_d_precinct_guidelines__D4 C4_11 DS5_3,Part 4
120479,110326,Inner_West_Ashfield_DCP_2016__chapter_d_precinct_guidelines__D5 C4_11 DS5_3,Part 5
120480,110326,Inner_West_Ashfield_DCP_2016__chapter_d_precinct_guidelines__D8 C4_11 DS5_3,Part 8
120481,110327,Inner_West_Ashfield_DCP_2016__chapter_d_precinct_guidelines__D5 C4_11 DS5_4,Part 5
120482,110327,Inner_West_Ashfield_DCP_2016__chapter_d_precinct_guidelines__D8 C4_11 DS5_4,Part 8
120483,110328,Inner_West_Ashfield_DCP_2016__chapter_d_precinct_guidelines__D4 C4_11 PC6,Part 4
120484,110328,Inner_West_Ashfield_DCP_2016__chapter_d_precinct_guidelines__D5 C4_11 PC6,Part 5
120485,110329,Inner_West_Ashfield_DCP_2016__chapter_d_precinct_guidelines__D4 C4_11 DS6_1,Part 4
120486,110329,Inner_West_Ashfield_DCP_2016__chapter_d_precinct_guidelines__D5 C4_11 DS6_1,Part 5
120487,110329,Inner_West_Ashfield_DCP_2016__chapter_d_precinct_guidelines__D8 C4_11 DS6_1,Part 8
120488,110330,Inner_West_Ashfield_DCP_2016__chapter_d_precinct_guidelines__D4 C4_11 DS6_2,Part 4
120489,110330,Inner_West_Ashfield_DCP_2016__chapter_d_precinct_guidelines__D5 C4_11 DS6_2,Part 5
120490,110330,Inner_West_Ashfield_DCP_2016__chapter_d_precinct_guidelines__D8 C4_11 DS6_2,Part 8
120491,110331,Inner_West_Ashfield_DCP_2016__chapter_d_precinct_guidelines__D4 C4_11 DS6_3,Part 4
120492,110331,Inner_West_Ashfield_DCP_2016__chapter_d_precinct_guidelines__D5 C4_11 DS6_3,Part 5
120493,110331,Inner_West_Ashfield_DCP_2016__chapter_d_precinct_guidelines__D8 C4_11 DS6_3,Part 8
120494,110501,Inner_West_Ashfield_DCP_2016__chapter_d_precinct_guidelines__D1 C12_3 O2,Part 1
120495,110501,Inner_West_Ashfield_DCP_2016__chapter_d_precinct_guidelines__D2 C12_3 O2,Part 2
120496,110501,Inner_West_Ashfield_DCP_2016__chapter_d_precinct_guidelines__D3 C12_3 O2,Part 3
120497,110501,Inner_West_Ashfield_DCP_2016__chapter_d_precinct_guidelines__D4 C12_3 O2,Part 4
120498,110501,Inner_West_Ashfield_DCP_2016__chapter_d_precinct_guidelines__D5 C12_3 O2,Part 5
120499,110501,Inner_West_Ashfield_DCP_2016__chapter_d_precinct_guidelines__D6 C12_3 O2,Part 6
120500,110501,Inner_West_Ashfield_DCP_2016__chapter_d_precinct_guidelines__D7 C12_3 O2,Part 7
120501,110501,Inner_West_Ashfield_DCP_2016__chapter_d_precinct_guidelines__D8 C12_3 O2,Part 8
120502,110501,Inner_West_Ashfield_DCP_2016__chapter_d_precinct_guidelines__D10 C12_3 O2,Part 10
120503,110501,Inner_West_Ashfield_DCP_2016__chapter_d_precinct_guidelines__D11 C12_3 O2,Part 11
120504,110501,Inner_West_Ashfield_DCP_2016__chapter_d_precinct_guidelines__D12 C12_3 O2,Part 12
120505,110501,Inner_West_Ashfield_DCP_2016__chapter_d_precinct_guidelines__D13 C12_3 O2,Part 13
120506,110507,Inner_West_Ashfield_DCP_2016__chapter_d_precinct_guidelines__D5 C12_3 PC2,Part 5
120507,110507,Inner_West_Ashfield_DCP_2016__chapter_d_precinct_guidelines__D7 C12_3 PC2,Part 7
120508,110508,Inner_West_Ashfield_DCP_2016__chapter_d_precinct_guidelines__D5 C12_3 DS2_1,Part 5
120509,110508,Inner_West_Ashfield_DCP_2016__chapter_d_precinct_guidelines__D7 C12_3 DS2_1,Part 7
120510,110509,Inner_West_Ashfield_DCP_2016__chapter_d_precinct_guidelines__D5 C12_3 PC3,Part 5
120511,110509,Inner_West_Ashfield_DCP_2016__chapter_d_precinct_guidelines__D7 C12_3 PC3,Part 7
120512,110520,Inner_West_Ashfield_DCP_2016__chapter_d_precinct_guidelines__D5 C12_3 PC5_2,Part 5
120513,110520,Inner_West_Ashfield_DCP_2016__chapter_d_precinct_guidelines__D7 C12_3 PC5_2,Part 7
120514,110522,Inner_West_Ashfield_DCP_2016__chapter_d_precinct_guidelines__D5 C12_3 DS6_1,Part 5
120515,110522,Inner_West_Ashfield_DCP_2016__chapter_d_precinct_guidelines__D7 C12_3 DS6_1,Part 7
120516,110522,Inner_West_Ashfield_DCP_2016__chapter_d_precinct_guidelines__D8 C12_3 DS6_1,Part 8
120517,110530,Inner_West_Ashfield_DCP_2016__chapter_d_precinct_guidelines__D7 C12_3 DS8_2,Part 7
120518,110530,Inner_West_Ashfield_DCP_2016__chapter_d_precinct_guidelines__D10 C12_3 DS8_2,Part 10
120519,110531,Inner_West_Ashfield_DCP_2016__chapter_d_precinct_guidelines__D3 C12_3 DS8_3,Part 3
120520,110531,Inner_West_Ashfield_DCP_2016__chapter_d_precinct_guidelines__D7 C12_3 DS8_3,Part 7
120521,110533,Inner_West_Ashfield_DCP_2016__chapter_d_precinct_guidelines__D5 C12_3 DS8_5,Part 5
120522,110533,Inner_West_Ashfield_DCP_2016__chapter_d_precinct_guidelines__D7 C12_3 DS8_5,Part 7
120523,110534,Inner_West_Ashfield_DCP_2016__chapter_d_precinct_guidelines__D2 C12_3 DS8_6,Part 2
120524,110534,Inner_West_Ashfield_DCP_2016__chapter_d_precinct_guidelines__D7 C12_3 DS8_6,Part 7
120525,110535,Inner_West_Ashfield_DCP_2016__chapter_d_precinct_guidelines__D5 C12_3 DS8_7,Part 5
120526,110535,Inner_West_Ashfield_DCP_2016__chapter_d_precinct_guidelines__D7 C12_3 DS8_7,Part 7
120527,110535,Inner_West_Ashfield_DCP_2016__chapter_d_precinct_guidelines__D10 C12_3 DS8_7,Part 10
120528,110536,Inner_West_Ashfield_DCP_2016__chapter_d_precinct_guidelines__D5 C12_3 DS8_8,Part 5
120529,110536,Inner_West_Ashfield_DCP_2016__chapter_d_precinct_guidelines__D10 C12_3 DS8_8,Part 10
120530,110537,Inner_West_Ashfield_DCP_2016__chapter_d_precinct_guidelines__D5 C12_3 PC8,Part 5
120531,110537,Inner_West_Ashfield_DCP_2016__chapter_d_precinct_guidelines__D7 C12_3 PC8,Part 7
120532,110537,Inner_West_Ashfield_DCP_2016__chapter_d_precinct_guidelines__D10 C12_3 PC8,Part 10
120533,110539,Inner_West_Ashfield_DCP_2016__chapter_d_precinct_guidelines__D2 C12_3 DS9_2,Part 2
120534,110539,Inner_West_Ashfield_DCP_2016__chapter_d_precinct_guidelines__D3 C12_3 DS9_2,Part 3
120535,110539,Inner_West_Ashfield_DCP_2016__chapter_d_precinct_guidelines__D5 C12_3 DS9_2,Part 5
120536,110539,Inner_West_Ashfield_DCP_2016__chapter_d_precinct_guidelines__D7 C12_3 DS9_2,Part 7
120537,110539,Inner_West_Ashfield_DCP_2016__chapter_d_precinct_guidelines__D10 C12_3 DS9_2,Part 10
120538,110540,Inner_West_Ashfield_DCP_2016__chapter_d_precinct_guidelines__D5 C12_3 DS9_3,Part 5
120539,110540,Inner_West_Ashfield_DCP_2016__chapter_d_precinct_guidelines__D7 C12_3 DS9_3,Part 7
120540,110541,Inner_West_Ashfield_DCP_2016__chapter_d_precinct_guidelines__D5 C12_3 DS9_4,Part 5
120541,110541,Inner_West_Ashfield_DCP_2016__chapter_d_precinct_guidelines__D7 C12_3 DS9_4,Part 7
120542,110541,Inner_West_Ashfield_DCP_2016__chapter_d_precinct_guidelines__D10 C12_3 DS9_4,Part 10
120543,110542,Inner_West_Ashfield_DCP_2016__chapter_d_precinct_guidelines__D5 C12_3 DS9_5,Part 5
120544,110542,Inner_West_Ashfield_DCP_2016__chapter_d_precinct_guidelines__D7 C12_3 DS9_5,Part 7
120545,110542,Inner_West_Ashfield_DCP_2016__chapter_d_precinct_guidelines__D10 C12_3 DS9_5,Part 10
120546,110543,Inner_West_Ashfield_DCP_2016__chapter_d_precinct_guidelines__D7 C12_3 DS9_6,Part 7
120547,110543,Inner_West_Ashfield_DCP_2016__chapter_d_precinct_guidelines__D10 C12_3 DS9_6,Part 10
120548,110566,Inner_West_Ashfield_DCP_2016__chapter_d_precinct_guidelines__D4 C12_3 PC10,Part 4
120549,110566,Inner_West_Ashfield_DCP_2016__chapter_d_precinct_guidelines__D8 C12_3 PC10,Part 8
120550,110568,Inner_West_Ashfield_DCP_2016__chapter_d_precinct_guidelines__D4 C12_3 DS10_2,Part 4
120551,110568,Inner_West_Ashfield_DCP_2016__chapter_d_precinct_guidelines__D5 C12_3 DS10_2,Part 5
120552,110568,Inner_West_Ashfield_DCP_2016__chapter_d_precinct_guidelines__D8 C12_3 DS10_2,Part 8
120553,110569,Inner_West_Ashfield_DCP_2016__chapter_d_precinct_guidelines__D4 C12_3 DS10_3,Part 4
120554,110569,Inner_West_Ashfield_DCP_2016__chapter_d_precinct_guidelines__D5 C12_3 DS10_3,Part 5
120555,110569,Inner_West_Ashfield_DCP_2016__chapter_d_precinct_guidelines__D8 C12_3 DS10_3,Part 8
120556,110570,Inner_West_Ashfield_DCP_2016__chapter_d_precinct_guidelines__D5 C12_3 DS10_4,Part 5
120557,110570,Inner_West_Ashfield_DCP_2016__chapter_d_precinct_guidelines__D8 C12_3 DS10_4,Part 8
120558,110572,Inner_West_Ashfield_DCP_2016__chapter_d_precinct_guidelines__D4 C12_3 DS11_1,Part 4
120559,110572,Inner_West_Ashfield_DCP_2016__chapter_d_precinct_guidelines__D5 C12_3 DS11_1,Part 5
120560,110572,Inner_West_Ashfield_DCP_2016__chapter_d_precinct_guidelines__D8 C12_3 DS11_1,Part 8
120561,110592,Inner_West_Ashfield_DCP_2016__chapter_d_precinct_guidelines__D5 C12_3 DS15_1,Part 5
120562,110592,Inner_West_Ashfield_DCP_2016__chapter_d_precinct_guidelines__D7 C12_3 DS15_1,Part 7
120563,110592,Inner_West_Ashfield_DCP_2016__chapter_d_precinct_guidelines__D8 C12_3 DS15_1,Part 8
120564,110624,Inner_West_Ashfield_DCP_2016__chapter_d_precinct_guidelines__D3 D12_3 DS3_1,Part 3
120565,110624,Inner_West_Ashfield_DCP_2016__chapter_d_precinct_guidelines__D7 D12_3 DS3_1,Part 7
120566,110624,Inner_West_Ashfield_DCP_2016__chapter_d_precinct_guidelines__D10 D12_3 DS3_1,Part 10
120567,110626,Inner_West_Ashfield_DCP_2016__chapter_d_precinct_guidelines__D7 D12_3 DS4_1,Part 7
120568,110626,Inner_West_Ashfield_DCP_2016__chapter_d_precinct_guidelines__D10 D12_3 DS4_1,Part 10
120569,110627,Inner_West_Ashfield_DCP_2016__chapter_d_precinct_guidelines__D1 D12_3 DS4_2,Part 1
120570,110627,Inner_West_Ashfield_DCP_2016__chapter_d_precinct_guidelines__D3 D12_3 DS4_2,Part 3
120571,110627,Inner_West_Ashfield_DCP_2016__chapter_d_precinct_guidelines__D5 D12_3 DS4_2,Part 5
120572,110627,Inner_West_Ashfield_DCP_2016__chapter_d_precinct_guidelines__D7 D12_3 DS4_2,Part 7
120573,110627,Inner_West_Ashfield_DCP_2016__chapter_d_precinct_guidelines__D10 D12_3 DS4_2,Part 10
120574,110629,Inner_West_Ashfield_DCP_2016__chapter_d_precinct_guidelines__D2 D12_3 DS4_4,Part 2
120575,110629,Inner_West_Ashfield_DCP_2016__chapter_d_precinct_guidelines__D7 D12_3 DS4_4,Part 7
120576,110630,Inner_West_Ashfield_DCP_2016__chapter_d_precinct_guidelines__D5 D12_3 DS4_5,Part 5
120577,110630,Inner_West_Ashfield_DCP_2016__chapter_d_precinct_guidelines__D7 D12_3 DS4_5,Part 7
120578,110630,Inner_West_Ashfield_DCP_2016__chapter_d_precinct_guidelines__D10 D12_3 DS4_5,Part 10
120579,110631,Inner_West_Ashfield_DCP_2016__chapter_d_precinct_guidelines__D5 D12_3 DS4_6,Part 5
120580,110631,Inner_West_Ashfield_DCP_2016__chapter_d_precinct_guidelines__D10 D12_3 DS4_6,Part 10
120581,110632,Inner_West_Ashfield_DCP_2016__chapter_d_precinct_guidelines__D5 D12_3 PC5,Part 5
120582,110632,Inner_West_Ashfield_DCP_2016__chapter_d_precinct_guidelines__D7 D12_3 PC5,Part 7
120583,110632,Inner_West_Ashfield_DCP_2016__chapter_d_precinct_guidelines__D10 D12_3 PC5,Part 10
120584,110633,Inner_West_Ashfield_DCP_2016__chapter_d_precinct_guidelines__D2 D12_3 DS5_1,Part 2
120585,110633,Inner_West_Ashfield_DCP_2016__chapter_d_precinct_guidelines__D3 D12_3 DS5_1,Part 3
120586,110633,Inner_West_Ashfield_DCP_2016__chapter_d_precinct_guidelines__D5 D12_3 DS5_1,Part 5
120587,110633,Inner_West_Ashfield_DCP_2016__chapter_d_precinct_guidelines__D7 D12_3 DS5_1,Part 7
120588,110633,Inner_West_Ashfield_DCP_2016__chapter_d_precinct_guidelines__D10 D12_3 DS5_1,Part 10
120589,110634,Inner_West_Ashfield_DCP_2016__chapter_d_precinct_guidelines__D5 D12_3 DS5_2,Part 5
120590,110634,Inner_West_Ashfield_DCP_2016__chapter_d_precinct_guidelines__D7 D12_3 DS5_2,Part 7
120591,110634,Inner_West_Ashfield_DCP_2016__chapter_d_precinct_guidelines__D10 D12_3 DS5_2,Part 10
120592,110635,Inner_West_Ashfield_DCP_2016__chapter_d_precinct_guidelines__D5 D12_3 DS5_3,Part 5
120593,110635,Inner_West_Ashfield_DCP_2016__chapter_d_precinct_guidelines__D7 D12_3 DS5_3,Part 7
120594,110635,Inner_West_Ashfield_DCP_2016__chapter_d_precinct_guidelines__D10 D12_3 DS5_3,Part 10
120595,110636,Inner_West_Ashfield_DCP_2016__chapter_d_precinct_guidelines__D5 D12_3 DS5_4,Part 5
120596,110636,Inner_West_Ashfield_DCP_2016__chapter_d_precinct_guidelines__D7 D12_3 DS5_4,Part 7
120597,110636,Inner_West_Ashfield_DCP_2016__chapter_d_precinct_guidelines__D10 D12_3 DS5_4,Part 10
120598,110637,Inner_West_Ashfield_DCP_2016__chapter_d_precinct_guidelines__D7 D12_3 DS5_5,Part 7
120599,110637,Inner_West_Ashfield_DCP_2016__chapter_d_precinct_guidelines__D10 D12_3 DS5_5,Part 10
120600,110657,Inner_West_Ashfield_DCP_2016__chapter_d_precinct_guidelines__D1 D12_3 Using this Guideline,Part 1
120601,110657,Inner_West_Ashfield_DCP_2016__chapter_d_precinct_guidelines__D2 D12_3 Using this Guideline,Part 2
120602,110657,Inner_West_Ashfield_DCP_2016__chapter_d_precinct_guidelines__D3 D12_3 Using this Guideline,Part 3
120603,110657,Inner_West_Ashfield_DCP_2016__chapter_d_precinct_guidelines__D4 D12_3 Using this Guideline,Part 4
120604,110657,Inner_West_Ashfield_DCP_2016__chapter_d_precinct_guidelines__D5 D12_3 Using this Guideline,Part 5
120605,110657,Inner_West_Ashfield_DCP_2016__chapter_d_precinct_guidelines__D6 D12_3 Using this Guideline,Part 6
120606,110657,Inner_West_Ashfield_DCP_2016__chapter_d_precinct_guidelines__D7 D12_3 Using this Guideline,Part 7
120607,110657,Inner_West_Ashfield_DCP_2016__chapter_d_precinct_guidelines__D8 D12_3 Using this Guideline,Part 8
120608,110657,Inner_West_Ashfield_DCP_2016__chapter_d_precinct_guidelines__D10 D12_3 Using this Guideline,Part 10
120609,110657,Inner_West_Ashfield_DCP_2016__chapter_d_precinct_guidelines__D11 D12_3 Using this Guideline,Part 11
120610,110657,Inner_West_Ashfield_DCP_2016__chapter_d_precinct_guidelines__D12 D12_3 Using this Guideline,Part 12
120611,110657,Inner_West_Ashfield_DCP_2016__chapter_d_precinct_guidelines__D13 D12_3 Using this Guideline,Part 13
120612,110671,Inner_West_Ashfield_DCP_2016__chapter_d_precinct_guidelines__D1 D13_1 Using this Guideline,Part 1
120613,110671,Inner_West_Ashfield_DCP_2016__chapter_d_precinct_guidelines__D2 D13_1 Using this Guideline,Part 2
120614,110671,Inner_West_Ashfield_DCP_2016__chapter_d_precinct_guidelines__D3 D13_1 Using this Guideline,Part 3
120615,110671,Inner_West_Ashfield_DCP_2016__chapter_d_precinct_guidelines__D4 D13_1 Using this Guideline,Part 4
120616,110671,Inner_West_Ashfield_DCP_2016__chapter_d_precinct_guidelines__D5 D13_1 Using this Guideline,Part 5
120617,110671,Inner_West_Ashfield_DCP_2016__chapter_d_precinct_guidelines__D6 D13_1 Using this Guideline,Part 6
120618,110671,Inner_West_Ashfield_DCP_2016__chapter_d_precinct_guidelines__D7 D13_1 Using this Guideline,Part 7
120619,110671,Inner_West_Ashfield_DCP_2016__chapter_d_precinct_guidelines__D8 D13_1 Using this Guideline,Part 8
120620,110671,Inner_West_Ashfield_DCP_2016__chapter_d_precinct_guidelines__D10 D13_1 Using this Guideline,Part 10
120621,110671,Inner_West_Ashfield_DCP_2016__chapter_d_precinct_guidelines__D11 D13_1 Using this Guideline,Part 11
120622,110671,Inner_West_Ashfield_DCP_2016__chapter_d_precinct_guidelines__D12 D13_1 Using this Guideline,Part 12
120623,110671,Inner_West_Ashfield_DCP_2016__chapter_d_precinct_guidelines__D13 D13_1 Using this Guideline,Part 13
