id,provision_text_before
101028,"# B16 Inter-War Buildings — Controls

16.1.1 General
(a) All Inter-War Buildings should comply with Part B16 Inter War Buildings. Inter-
War Buildings that are Heritage Items or located within a Heritage Conservation
Area must also comply with the provisions of Part B9 Heritage.
2. With reference to the Waverley Inter-War Building Design Guidelines, the SEE and
plans demonstrate the following:
(i) Locate the Inter War building and note if they are heritage items,
located in a Heritage Conservation Area;
(ii) Identify the context of the street;
(iii) Identify the style of the building and the key defining features;
(iv) Identify the type of building;
(v) Determine the proposed level of modification;
(vi) Assess the proposal against the compliance check list;
(vii) Complete the compliance table.
(c) Retain and maintain original building fabric and decorative elements such as
parapets.
WAVERLEY DEVELOPMENT CONTROL PLAN 2022
138

Inter War Buildings B16
(d) Provide maintenance and repairs where necessary utilising traditional
techniques and materials.
(e) Encourage the retention and maintenance of original decorative materials and
finishes including fencing and light fixtures
(f) Maintain and retain original face brickwork and stonework.
(g) Preserve the building’s contribution to, and relationship with, the streetscape.
(h) Alterations and additions are to be complementary and secondary to the
existing building design.
(i) Subtly differentiate new additions and alterations from the original building.
(j) Minimise the visibility of new additions from the public domain and ensure that
the original building remains dominant.
(k) Demonstrate a high standard of design excellence.
(l) Upgrade the systems within the building in line with the BCA, AS, DDA and other
standards and codes as necessary; and
(m) Maintain the integrity of the design of the building when providing upgrades to
the building.
(n) Development is required to apply a material or colour scheme in accordance
with the Waverley Inter-War Flat Building Heritage Design Guidelines.
(o) Any on-site car parking is to maintain the building’s relationship to the
streetscape.
(p) Comply with the conservation principles in Table 9.
(q) Despite controls above, strict compliance with Table 9 may be varied if Council is
satisfied that a proposal for alterations and additions can demonstrate
innovation, design excellence and consistency with the objectives of this Part.
Building Element Conservation Principles
Form and Massing Explore the retention of simple prismatic masonry forms, simple hipped
roof forms and respond to the character of the building
Retain the principal form of the buildings.
Streetscape Elevation(s) Retain the principal streetscape elevation(s).
Roof Finishes Retain terracotta tile finishes or replace to match.
Replace flat roofs as necessary.
Roof Parapet Retain parapets and do not extend and reinstate where previously
removed.
Wall Finishes Retain decorative brickwork and do not paint or render face brickwork.
Paint non original finishes in dark neutral tones to suggest face brickwork.
Retain original textured render finishes (smooth, fan trowelled, roughcast).
Retain original shingle finishes and original battened sheet finishes
including projecting window bays.
Signage Retain building name on façade or reinstate building name based on
evidence.
Verandah Retain original openings and do not infill original verandahs except in noisy
locations where highly sympathetic additions may be appropriate.
WAVERLEY DEVELOPMENT CONTROL PLAN 2022
139

Inter War Buildings B16
Explore opening up of previous infilled verandah or replace glazing with
frameless glazing.
Retain the pattern and proportion of original windows and timber or steel
finish.
Replacements need to match the original proportion and finish.
Retain proportion and glazing pattern of windows converted to doors.
Remove external security bars and provide alternate security sympathetic
to the style
Fenestration Retain the pattern and proportion of original windows and timber or steel
finish.
Replacements need to match the original proportion and finish.
Retain proportion and glazing pattern of windows converted to doors.
Remove external security bars and provide alternate security.
Entry Retain original timber French doors with multi pane glazing.
Retain / restore porch.
Retain original steps and simple pipe rail handrail.
Retain terrazzo flooring, unglazed terracotta tiles, original concrete slab
awnings and wall finishes
Fire and safety and security upgrade discreet and retain original fabric.
Stylistic Features Retain stylistic features listed in Style table (refer to Waverley Inter-War
Building Design Guidelines) and reinstate lost features.
Additions Minor additions should retain the overall form and character of the
building.
Minor additions should not be visually prominent from the street.
Attic Conversion – Use of space in the roof form may be acceptable, with consideration of
storage and habitable WLEP building height and floor space ratio development standards
Control size and location of skylights and retain gable end finishes.
Fenestration should respond to the scale and proportion of the existing
fenestration.
Inset Balcony Avoid inset balconies to visible roof planes.
Dormers Front dormers are not acceptable.
Rear dormers may be acceptable as they (are not visible from the street)
have limited visibility.
Side dormers should be proportional in scale with the existing roof, and
may be acceptable depending on visual impact and impact on views.
Roof Additions Roof additions are generally only supported where established surrounding
streetscape scale is higher.
Retain parapet and set back additions behind parapet to ensure skyline is
retained.
Use recessive finish detail and colour to minimise impact of additions.
Minimise the thickness of the roof edge.
WAVERLEY DEVELOPMENT CONTROL PLAN 2022
140

Inter War Buildings B16
Setback privacy screens and dividing walls from parapet (planter solution)
to ensure skyline is not interrupted.
Balconies Balcony additions to rear only.
Balcony should support stylistic characteristics and articulation of façade.
Undercroft Alterations Re-use of laundries and undercroft areas is acceptable.
Rear Additions Set down additions to the rear below the gutter height.
Fences and Gates Retain original low masonry boundary fences and retain original materials.
Do not raise height of fence. Use landscape to limit access and provide
privacy.
Landscape Retain landscape areas forward of building line and maximise landscape to
street front.
Use landscape to conceal mailboxes, bins and new ancillary facilities.
Landscape – retain ‘crazy’ flagstone, fountains, approach paths and other
hard landscaping features.
Parking Retain original basement garage opening widths.
Do not widen driveways and retain concrete wheel strips.
Do not construct garages or carports in front setback or in front of buildings
Pergolas may be appropriate to mitigate broad expanse of car stands.
Recess garage doors.
Mailboxes Retain original inset mailboxes built into fence.
Expand in similar style as necessary or locate new mailboxes within
landscape.
Interior Modification of the interior can occur if there is no impact on the street
facades.
Upgrades Fire security upgrades must be discreet and respect original fabric.
The character of the street presentation and foyer need to be retained as
far as practical when implementing upgrades.
Alternate solutions should be explored to allow the retention of the original
fabric.
Table 9: Inter-War Building Conservation Principles
16.2 Shopfronts
(a) Retain the original significant features including ingoes, signage, glazing
pattern, location of doors, tiling and awnings.
(b) Respect the original form, scale and detailing of the building and not
compromise the integrity and consistency of the streetscape.
(c) Aim to increase accessibility to the shopfront through permanent or
temporary measures as deemed suitable in consultation with Council.
WAVERLEY DEVELOPMENT CONTROL PLAN 2022
141"
