id,ref,text
101134,Waverley_DCP_2022__waverley_dcp_2022__D1,"# D1 Commercial and Retail Development

Commercial and Retail Development D1
D1 COMMERCIAL AND RETAIL DEVELOPMENT
This Part applies to commercial and retail premises throughout Waverley.

---
**Table 2** (Page 254)

<table>
<thead>
<tr>
  <th></th>
  <th>ZONE</th>
  <th></th>
  <th></th>
  <th>Trading Hours</th>
</tr>
</thead>
<tbody>
<tr>
  <td>All residential zones</td>
  <td></td>
  <td></td>
  <td>(a) General base trading hours:
(i) 7.00am to 10.00pm, 7 days a
week
(b) Extended trading hours are subject to
a review after 1year and will be
considered up to 6.00am to 11.00pm,
Fridays and Saturdays only.</td>
  <td></td>
</tr>
<tr>
  <td>All zones</td>
  <td></td>
  <td></td>
  <td>(a) Special New Years Eve trading hours:
(i) 10.00pm New Years Eve –
1.00am New Years Day.</td>
  <td></td>
</tr>
<tr>
  <td></td>
  <td>CENTRE NAME - see Part E for maps</td>
  <td></td>
  <td></td>
  <td>Trading Hours</td>
</tr>
<tr>
  <td>Bondi Junction (MU1 Zone portions)</td>
  <td></td>
  <td></td>
  <td>(a) General base trading hours:
(i) Monday to Saturday: 6.00am to
11.00pm; and
(ii) Sunday: 6.00am to 10.00pm.
(b) Extended trading are subject to a
review after 1 year and will be
considered up to:
(i) Monday – Sunday: 6.00am to
midnight.</td>
  <td></td>
</tr>
<tr>
  <td>Bronte Road, Bondi Junction</td>
  <td></td>
  <td></td>
  <td></td>
  <td></td>
</tr>
<tr>
  <td>Bondi Beach</td>
  <td></td>
  <td></td>
  <td></td>
  <td></td>
</tr>
<tr>
  <td>Bondi Road</td>
  <td></td>
  <td></td>
  <td></td>
  <td></td>
</tr>
</tbody>
</table>



**Table 3** (Page 255)

<table>
<thead>
<tr>
  <th></th>
  <th></th>
</tr>
</thead>
<tbody>
<tr>
  <td>Oxford Street Mall (also includes 4A
Bronte Road, Bondi Junction)</td>
  <td>(a) General base trading hours:
(i) Monday to Sunday: 6.00am to
3.00am.</td>
</tr>
<tr>
  <td>Bondi Junction (E2 Zone portions
excluding 4A Bronte Road, Bondi
Junction)</td>
  <td>(a) General base trading hours:
(i) Monday to Saturday: 6.00am to
11.00pm; and
(ii) Sunday: 6.00am to 10.00pm.
(b) Extended trading hours are subject to
a review after 1 year and will be
considered up to:
(i) Sunday to Wednesday: 6.00am to
midnight; and
(ii) Thursday, Friday and Saturday:
6.00am to 1.00am.</td>
</tr>
<tr>
  <td>Macpherson Street</td>
  <td>(a) General base trading hours:
(i) 6.00am to 10.00pm, 7 days a
week.
(b) Extended trading hours are subject to
a review after 1 year and will be
considered up to:
(i) 11:00pm on Thursdays,
Fridays and Saturdays only</td>
</tr>
<tr>
  <td>Wairoa Avenue</td>
  <td></td>
</tr>
<tr>
  <td>North Bondi</td>
  <td></td>
</tr>
<tr>
  <td>Seven Ways</td>
  <td></td>
</tr>
<tr>
  <td>Bronte Beach</td>
  <td></td>
</tr>
<tr>
  <td>Belgrave Street</td>
  <td></td>
</tr>
<tr>
  <td>Flood Street</td>
  <td></td>
</tr>
<tr>
  <td>Murriverie Road</td>
  <td></td>
</tr>
<tr>
  <td>OSH Road, at Murriverie Road</td>
  <td></td>
</tr>
<tr>
  <td>Vaucluse</td>
  <td></td>
</tr>
<tr>
  <td>Blake Street</td>
  <td></td>
</tr>
<tr>
  <td>Fletcher Street</td>
  <td></td>
</tr>
</tbody>
</table>

"
101169,Waverley_DCP_2022__waverley_dcp_2022__E1_1_9_controls,"# E1 Bondi Junction — 1.9 Street Alignment — Controls

"
101206,Waverley_DCP_2022__waverley_dcp_2022__E1_1_22_controls,"# E1 Bondi Junction — 1.22 Oxford Street Mall Provisions — Controls

"
