id,precinct_id,name_before,name_after
225,10_,Dulwich HIll North Precinct 10,Dulwich Hill North Precinct 10
222,18_,Dulwich Hill Station North Precicnt 18,Dulwich Hill Station North Precinct 18
217,2_,Petershma North Precinct 2,Petersham North Precinct 2
228,21_,Newj Park Precinct 21,Ness Park Precinct 21
165,22_,Dulwich Hill Station South Precinct 11,Dulwich Hill Station South Precinct 22
173,27_,Barwon Park Sount Precinct 27,Barwon Park South Precinct 27
241,38_,Dullwich Hill Comercial Precinct,Dulwich Hill Commercial Precinct 38
175,42_,CamperdoWN North Precinct 42,Camperdown North Precinct 42
239,45_,McGill St Precicnt 45 ,McGill St Precinct 45
