new_id,source_id,ref,precinct_id
121492,121124,Ku-ring-gai_DCP__section_b_part_14b_turramurra_local_centre__14b_1__14B_T2,14B_T2
121493,121124,Ku-ring-gai_DCP__section_b_part_14b_turramurra_local_centre__14b_1__14B_T3,14B_T3
121494,121124,Ku-ring-gai_DCP__section_b_part_14b_turramurra_local_centre__14b_1__14B_T4,14B_T4
121495,121125,Ku-ring-gai_DCP__section_b_part_14b_turramurra_local_centre__14b_2__14B_T2,14B_T2
121496,121125,Ku-ring-gai_DCP__section_b_part_14b_turramurra_local_centre__14b_2__14B_T3,14B_T3
121497,121125,Ku-ring-gai_DCP__section_b_part_14b_turramurra_local_centre__14b_2__14B_T4,14B_T4
121498,121126,Ku-ring-gai_DCP__section_b_part_14b_turramurra_local_centre__14b_3__14B_T2,14B_T2
121499,121126,Ku-ring-gai_DCP__section_b_part_14b_turramurra_local_centre__14b_3__14B_T3,14B_T3
121500,121126,Ku-ring-gai_DCP__section_b_part_14b_turramurra_local_centre__14b_3__14B_T4,14B_T4
121501,121129,Ku-ring-gai_DCP__section_b_part_14b_turramurra_local_centre__14b_6__14B_T2,14B_T2
121502,121129,Ku-ring-gai_DCP__section_b_part_14b_turramurra_local_centre__14b_6__14B_T3,14B_T3
121503,121129,Ku-ring-gai_DCP__section_b_part_14b_turramurra_local_centre__14b_6__14B_T4,14B_T4
121504,121130,Ku-ring-gai_DCP__section_b_part_14b_turramurra_local_centre__14b_7__14B_T2,14B_T2
121505,121130,Ku-ring-gai_DCP__section_b_part_14b_turramurra_local_centre__14b_7__14B_T3,14B_T3
121506,121130,Ku-ring-gai_DCP__section_b_part_14b_turramurra_local_centre__14b_7__14B_T4,14B_T4
121507,121123,Ku-ring-gai_DCP__section_b_part_14b_turramurra_local_centre__intro__14B_T2,14B_T2
121508,121123,Ku-ring-gai_DCP__section_b_part_14b_turramurra_local_centre__intro__14B_T3,14B_T3
121509,121123,Ku-ring-gai_DCP__section_b_part_14b_turramurra_local_centre__intro__14B_T4,14B_T4
121510,121127,Ku-ring-gai_DCP__section_b_part_14b_turramurra_local_centre__14b_4__14B_T2,14B_T2
121511,121127,Ku-ring-gai_DCP__section_b_part_14b_turramurra_local_centre__14b_4__14B_T3,14B_T3
121512,121127,Ku-ring-gai_DCP__section_b_part_14b_turramurra_local_centre__14b_4__14B_T4,14B_T4
121513,121128,Ku-ring-gai_DCP__section_b_part_14b_turramurra_local_centre__14b_5__14B_T2,14B_T2
121514,121128,Ku-ring-gai_DCP__section_b_part_14b_turramurra_local_centre__14b_5__14B_T3,14B_T3
121515,121128,Ku-ring-gai_DCP__section_b_part_14b_turramurra_local_centre__14b_5__14B_T4,14B_T4
121516,121133,Ku-ring-gai_DCP__section_b_part_14b_turramurra_local_centre__14b_3__14B_T2,14B_T2
121517,121133,Ku-ring-gai_DCP__section_b_part_14b_turramurra_local_centre__14b_3__14B_T3,14B_T3
121518,121133,Ku-ring-gai_DCP__section_b_part_14b_turramurra_local_centre__14b_3__14B_T4,14B_T4
