id,before,after,note
121124,,14B_T1,general Turramurra -> T1 (dup to T2-T4)
121132,,14B_T2,specific section -> its T-precinct
121134,,14B_T2,specific section -> its T-precinct
121125,,14B_T1,general Turramurra -> T1 (dup to T2-T4)
121126,,14B_T1,general Turramurra -> T1 (dup to T2-T4)
121129,,14B_T1,general Turramurra -> T1 (dup to T2-T4)
121130,,14B_T1,general Turramurra -> T1 (dup to T2-T4)
121135,,14B_T3,specific section -> its T-precinct
121136,,14B_T4,specific section -> its T-precinct
121131,,14B_T1,specific section -> its T-precinct
121123,,14B_T1,general Turramurra -> T1 (dup to T2-T4)
121127,,14B_T1,general Turramurra -> T1 (dup to T2-T4)
121128,,14B_T1,general Turramurra -> T1 (dup to T2-T4)
121133,,14B_T1,general Turramurra -> T1 (dup to T2-T4)
