id,ref,head
98260,Ku-ring-gai_DCP_2024__section_a_part_12_signage__12_3,# 12.3 BUSINESS IDENTIFICATION SIGNS Objectives 1 To encoura
98261,Ku-ring-gai_DCP_2024__section_a_part_12_signage__12_3,# 12.3 BUSINESS IDENTIFICATION SIGNS Objectives 1 To encoura
98268,Ku-ring-gai_DCP_2024__section_a_part_12_signage__12_9,# 12.9 TEMPORARY SIGNS Objectives 1 To provide opportunities
98347,Ku-ring-gai_DCP_2024__section_c_part_22_parking__22_1,"# 22.1 EQUITABLE ACCESS Objectives 1 To encourage

22
22.1 E"
98348,Ku-ring-gai_DCP_2024__section_c_part_22_parking__22_1,"# 22.1 EQUITABLE ACCESS Objectives 1 To encourage

22
22.1 E"
98351,Ku-ring-gai_DCP_2024__section_c_part_22_parking__22_2,# 22.2 GENERAL VEHICLE ACCESS Objectives 1 To ensure pedestr
