id,ref,evidence
107370,Leichhardt_DCP_2013__part_g_s1_site_specific__C3,"text verbatim in sections ['G10', 'G6', 'G7']; replaced by per-section copies"
107372,Leichhardt_DCP_2013__part_g_s1_site_specific__C5,"text verbatim in sections ['G10', 'G8']; replaced by per-section copies"
107424,Leichhardt_DCP_2013__part_g_s1_site_specific__C4_4 C4,"text verbatim in sections ['G2', 'G4']; replaced by per-section copies"
107504,Leichhardt_DCP_2013__part_g_s1_site_specific__G6_6 O4,"text verbatim in sections ['G6', 'G9']; replaced by per-section copies"
107517,Leichhardt_DCP_2013__part_g_s1_site_specific__G6_7 C1,"text verbatim in sections ['G6', 'G7']; replaced by per-section copies"
107519,Leichhardt_DCP_2013__part_g_s1_site_specific__G6_8 O1,"text verbatim in sections ['G6', 'G9']; replaced by per-section copies"
107522,Leichhardt_DCP_2013__part_g_s1_site_specific__G6_8 C3,"text verbatim in sections ['G6', 'G9']; replaced by per-section copies"
107537,Leichhardt_DCP_2013__part_g_s1_site_specific__G6_12 O1,"text verbatim in sections ['G10', 'G6', 'G9']; replaced by per-section copies"
107545,Leichhardt_DCP_2013__part_g_s1_site_specific__G6_13 O1,"text verbatim in sections ['G10', 'G6', 'G7', 'G8', 'G9']; replaced by per-section copies"
107547,Leichhardt_DCP_2013__part_g_s1_site_specific__G6_14 O1,"text verbatim in sections ['G6', 'G7', 'G8', 'G9']; replaced by per-section copies"
107548,Leichhardt_DCP_2013__part_g_s1_site_specific__G6_14 C1,"text verbatim in sections ['G6', 'G7', 'G8', 'G9']; replaced by per-section copies"
107550,Leichhardt_DCP_2013__part_g_s1_site_specific__G6_15 O1,"text verbatim in sections ['G6', 'G7', 'G8', 'G9']; replaced by per-section copies"
107551,Leichhardt_DCP_2013__part_g_s1_site_specific__G6_15 C1,"text verbatim in sections ['G6', 'G7', 'G8', 'G9']; replaced by per-section copies"
107553,Leichhardt_DCP_2013__part_g_s1_site_specific__G6_15 C3,"text verbatim in sections ['G6', 'G9']; replaced by per-section copies"
107554,Leichhardt_DCP_2013__part_g_s1_site_specific__G6_15 C4,"text verbatim in sections ['G6', 'G7', 'G8', 'G9']; replaced by per-section copies"
107555,Leichhardt_DCP_2013__part_g_s1_site_specific__G6_16 O1,"text verbatim in sections ['G6', 'G7', 'G8']; replaced by per-section copies"
107558,Leichhardt_DCP_2013__part_g_s1_site_specific__G6_17 C1,"text verbatim in sections ['G6', 'G7']; replaced by per-section copies"
107559,Leichhardt_DCP_2013__part_g_s1_site_specific__G6_17 C2,"text verbatim in sections ['G6', 'G7']; replaced by per-section copies"
107560,Leichhardt_DCP_2013__part_g_s1_site_specific__G6_18 O1,"text verbatim in sections ['G6', 'G7', 'G8']; replaced by per-section copies"
107562,Leichhardt_DCP_2013__part_g_s1_site_specific__G6_19 O1,"text verbatim in sections ['G6', 'G7', 'G8']; replaced by per-section copies"
107563,Leichhardt_DCP_2013__part_g_s1_site_specific__G6_19 C1,"text verbatim in sections ['G6', 'G8']; replaced by per-section copies"
107564,Leichhardt_DCP_2013__part_g_s1_site_specific__G6_19 C2,"text verbatim in sections ['G6', 'G7', 'G8']; replaced by per-section copies"
107585,Leichhardt_DCP_2013__part_g_s1_site_specific__G6_24 C2,"text verbatim in sections ['G10', 'G6', 'G7']; replaced by per-section copies"
107589,Leichhardt_DCP_2013__part_g_s1_site_specific__G6_26 O1,"text verbatim in sections ['G6', 'G7', 'G8']; replaced by per-section copies"
107593,Leichhardt_DCP_2013__part_g_s1_site_specific__G6_28 O1,"text verbatim in sections ['G6', 'G7', 'G8']; replaced by per-section copies"
107597,Leichhardt_DCP_2013__part_g_s1_site_specific__G6_29 O1,"text verbatim in sections ['G10', 'G11', 'G6', 'G7', 'G8', 'G9']; replaced by per-section copies"
107598,Leichhardt_DCP_2013__part_g_s1_site_specific__G6_29 O2,"text verbatim in sections ['G10', 'G6', 'G7', 'G8', 'G9']; replaced by per-section copies"
107599,Leichhardt_DCP_2013__part_g_s1_site_specific__G6_29 O3,"text verbatim in sections ['G10', 'G6', 'G7', 'G8', 'G9']; replaced by per-section copies"
107600,Leichhardt_DCP_2013__part_g_s1_site_specific__G6_29 C1,"text verbatim in sections ['G6', 'G7']; replaced by per-section copies"
107602,Leichhardt_DCP_2013__part_g_s1_site_specific__G6_29 C3,"text verbatim in sections ['G10', 'G6', 'G7']; replaced by per-section copies"
107612,Leichhardt_DCP_2013__part_g_s1_site_specific__G7_5_3 C2,"text verbatim in sections ['G6', 'G7']; replaced by per-section copies"
107644,Leichhardt_DCP_2013__part_g_s1_site_specific__G7_6_3 O1,"text verbatim in sections ['G10', 'G6', 'G7', 'G8', 'G9']; replaced by per-section copies"
107647,Leichhardt_DCP_2013__part_g_s1_site_specific__G7_6_4 O1,"text verbatim in sections ['G6', 'G7', 'G8', 'G9']; replaced by per-section copies"
107648,Leichhardt_DCP_2013__part_g_s1_site_specific__G7_6_4 C1,"text verbatim in sections ['G6', 'G7', 'G8', 'G9']; replaced by per-section copies"
107649,Leichhardt_DCP_2013__part_g_s1_site_specific__G7_6_4 C2,"text verbatim in sections ['G6', 'G7']; replaced by per-section copies"
107650,Leichhardt_DCP_2013__part_g_s1_site_specific__G7_6_5 O1,"text verbatim in sections ['G6', 'G7', 'G8', 'G9']; replaced by per-section copies"
107651,Leichhardt_DCP_2013__part_g_s1_site_specific__G7_6_5 C1,"text verbatim in sections ['G6', 'G7', 'G8', 'G9']; replaced by per-section copies"
107652,Leichhardt_DCP_2013__part_g_s1_site_specific__G7_6_5 C2,"text verbatim in sections ['G6', 'G7', 'G9']; replaced by per-section copies"
107653,Leichhardt_DCP_2013__part_g_s1_site_specific__G7_6_5 C3,"text verbatim in sections ['G6', 'G7', 'G8', 'G9']; replaced by per-section copies"
107654,Leichhardt_DCP_2013__part_g_s1_site_specific__G7_6_6 O1,"text verbatim in sections ['G6', 'G7', 'G8']; replaced by per-section copies"
107657,Leichhardt_DCP_2013__part_g_s1_site_specific__G7_6_7 C1,"text verbatim in sections ['G6', 'G7']; replaced by per-section copies"
107658,Leichhardt_DCP_2013__part_g_s1_site_specific__G7_6_7 C2,"text verbatim in sections ['G6', 'G7']; replaced by per-section copies"
107659,Leichhardt_DCP_2013__part_g_s1_site_specific__G7_7_1 O1,"text verbatim in sections ['G6', 'G7', 'G8']; replaced by per-section copies"
107660,Leichhardt_DCP_2013__part_g_s1_site_specific__G7_7_1 C1,"text verbatim in sections ['G7', 'G8']; replaced by per-section copies"
107661,Leichhardt_DCP_2013__part_g_s1_site_specific__G7_7_2 O1,"text verbatim in sections ['G6', 'G7', 'G8']; replaced by per-section copies"
107662,Leichhardt_DCP_2013__part_g_s1_site_specific__G7_7_2 C1,"text verbatim in sections ['G6', 'G7', 'G8']; replaced by per-section copies"
107663,Leichhardt_DCP_2013__part_g_s1_site_specific__G7_7_3 O1,"text verbatim in sections ['G7', 'G8']; replaced by per-section copies"
107666,Leichhardt_DCP_2013__part_g_s1_site_specific__G7_7_4 O1,"text verbatim in sections ['G10', 'G7', 'G8']; replaced by per-section copies"
107667,Leichhardt_DCP_2013__part_g_s1_site_specific__G7_7_4 O2,"text verbatim in sections ['G7', 'G8']; replaced by per-section copies"
107670,Leichhardt_DCP_2013__part_g_s1_site_specific__G7_7_5 O1,"text verbatim in sections ['G7', 'G8']; replaced by per-section copies"
107674,Leichhardt_DCP_2013__part_g_s1_site_specific__G7_7_5 C3,"text verbatim in sections ['G7', 'G8']; replaced by per-section copies"
107680,Leichhardt_DCP_2013__part_g_s1_site_specific__G7_8_2 O1,"text verbatim in sections ['G6', 'G7']; replaced by per-section copies"
107682,Leichhardt_DCP_2013__part_g_s1_site_specific__G7_9_1 O1,"text verbatim in sections ['G6', 'G7', 'G8']; replaced by per-section copies"
107684,Leichhardt_DCP_2013__part_g_s1_site_specific__G7_9_2 O1,"text verbatim in sections ['G6', 'G7', 'G8']; replaced by per-section copies"
107686,Leichhardt_DCP_2013__part_g_s1_site_specific__G7_9_2 C2,"text verbatim in sections ['G6', 'G7']; replaced by per-section copies"
107687,Leichhardt_DCP_2013__part_g_s1_site_specific__G7_10_1 O1,"text verbatim in sections ['G10', 'G11', 'G6', 'G7', 'G8', 'G9']; replaced by per-section copies"
107688,Leichhardt_DCP_2013__part_g_s1_site_specific__G7_10_1 O2,"text verbatim in sections ['G10', 'G6', 'G7', 'G8', 'G9']; replaced by per-section copies"
107689,Leichhardt_DCP_2013__part_g_s1_site_specific__G7_10_1 O3,"text verbatim in sections ['G10', 'G6', 'G7', 'G8', 'G9']; replaced by per-section copies"
107690,Leichhardt_DCP_2013__part_g_s1_site_specific__G7_10_1 C1,"text verbatim in sections ['G6', 'G7']; replaced by per-section copies"
107693,Leichhardt_DCP_2013__part_g_s1_site_specific__G8_3 O1,"text verbatim in sections ['G8', 'G9']; replaced by per-section copies"
107695,Leichhardt_DCP_2013__part_g_s1_site_specific__G8_3 O3,"text verbatim in sections ['G10', 'G7', 'G8', 'G9']; replaced by per-section copies"
107713,Leichhardt_DCP_2013__part_g_s1_site_specific__G8_6_1 O2,"text verbatim in sections ['G10', 'G8', 'G9']; replaced by per-section copies"
107714,Leichhardt_DCP_2013__part_g_s1_site_specific__G8_6_1 O3,"text verbatim in sections ['G8', 'G9']; replaced by per-section copies"
107715,Leichhardt_DCP_2013__part_g_s1_site_specific__G8_6_1 O4,"text verbatim in sections ['G10', 'G8', 'G9']; replaced by per-section copies"
107720,Leichhardt_DCP_2013__part_g_s1_site_specific__G8_6_2 O1,"text verbatim in sections ['G10', 'G6', 'G7', 'G8', 'G9']; replaced by per-section copies"
107721,Leichhardt_DCP_2013__part_g_s1_site_specific__G8_6_2 O2,"text verbatim in sections ['G10', 'G8', 'G9']; replaced by per-section copies"
107726,Leichhardt_DCP_2013__part_g_s1_site_specific__G8_6_3 O1,"text verbatim in sections ['G10', 'G6', 'G7', 'G8', 'G9']; replaced by per-section copies"
107732,Leichhardt_DCP_2013__part_g_s1_site_specific__G8_6_4 O1,"text verbatim in sections ['G6', 'G7', 'G8', 'G9']; replaced by per-section copies"
107734,Leichhardt_DCP_2013__part_g_s1_site_specific__G8_6_4 C1,"text verbatim in sections ['G6', 'G7', 'G8', 'G9']; replaced by per-section copies"
107736,Leichhardt_DCP_2013__part_g_s1_site_specific__G8_6_4 C3,"text verbatim in sections ['G8', 'G9']; replaced by per-section copies"
107737,Leichhardt_DCP_2013__part_g_s1_site_specific__G8_6_5 O1,"text verbatim in sections ['G6', 'G7', 'G8', 'G9']; replaced by per-section copies"
107738,Leichhardt_DCP_2013__part_g_s1_site_specific__G8_6_5 C1,"text verbatim in sections ['G6', 'G7', 'G8', 'G9']; replaced by per-section copies"
107739,Leichhardt_DCP_2013__part_g_s1_site_specific__G8_6_5 C2,"text verbatim in sections ['G8', 'G9']; replaced by per-section copies"
107740,Leichhardt_DCP_2013__part_g_s1_site_specific__G8_6_6 O1,"text verbatim in sections ['G6', 'G7', 'G8']; replaced by per-section copies"
107747,Leichhardt_DCP_2013__part_g_s1_site_specific__G8_7_1 O1,"text verbatim in sections ['G6', 'G7', 'G8']; replaced by per-section copies"
107748,Leichhardt_DCP_2013__part_g_s1_site_specific__G8_7_1 C1,"text verbatim in sections ['G10', 'G8', 'G9']; replaced by per-section copies"
107751,Leichhardt_DCP_2013__part_g_s1_site_specific__G8_7_1 C4,"text verbatim in sections ['G7', 'G8']; replaced by per-section copies"
107752,Leichhardt_DCP_2013__part_g_s1_site_specific__G8_7_2 O1,"text verbatim in sections ['G6', 'G7', 'G8']; replaced by per-section copies"
107753,Leichhardt_DCP_2013__part_g_s1_site_specific__G8_7_2 C1,"text verbatim in sections ['G6', 'G8']; replaced by per-section copies"
107754,Leichhardt_DCP_2013__part_g_s1_site_specific__G8_7_2 C2,"text verbatim in sections ['G6', 'G7', 'G8']; replaced by per-section copies"
107755,Leichhardt_DCP_2013__part_g_s1_site_specific__G8_7_3 O1,"text verbatim in sections ['G7', 'G8']; replaced by per-section copies"
107762,Leichhardt_DCP_2013__part_g_s1_site_specific__G8_7_4 O1,"text verbatim in sections ['G10', 'G7', 'G8']; replaced by per-section copies"
107763,Leichhardt_DCP_2013__part_g_s1_site_specific__G8_7_4 O2,"text verbatim in sections ['G7', 'G8']; replaced by per-section copies"
107765,Leichhardt_DCP_2013__part_g_s1_site_specific__G8_7_5 O1,"text verbatim in sections ['G7', 'G8']; replaced by per-section copies"
107769,Leichhardt_DCP_2013__part_g_s1_site_specific__G8_7_5 C4,"text verbatim in sections ['G7', 'G8']; replaced by per-section copies"
107771,Leichhardt_DCP_2013__part_g_s1_site_specific__G8_8_1 O1,"text verbatim in sections ['G6', 'G7', 'G8']; replaced by per-section copies"
107774,Leichhardt_DCP_2013__part_g_s1_site_specific__G8_8_2 O1,"text verbatim in sections ['G6', 'G7', 'G8']; replaced by per-section copies"
107776,Leichhardt_DCP_2013__part_g_s1_site_specific__G8_8_2 C2,"text verbatim in sections ['G6', 'G7', 'G8']; replaced by per-section copies"
107777,Leichhardt_DCP_2013__part_g_s1_site_specific__G8_9_1 O1,"text verbatim in sections ['G8', 'G9']; replaced by per-section copies"
107779,Leichhardt_DCP_2013__part_g_s1_site_specific__G8_9_1 O3,"text verbatim in sections ['G10', 'G8', 'G9']; replaced by per-section copies"
107786,Leichhardt_DCP_2013__part_g_s1_site_specific__G8_10_1 O1,"text verbatim in sections ['G10', 'G11', 'G6', 'G7', 'G8', 'G9']; replaced by per-section copies"
107787,Leichhardt_DCP_2013__part_g_s1_site_specific__G8_10_1 O2,"text verbatim in sections ['G10', 'G6', 'G7', 'G8', 'G9']; replaced by per-section copies"
107788,Leichhardt_DCP_2013__part_g_s1_site_specific__G8_10_1 O3,"text verbatim in sections ['G10', 'G6', 'G7', 'G8', 'G9']; replaced by per-section copies"
107790,Leichhardt_DCP_2013__part_g_s1_site_specific__G9_3 O1,"text verbatim in sections ['G8', 'G9']; replaced by per-section copies"
107792,Leichhardt_DCP_2013__part_g_s1_site_specific__G9_3 O3,"text verbatim in sections ['G8', 'G9']; replaced by per-section copies"
107793,Leichhardt_DCP_2013__part_g_s1_site_specific__G9_3 O4,"text verbatim in sections ['G8', 'G9']; replaced by per-section copies"
107794,Leichhardt_DCP_2013__part_g_s1_site_specific__G9_3 O5,"text verbatim in sections ['G8', 'G9']; replaced by per-section copies"
107795,Leichhardt_DCP_2013__part_g_s1_site_specific__G9_3 O6,"text verbatim in sections ['G8', 'G9']; replaced by per-section copies"
107799,Leichhardt_DCP_2013__part_g_s1_site_specific__G9_5_1 O3,"text verbatim in sections ['G6', 'G9']; replaced by per-section copies"
107804,Leichhardt_DCP_2013__part_g_s1_site_specific__G9_5_2 O1,"text verbatim in sections ['G6', 'G9']; replaced by per-section copies"
107807,Leichhardt_DCP_2013__part_g_s1_site_specific__G9_5_2 C3,"text verbatim in sections ['G6', 'G9']; replaced by per-section copies"
107810,Leichhardt_DCP_2013__part_g_s1_site_specific__G9_6_1 O3,"text verbatim in sections ['G8', 'G9']; replaced by per-section copies"
107812,Leichhardt_DCP_2013__part_g_s1_site_specific__G9_6_1 O5,"text verbatim in sections ['G10', 'G8', 'G9']; replaced by per-section copies"
107821,Leichhardt_DCP_2013__part_g_s1_site_specific__G9_6_1 C8,"text verbatim in sections ['G10', 'G9']; replaced by per-section copies"
107828,Leichhardt_DCP_2013__part_g_s1_site_specific__G9_6_2 O1,"text verbatim in sections ['G10', 'G6', 'G9']; replaced by per-section copies"
107829,Leichhardt_DCP_2013__part_g_s1_site_specific__G9_6_2 O2,"text verbatim in sections ['G10', 'G8', 'G9']; replaced by per-section copies"
107847,Leichhardt_DCP_2013__part_g_s1_site_specific__G9_6_3 O1,"text verbatim in sections ['G6', 'G7', 'G8', 'G9']; replaced by per-section copies"
107848,Leichhardt_DCP_2013__part_g_s1_site_specific__G9_6_3 C1,"text verbatim in sections ['G6', 'G7', 'G8', 'G9']; replaced by per-section copies"
107850,Leichhardt_DCP_2013__part_g_s1_site_specific__G9_6_3 C3,"text verbatim in sections ['G8', 'G9']; replaced by per-section copies"
107851,Leichhardt_DCP_2013__part_g_s1_site_specific__G9_6_4 O1,"text verbatim in sections ['G6', 'G7', 'G8', 'G9']; replaced by per-section copies"
107852,Leichhardt_DCP_2013__part_g_s1_site_specific__G9_6_4 C1,"text verbatim in sections ['G6', 'G7', 'G8', 'G9']; replaced by per-section copies"
107853,Leichhardt_DCP_2013__part_g_s1_site_specific__G9_6_4 C2,"text verbatim in sections ['G8', 'G9']; replaced by per-section copies"
107854,Leichhardt_DCP_2013__part_g_s1_site_specific__G9_6_4 C3,"text verbatim in sections ['G6', 'G7', 'G8', 'G9']; replaced by per-section copies"
107855,Leichhardt_DCP_2013__part_g_s1_site_specific__G9_6_4 C4,"text verbatim in sections ['G6', 'G9']; replaced by per-section copies"
107857,Leichhardt_DCP_2013__part_g_s1_site_specific__G9_7_1 O1,"text verbatim in sections ['G8', 'G9']; replaced by per-section copies"
107858,Leichhardt_DCP_2013__part_g_s1_site_specific__G9_7_1 O2,"text verbatim in sections ['G10', 'G8', 'G9']; replaced by per-section copies"
107862,Leichhardt_DCP_2013__part_g_s1_site_specific__G9_8_1 O1,"text verbatim in sections ['G10', 'G11', 'G6', 'G7', 'G8', 'G9']; replaced by per-section copies"
107863,Leichhardt_DCP_2013__part_g_s1_site_specific__G9_8_1 O2,"text verbatim in sections ['G10', 'G6', 'G7', 'G8', 'G9']; replaced by per-section copies"
107864,Leichhardt_DCP_2013__part_g_s1_site_specific__G9_8_1 O3,"text verbatim in sections ['G10', 'G6', 'G7', 'G8', 'G9']; replaced by per-section copies"
107868,Leichhardt_DCP_2013__part_g_s1_site_specific__G9_9 O1,"text verbatim in sections ['G10', 'G9']; replaced by per-section copies"
107869,Leichhardt_DCP_2013__part_g_s1_site_specific__G9_9 O2,"text verbatim in sections ['G10', 'G9']; replaced by per-section copies"
107870,Leichhardt_DCP_2013__part_g_s1_site_specific__G9_9 O3,"text verbatim in sections ['G10', 'G9']; replaced by per-section copies"
107876,Leichhardt_DCP_2013__part_g_s1_site_specific__G9_9_2 C5,"text verbatim in sections ['G10', 'G8', 'G9']; replaced by per-section copies"
107889,Leichhardt_DCP_2013__part_g_s1_site_specific__G10_3 O1,"text verbatim in sections ['G10', 'G8']; replaced by per-section copies"
107890,Leichhardt_DCP_2013__part_g_s1_site_specific__G10_3 O2,"text verbatim in sections ['G10', 'G7', 'G8', 'G9']; replaced by per-section copies"
107891,Leichhardt_DCP_2013__part_g_s1_site_specific__G10_3 O3,"text verbatim in sections ['G10', 'G9']; replaced by per-section copies"
107892,Leichhardt_DCP_2013__part_g_s1_site_specific__G10_3 O4,"text verbatim in sections ['G10', 'G8']; replaced by per-section copies"
107901,Leichhardt_DCP_2013__part_g_s1_site_specific__G10_5_1 O6,"text verbatim in sections ['G10', 'G8', 'G9']; replaced by per-section copies"
107905,Leichhardt_DCP_2013__part_g_s1_site_specific__G10_5_1 C4,"text verbatim in sections ['G10', 'G9']; replaced by per-section copies"
107906,Leichhardt_DCP_2013__part_g_s1_site_specific__G10_5_2 O1,"text verbatim in sections ['G10', 'G6', 'G9']; replaced by per-section copies"
107907,Leichhardt_DCP_2013__part_g_s1_site_specific__G10_5_2 O2,"text verbatim in sections ['G10', 'G8', 'G9']; replaced by per-section copies"
107910,Leichhardt_DCP_2013__part_g_s1_site_specific__G10_5_2 O5,"text verbatim in sections ['G10', 'G6', 'G7', 'G8', 'G9']; replaced by per-section copies"
107927,Leichhardt_DCP_2013__part_g_s1_site_specific__G10_5_4 C5,"text verbatim in sections ['G10', 'G8']; replaced by per-section copies"
107928,Leichhardt_DCP_2013__part_g_s1_site_specific__G10_6 O1,"text verbatim in sections ['G10', 'G9']; replaced by per-section copies"
107929,Leichhardt_DCP_2013__part_g_s1_site_specific__G10_6 O2,"text verbatim in sections ['G10', 'G9']; replaced by per-section copies"
107930,Leichhardt_DCP_2013__part_g_s1_site_specific__G10_6 O3,"text verbatim in sections ['G10', 'G9']; replaced by per-section copies"
107931,Leichhardt_DCP_2013__part_g_s1_site_specific__G10_6 O4,"text verbatim in sections ['G10', 'G7', 'G8']; replaced by per-section copies"
107934,Leichhardt_DCP_2013__part_g_s1_site_specific__G10_6_2 O1,"text verbatim in sections ['G10', 'G8', 'G9']; replaced by per-section copies"
107935,Leichhardt_DCP_2013__part_g_s1_site_specific__G10_6_2 C1,"text verbatim in sections ['G10', 'G8', 'G9']; replaced by per-section copies"
107945,Leichhardt_DCP_2013__part_g_s1_site_specific__G10_8_1 O2,"text verbatim in sections ['G10', 'G8', 'G9']; replaced by per-section copies"
107948,Leichhardt_DCP_2013__part_g_s1_site_specific__G10_8_1 C3,"text verbatim in sections ['G10', 'G6', 'G7']; replaced by per-section copies"
107949,Leichhardt_DCP_2013__part_g_s1_site_specific__G10_9_1 O1,"text verbatim in sections ['G10', 'G11', 'G6', 'G7', 'G8', 'G9']; replaced by per-section copies"
107950,Leichhardt_DCP_2013__part_g_s1_site_specific__G10_9_1 O2,"text verbatim in sections ['G10', 'G6', 'G7', 'G8', 'G9']; replaced by per-section copies"
107951,Leichhardt_DCP_2013__part_g_s1_site_specific__G10_9_1 O3,"text verbatim in sections ['G10', 'G6', 'G7', 'G8', 'G9']; replaced by per-section copies"
107953,Leichhardt_DCP_2013__part_g_s1_site_specific__G10_9_1 C2,"text verbatim in sections ['G10', 'G6', 'G7']; replaced by per-section copies"
107957,Leichhardt_DCP_2013__part_g_s1_site_specific__G11_4 O3,"text verbatim in sections ['G11', 'G12']; replaced by per-section copies"
107958,Leichhardt_DCP_2013__part_g_s1_site_specific__G11_4 O4,"text verbatim in sections ['G11', 'G12']; replaced by per-section copies"
107959,Leichhardt_DCP_2013__part_g_s1_site_specific__G11_4 O5,"text verbatim in sections ['G11', 'G7']; replaced by per-section copies"
107965,Leichhardt_DCP_2013__part_g_s1_site_specific__G11_4 O11,"text verbatim in sections ['G11', 'G12']; replaced by per-section copies"
107969,Leichhardt_DCP_2013__part_g_s1_site_specific__G11_5 O4,"text verbatim in sections ['G11', 'G12']; replaced by per-section copies"
107974,Leichhardt_DCP_2013__part_g_s1_site_specific__G11_6 O3,"text verbatim in sections ['G11', 'G12']; replaced by per-section copies"
108077,Leichhardt_DCP_2013__part_g_s1_site_specific__G11_15 C1,"text verbatim in sections ['G11', 'G12']; replaced by per-section copies"
108088,Leichhardt_DCP_2013__part_g_s1_site_specific__G11_16 O1,"text verbatim in sections ['G10', 'G11', 'G6', 'G7', 'G8', 'G9']; replaced by per-section copies"
108089,Leichhardt_DCP_2013__part_g_s1_site_specific__G11_16 O2,"text verbatim in sections ['G10', 'G11', 'G6', 'G7', 'G8', 'G9']; replaced by per-section copies"
108090,Leichhardt_DCP_2013__part_g_s1_site_specific__G11_16 O3,"text verbatim in sections ['G10', 'G6', 'G7', 'G8', 'G9']; replaced by per-section copies"
108103,Leichhardt_DCP_2013__part_g_s1_site_specific__G12_4 O2,"text verbatim in sections ['G11', 'G12']; replaced by per-section copies"
108104,Leichhardt_DCP_2013__part_g_s1_site_specific__G12_4 O3,"text verbatim in sections ['G11', 'G12']; replaced by per-section copies"
108105,Leichhardt_DCP_2013__part_g_s1_site_specific__G12_4 O4,"text verbatim in sections ['G11', 'G12']; replaced by per-section copies"
108109,Leichhardt_DCP_2013__part_g_s1_site_specific__G12_4 O8,"text verbatim in sections ['G11', 'G12']; replaced by per-section copies"
108111,Leichhardt_DCP_2013__part_g_s1_site_specific__G12_5 O2,"text verbatim in sections ['G11', 'G12']; replaced by per-section copies"
108112,Leichhardt_DCP_2013__part_g_s1_site_specific__G12_5 O3,"text verbatim in sections ['G11', 'G12']; replaced by per-section copies"
108119,Leichhardt_DCP_2013__part_g_s1_site_specific__G12_7 O4,"text verbatim in sections ['G11', 'G12']; replaced by per-section copies"
108179,Leichhardt_DCP_2013__part_g_s1_site_specific__G12_13 C8,"text verbatim in sections ['G12', 'G6']; replaced by per-section copies"
