new_id,source_id,ref,v2_precinct_id
120624,107370,Leichhardt_DCP_2013__part_g_s1_site_specific__G10 C3,G10
120625,107370,Leichhardt_DCP_2013__part_g_s1_site_specific__G6 C3,G6
120626,107370,Leichhardt_DCP_2013__part_g_s1_site_specific__G7 C3,G7
120627,107372,Leichhardt_DCP_2013__part_g_s1_site_specific__G10 C5,G10
120628,107372,Leichhardt_DCP_2013__part_g_s1_site_specific__G8 C5,G8
120629,107424,Leichhardt_DCP_2013__part_g_s1_site_specific__G2 C4_4 C4,G2
120630,107424,Leichhardt_DCP_2013__part_g_s1_site_specific__G4 C4_4 C4,G4
120631,107504,Leichhardt_DCP_2013__part_g_s1_site_specific__G6 G6_6 O4,G6
120632,107504,Leichhardt_DCP_2013__part_g_s1_site_specific__G9 G6_6 O4,G9
120633,107517,Leichhardt_DCP_2013__part_g_s1_site_specific__G6 G6_7 C1,G6
120634,107517,Leichhardt_DCP_2013__part_g_s1_site_specific__G7 G6_7 C1,G7
120635,107519,Leichhardt_DCP_2013__part_g_s1_site_specific__G6 G6_8 O1,G6
120636,107519,Leichhardt_DCP_2013__part_g_s1_site_specific__G9 G6_8 O1,G9
120637,107522,Leichhardt_DCP_2013__part_g_s1_site_specific__G6 G6_8 C3,G6
120638,107522,Leichhardt_DCP_2013__part_g_s1_site_specific__G9 G6_8 C3,G9
120639,107537,Leichhardt_DCP_2013__part_g_s1_site_specific__G10 G6_12 O1,G10
120640,107537,Leichhardt_DCP_2013__part_g_s1_site_specific__G6 G6_12 O1,G6
120641,107537,Leichhardt_DCP_2013__part_g_s1_site_specific__G9 G6_12 O1,G9
120642,107545,Leichhardt_DCP_2013__part_g_s1_site_specific__G10 G6_13 O1,G10
120643,107545,Leichhardt_DCP_2013__part_g_s1_site_specific__G6 G6_13 O1,G6
120644,107545,Leichhardt_DCP_2013__part_g_s1_site_specific__G7 G6_13 O1,G7
120645,107545,Leichhardt_DCP_2013__part_g_s1_site_specific__G8 G6_13 O1,G8
120646,107545,Leichhardt_DCP_2013__part_g_s1_site_specific__G9 G6_13 O1,G9
120647,107547,Leichhardt_DCP_2013__part_g_s1_site_specific__G6 G6_14 O1,G6
120648,107547,Leichhardt_DCP_2013__part_g_s1_site_specific__G7 G6_14 O1,G7
120649,107547,Leichhardt_DCP_2013__part_g_s1_site_specific__G8 G6_14 O1,G8
120650,107547,Leichhardt_DCP_2013__part_g_s1_site_specific__G9 G6_14 O1,G9
120651,107548,Leichhardt_DCP_2013__part_g_s1_site_specific__G6 G6_14 C1,G6
120652,107548,Leichhardt_DCP_2013__part_g_s1_site_specific__G7 G6_14 C1,G7
120653,107548,Leichhardt_DCP_2013__part_g_s1_site_specific__G8 G6_14 C1,G8
120654,107548,Leichhardt_DCP_2013__part_g_s1_site_specific__G9 G6_14 C1,G9
120655,107550,Leichhardt_DCP_2013__part_g_s1_site_specific__G6 G6_15 O1,G6
120656,107550,Leichhardt_DCP_2013__part_g_s1_site_specific__G7 G6_15 O1,G7
120657,107550,Leichhardt_DCP_2013__part_g_s1_site_specific__G8 G6_15 O1,G8
120658,107550,Leichhardt_DCP_2013__part_g_s1_site_specific__G9 G6_15 O1,G9
120659,107551,Leichhardt_DCP_2013__part_g_s1_site_specific__G6 G6_15 C1,G6
120660,107551,Leichhardt_DCP_2013__part_g_s1_site_specific__G7 G6_15 C1,G7
120661,107551,Leichhardt_DCP_2013__part_g_s1_site_specific__G8 G6_15 C1,G8
120662,107551,Leichhardt_DCP_2013__part_g_s1_site_specific__G9 G6_15 C1,G9
120663,107553,Leichhardt_DCP_2013__part_g_s1_site_specific__G6 G6_15 C3,G6
120664,107553,Leichhardt_DCP_2013__part_g_s1_site_specific__G9 G6_15 C3,G9
120665,107554,Leichhardt_DCP_2013__part_g_s1_site_specific__G6 G6_15 C4,G6
120666,107554,Leichhardt_DCP_2013__part_g_s1_site_specific__G7 G6_15 C4,G7
120667,107554,Leichhardt_DCP_2013__part_g_s1_site_specific__G8 G6_15 C4,G8
120668,107554,Leichhardt_DCP_2013__part_g_s1_site_specific__G9 G6_15 C4,G9
120669,107555,Leichhardt_DCP_2013__part_g_s1_site_specific__G6 G6_16 O1,G6
120670,107555,Leichhardt_DCP_2013__part_g_s1_site_specific__G7 G6_16 O1,G7
120671,107555,Leichhardt_DCP_2013__part_g_s1_site_specific__G8 G6_16 O1,G8
120672,107558,Leichhardt_DCP_2013__part_g_s1_site_specific__G6 G6_17 C1,G6
120673,107558,Leichhardt_DCP_2013__part_g_s1_site_specific__G7 G6_17 C1,G7
120674,107559,Leichhardt_DCP_2013__part_g_s1_site_specific__G6 G6_17 C2,G6
120675,107559,Leichhardt_DCP_2013__part_g_s1_site_specific__G7 G6_17 C2,G7
120676,107560,Leichhardt_DCP_2013__part_g_s1_site_specific__G6 G6_18 O1,G6
120677,107560,Leichhardt_DCP_2013__part_g_s1_site_specific__G7 G6_18 O1,G7
120678,107560,Leichhardt_DCP_2013__part_g_s1_site_specific__G8 G6_18 O1,G8
120679,107562,Leichhardt_DCP_2013__part_g_s1_site_specific__G6 G6_19 O1,G6
120680,107562,Leichhardt_DCP_2013__part_g_s1_site_specific__G7 G6_19 O1,G7
120681,107562,Leichhardt_DCP_2013__part_g_s1_site_specific__G8 G6_19 O1,G8
120682,107563,Leichhardt_DCP_2013__part_g_s1_site_specific__G6 G6_19 C1,G6
120683,107563,Leichhardt_DCP_2013__part_g_s1_site_specific__G8 G6_19 C1,G8
120684,107564,Leichhardt_DCP_2013__part_g_s1_site_specific__G6 G6_19 C2,G6
120685,107564,Leichhardt_DCP_2013__part_g_s1_site_specific__G7 G6_19 C2,G7
120686,107564,Leichhardt_DCP_2013__part_g_s1_site_specific__G8 G6_19 C2,G8
120687,107585,Leichhardt_DCP_2013__part_g_s1_site_specific__G10 G6_24 C2,G10
120688,107585,Leichhardt_DCP_2013__part_g_s1_site_specific__G6 G6_24 C2,G6
120689,107585,Leichhardt_DCP_2013__part_g_s1_site_specific__G7 G6_24 C2,G7
120690,107589,Leichhardt_DCP_2013__part_g_s1_site_specific__G6 G6_26 O1,G6
120691,107589,Leichhardt_DCP_2013__part_g_s1_site_specific__G7 G6_26 O1,G7
120692,107589,Leichhardt_DCP_2013__part_g_s1_site_specific__G8 G6_26 O1,G8
120693,107593,Leichhardt_DCP_2013__part_g_s1_site_specific__G6 G6_28 O1,G6
120694,107593,Leichhardt_DCP_2013__part_g_s1_site_specific__G7 G6_28 O1,G7
120695,107593,Leichhardt_DCP_2013__part_g_s1_site_specific__G8 G6_28 O1,G8
120696,107597,Leichhardt_DCP_2013__part_g_s1_site_specific__G10 G6_29 O1,G10
120697,107597,Leichhardt_DCP_2013__part_g_s1_site_specific__G11 G6_29 O1,G11
120698,107597,Leichhardt_DCP_2013__part_g_s1_site_specific__G6 G6_29 O1,G6
120699,107597,Leichhardt_DCP_2013__part_g_s1_site_specific__G7 G6_29 O1,G7
120700,107597,Leichhardt_DCP_2013__part_g_s1_site_specific__G8 G6_29 O1,G8
120701,107597,Leichhardt_DCP_2013__part_g_s1_site_specific__G9 G6_29 O1,G9
120702,107598,Leichhardt_DCP_2013__part_g_s1_site_specific__G10 G6_29 O2,G10
120703,107598,Leichhardt_DCP_2013__part_g_s1_site_specific__G6 G6_29 O2,G6
120704,107598,Leichhardt_DCP_2013__part_g_s1_site_specific__G7 G6_29 O2,G7
120705,107598,Leichhardt_DCP_2013__part_g_s1_site_specific__G8 G6_29 O2,G8
120706,107598,Leichhardt_DCP_2013__part_g_s1_site_specific__G9 G6_29 O2,G9
120707,107599,Leichhardt_DCP_2013__part_g_s1_site_specific__G10 G6_29 O3,G10
120708,107599,Leichhardt_DCP_2013__part_g_s1_site_specific__G6 G6_29 O3,G6
120709,107599,Leichhardt_DCP_2013__part_g_s1_site_specific__G7 G6_29 O3,G7
120710,107599,Leichhardt_DCP_2013__part_g_s1_site_specific__G8 G6_29 O3,G8
120711,107599,Leichhardt_DCP_2013__part_g_s1_site_specific__G9 G6_29 O3,G9
120712,107600,Leichhardt_DCP_2013__part_g_s1_site_specific__G6 G6_29 C1,G6
120713,107600,Leichhardt_DCP_2013__part_g_s1_site_specific__G7 G6_29 C1,G7
120714,107602,Leichhardt_DCP_2013__part_g_s1_site_specific__G10 G6_29 C3,G10
120715,107602,Leichhardt_DCP_2013__part_g_s1_site_specific__G6 G6_29 C3,G6
120716,107602,Leichhardt_DCP_2013__part_g_s1_site_specific__G7 G6_29 C3,G7
120717,107612,Leichhardt_DCP_2013__part_g_s1_site_specific__G6 G7_5_3 C2,G6
120718,107612,Leichhardt_DCP_2013__part_g_s1_site_specific__G7 G7_5_3 C2,G7
120719,107644,Leichhardt_DCP_2013__part_g_s1_site_specific__G10 G7_6_3 O1,G10
120720,107644,Leichhardt_DCP_2013__part_g_s1_site_specific__G6 G7_6_3 O1,G6
120721,107644,Leichhardt_DCP_2013__part_g_s1_site_specific__G7 G7_6_3 O1,G7
120722,107644,Leichhardt_DCP_2013__part_g_s1_site_specific__G8 G7_6_3 O1,G8
120723,107644,Leichhardt_DCP_2013__part_g_s1_site_specific__G9 G7_6_3 O1,G9
120724,107647,Leichhardt_DCP_2013__part_g_s1_site_specific__G6 G7_6_4 O1,G6
120725,107647,Leichhardt_DCP_2013__part_g_s1_site_specific__G7 G7_6_4 O1,G7
120726,107647,Leichhardt_DCP_2013__part_g_s1_site_specific__G8 G7_6_4 O1,G8
120727,107647,Leichhardt_DCP_2013__part_g_s1_site_specific__G9 G7_6_4 O1,G9
120728,107648,Leichhardt_DCP_2013__part_g_s1_site_specific__G6 G7_6_4 C1,G6
120729,107648,Leichhardt_DCP_2013__part_g_s1_site_specific__G7 G7_6_4 C1,G7
120730,107648,Leichhardt_DCP_2013__part_g_s1_site_specific__G8 G7_6_4 C1,G8
120731,107648,Leichhardt_DCP_2013__part_g_s1_site_specific__G9 G7_6_4 C1,G9
120732,107649,Leichhardt_DCP_2013__part_g_s1_site_specific__G6 G7_6_4 C2,G6
120733,107649,Leichhardt_DCP_2013__part_g_s1_site_specific__G7 G7_6_4 C2,G7
120734,107650,Leichhardt_DCP_2013__part_g_s1_site_specific__G6 G7_6_5 O1,G6
120735,107650,Leichhardt_DCP_2013__part_g_s1_site_specific__G7 G7_6_5 O1,G7
120736,107650,Leichhardt_DCP_2013__part_g_s1_site_specific__G8 G7_6_5 O1,G8
120737,107650,Leichhardt_DCP_2013__part_g_s1_site_specific__G9 G7_6_5 O1,G9
120738,107651,Leichhardt_DCP_2013__part_g_s1_site_specific__G6 G7_6_5 C1,G6
120739,107651,Leichhardt_DCP_2013__part_g_s1_site_specific__G7 G7_6_5 C1,G7
120740,107651,Leichhardt_DCP_2013__part_g_s1_site_specific__G8 G7_6_5 C1,G8
120741,107651,Leichhardt_DCP_2013__part_g_s1_site_specific__G9 G7_6_5 C1,G9
120742,107652,Leichhardt_DCP_2013__part_g_s1_site_specific__G6 G7_6_5 C2,G6
120743,107652,Leichhardt_DCP_2013__part_g_s1_site_specific__G7 G7_6_5 C2,G7
120744,107652,Leichhardt_DCP_2013__part_g_s1_site_specific__G9 G7_6_5 C2,G9
120745,107653,Leichhardt_DCP_2013__part_g_s1_site_specific__G6 G7_6_5 C3,G6
120746,107653,Leichhardt_DCP_2013__part_g_s1_site_specific__G7 G7_6_5 C3,G7
120747,107653,Leichhardt_DCP_2013__part_g_s1_site_specific__G8 G7_6_5 C3,G8
120748,107653,Leichhardt_DCP_2013__part_g_s1_site_specific__G9 G7_6_5 C3,G9
120749,107654,Leichhardt_DCP_2013__part_g_s1_site_specific__G6 G7_6_6 O1,G6
120750,107654,Leichhardt_DCP_2013__part_g_s1_site_specific__G7 G7_6_6 O1,G7
120751,107654,Leichhardt_DCP_2013__part_g_s1_site_specific__G8 G7_6_6 O1,G8
120752,107657,Leichhardt_DCP_2013__part_g_s1_site_specific__G6 G7_6_7 C1,G6
120753,107657,Leichhardt_DCP_2013__part_g_s1_site_specific__G7 G7_6_7 C1,G7
120754,107658,Leichhardt_DCP_2013__part_g_s1_site_specific__G6 G7_6_7 C2,G6
120755,107658,Leichhardt_DCP_2013__part_g_s1_site_specific__G7 G7_6_7 C2,G7
120756,107659,Leichhardt_DCP_2013__part_g_s1_site_specific__G6 G7_7_1 O1,G6
120757,107659,Leichhardt_DCP_2013__part_g_s1_site_specific__G7 G7_7_1 O1,G7
120758,107659,Leichhardt_DCP_2013__part_g_s1_site_specific__G8 G7_7_1 O1,G8
120759,107660,Leichhardt_DCP_2013__part_g_s1_site_specific__G7 G7_7_1 C1,G7
120760,107660,Leichhardt_DCP_2013__part_g_s1_site_specific__G8 G7_7_1 C1,G8
120761,107661,Leichhardt_DCP_2013__part_g_s1_site_specific__G6 G7_7_2 O1,G6
120762,107661,Leichhardt_DCP_2013__part_g_s1_site_specific__G7 G7_7_2 O1,G7
120763,107661,Leichhardt_DCP_2013__part_g_s1_site_specific__G8 G7_7_2 O1,G8
120764,107662,Leichhardt_DCP_2013__part_g_s1_site_specific__G6 G7_7_2 C1,G6
120765,107662,Leichhardt_DCP_2013__part_g_s1_site_specific__G7 G7_7_2 C1,G7
120766,107662,Leichhardt_DCP_2013__part_g_s1_site_specific__G8 G7_7_2 C1,G8
120767,107663,Leichhardt_DCP_2013__part_g_s1_site_specific__G7 G7_7_3 O1,G7
120768,107663,Leichhardt_DCP_2013__part_g_s1_site_specific__G8 G7_7_3 O1,G8
120769,107666,Leichhardt_DCP_2013__part_g_s1_site_specific__G10 G7_7_4 O1,G10
120770,107666,Leichhardt_DCP_2013__part_g_s1_site_specific__G7 G7_7_4 O1,G7
120771,107666,Leichhardt_DCP_2013__part_g_s1_site_specific__G8 G7_7_4 O1,G8
120772,107667,Leichhardt_DCP_2013__part_g_s1_site_specific__G7 G7_7_4 O2,G7
120773,107667,Leichhardt_DCP_2013__part_g_s1_site_specific__G8 G7_7_4 O2,G8
120774,107670,Leichhardt_DCP_2013__part_g_s1_site_specific__G7 G7_7_5 O1,G7
120775,107670,Leichhardt_DCP_2013__part_g_s1_site_specific__G8 G7_7_5 O1,G8
120776,107674,Leichhardt_DCP_2013__part_g_s1_site_specific__G7 G7_7_5 C3,G7
120777,107674,Leichhardt_DCP_2013__part_g_s1_site_specific__G8 G7_7_5 C3,G8
120778,107680,Leichhardt_DCP_2013__part_g_s1_site_specific__G6 G7_8_2 O1,G6
120779,107680,Leichhardt_DCP_2013__part_g_s1_site_specific__G7 G7_8_2 O1,G7
120780,107682,Leichhardt_DCP_2013__part_g_s1_site_specific__G6 G7_9_1 O1,G6
120781,107682,Leichhardt_DCP_2013__part_g_s1_site_specific__G7 G7_9_1 O1,G7
120782,107682,Leichhardt_DCP_2013__part_g_s1_site_specific__G8 G7_9_1 O1,G8
120783,107684,Leichhardt_DCP_2013__part_g_s1_site_specific__G6 G7_9_2 O1,G6
120784,107684,Leichhardt_DCP_2013__part_g_s1_site_specific__G7 G7_9_2 O1,G7
120785,107684,Leichhardt_DCP_2013__part_g_s1_site_specific__G8 G7_9_2 O1,G8
120786,107686,Leichhardt_DCP_2013__part_g_s1_site_specific__G6 G7_9_2 C2,G6
120787,107686,Leichhardt_DCP_2013__part_g_s1_site_specific__G7 G7_9_2 C2,G7
120788,107687,Leichhardt_DCP_2013__part_g_s1_site_specific__G10 G7_10_1 O1,G10
120789,107687,Leichhardt_DCP_2013__part_g_s1_site_specific__G11 G7_10_1 O1,G11
120790,107687,Leichhardt_DCP_2013__part_g_s1_site_specific__G6 G7_10_1 O1,G6
120791,107687,Leichhardt_DCP_2013__part_g_s1_site_specific__G7 G7_10_1 O1,G7
120792,107687,Leichhardt_DCP_2013__part_g_s1_site_specific__G8 G7_10_1 O1,G8
120793,107687,Leichhardt_DCP_2013__part_g_s1_site_specific__G9 G7_10_1 O1,G9
120794,107688,Leichhardt_DCP_2013__part_g_s1_site_specific__G10 G7_10_1 O2,G10
120795,107688,Leichhardt_DCP_2013__part_g_s1_site_specific__G6 G7_10_1 O2,G6
120796,107688,Leichhardt_DCP_2013__part_g_s1_site_specific__G7 G7_10_1 O2,G7
120797,107688,Leichhardt_DCP_2013__part_g_s1_site_specific__G8 G7_10_1 O2,G8
120798,107688,Leichhardt_DCP_2013__part_g_s1_site_specific__G9 G7_10_1 O2,G9
120799,107689,Leichhardt_DCP_2013__part_g_s1_site_specific__G10 G7_10_1 O3,G10
120800,107689,Leichhardt_DCP_2013__part_g_s1_site_specific__G6 G7_10_1 O3,G6
120801,107689,Leichhardt_DCP_2013__part_g_s1_site_specific__G7 G7_10_1 O3,G7
120802,107689,Leichhardt_DCP_2013__part_g_s1_site_specific__G8 G7_10_1 O3,G8
120803,107689,Leichhardt_DCP_2013__part_g_s1_site_specific__G9 G7_10_1 O3,G9
120804,107690,Leichhardt_DCP_2013__part_g_s1_site_specific__G6 G7_10_1 C1,G6
120805,107690,Leichhardt_DCP_2013__part_g_s1_site_specific__G7 G7_10_1 C1,G7
120806,107693,Leichhardt_DCP_2013__part_g_s1_site_specific__G8 G8_3 O1,G8
120807,107693,Leichhardt_DCP_2013__part_g_s1_site_specific__G9 G8_3 O1,G9
120808,107695,Leichhardt_DCP_2013__part_g_s1_site_specific__G10 G8_3 O3,G10
120809,107695,Leichhardt_DCP_2013__part_g_s1_site_specific__G7 G8_3 O3,G7
120810,107695,Leichhardt_DCP_2013__part_g_s1_site_specific__G8 G8_3 O3,G8
120811,107695,Leichhardt_DCP_2013__part_g_s1_site_specific__G9 G8_3 O3,G9
120812,107713,Leichhardt_DCP_2013__part_g_s1_site_specific__G10 G8_6_1 O2,G10
120813,107713,Leichhardt_DCP_2013__part_g_s1_site_specific__G8 G8_6_1 O2,G8
120814,107713,Leichhardt_DCP_2013__part_g_s1_site_specific__G9 G8_6_1 O2,G9
120815,107714,Leichhardt_DCP_2013__part_g_s1_site_specific__G8 G8_6_1 O3,G8
120816,107714,Leichhardt_DCP_2013__part_g_s1_site_specific__G9 G8_6_1 O3,G9
120817,107715,Leichhardt_DCP_2013__part_g_s1_site_specific__G10 G8_6_1 O4,G10
120818,107715,Leichhardt_DCP_2013__part_g_s1_site_specific__G8 G8_6_1 O4,G8
120819,107715,Leichhardt_DCP_2013__part_g_s1_site_specific__G9 G8_6_1 O4,G9
120820,107720,Leichhardt_DCP_2013__part_g_s1_site_specific__G10 G8_6_2 O1,G10
120821,107720,Leichhardt_DCP_2013__part_g_s1_site_specific__G6 G8_6_2 O1,G6
120822,107720,Leichhardt_DCP_2013__part_g_s1_site_specific__G7 G8_6_2 O1,G7
120823,107720,Leichhardt_DCP_2013__part_g_s1_site_specific__G8 G8_6_2 O1,G8
120824,107720,Leichhardt_DCP_2013__part_g_s1_site_specific__G9 G8_6_2 O1,G9
120825,107721,Leichhardt_DCP_2013__part_g_s1_site_specific__G10 G8_6_2 O2,G10
120826,107721,Leichhardt_DCP_2013__part_g_s1_site_specific__G8 G8_6_2 O2,G8
120827,107721,Leichhardt_DCP_2013__part_g_s1_site_specific__G9 G8_6_2 O2,G9
120828,107726,Leichhardt_DCP_2013__part_g_s1_site_specific__G10 G8_6_3 O1,G10
120829,107726,Leichhardt_DCP_2013__part_g_s1_site_specific__G6 G8_6_3 O1,G6
120830,107726,Leichhardt_DCP_2013__part_g_s1_site_specific__G7 G8_6_3 O1,G7
120831,107726,Leichhardt_DCP_2013__part_g_s1_site_specific__G8 G8_6_3 O1,G8
120832,107726,Leichhardt_DCP_2013__part_g_s1_site_specific__G9 G8_6_3 O1,G9
120833,107732,Leichhardt_DCP_2013__part_g_s1_site_specific__G6 G8_6_4 O1,G6
120834,107732,Leichhardt_DCP_2013__part_g_s1_site_specific__G7 G8_6_4 O1,G7
120835,107732,Leichhardt_DCP_2013__part_g_s1_site_specific__G8 G8_6_4 O1,G8
120836,107732,Leichhardt_DCP_2013__part_g_s1_site_specific__G9 G8_6_4 O1,G9
120837,107734,Leichhardt_DCP_2013__part_g_s1_site_specific__G6 G8_6_4 C1,G6
120838,107734,Leichhardt_DCP_2013__part_g_s1_site_specific__G7 G8_6_4 C1,G7
120839,107734,Leichhardt_DCP_2013__part_g_s1_site_specific__G8 G8_6_4 C1,G8
120840,107734,Leichhardt_DCP_2013__part_g_s1_site_specific__G9 G8_6_4 C1,G9
120841,107736,Leichhardt_DCP_2013__part_g_s1_site_specific__G8 G8_6_4 C3,G8
120842,107736,Leichhardt_DCP_2013__part_g_s1_site_specific__G9 G8_6_4 C3,G9
120843,107737,Leichhardt_DCP_2013__part_g_s1_site_specific__G6 G8_6_5 O1,G6
120844,107737,Leichhardt_DCP_2013__part_g_s1_site_specific__G7 G8_6_5 O1,G7
120845,107737,Leichhardt_DCP_2013__part_g_s1_site_specific__G8 G8_6_5 O1,G8
120846,107737,Leichhardt_DCP_2013__part_g_s1_site_specific__G9 G8_6_5 O1,G9
120847,107738,Leichhardt_DCP_2013__part_g_s1_site_specific__G6 G8_6_5 C1,G6
120848,107738,Leichhardt_DCP_2013__part_g_s1_site_specific__G7 G8_6_5 C1,G7
120849,107738,Leichhardt_DCP_2013__part_g_s1_site_specific__G8 G8_6_5 C1,G8
120850,107738,Leichhardt_DCP_2013__part_g_s1_site_specific__G9 G8_6_5 C1,G9
120851,107739,Leichhardt_DCP_2013__part_g_s1_site_specific__G8 G8_6_5 C2,G8
120852,107739,Leichhardt_DCP_2013__part_g_s1_site_specific__G9 G8_6_5 C2,G9
120853,107740,Leichhardt_DCP_2013__part_g_s1_site_specific__G6 G8_6_6 O1,G6
120854,107740,Leichhardt_DCP_2013__part_g_s1_site_specific__G7 G8_6_6 O1,G7
120855,107740,Leichhardt_DCP_2013__part_g_s1_site_specific__G8 G8_6_6 O1,G8
120856,107747,Leichhardt_DCP_2013__part_g_s1_site_specific__G6 G8_7_1 O1,G6
120857,107747,Leichhardt_DCP_2013__part_g_s1_site_specific__G7 G8_7_1 O1,G7
120858,107747,Leichhardt_DCP_2013__part_g_s1_site_specific__G8 G8_7_1 O1,G8
120859,107748,Leichhardt_DCP_2013__part_g_s1_site_specific__G10 G8_7_1 C1,G10
120860,107748,Leichhardt_DCP_2013__part_g_s1_site_specific__G8 G8_7_1 C1,G8
120861,107748,Leichhardt_DCP_2013__part_g_s1_site_specific__G9 G8_7_1 C1,G9
120862,107751,Leichhardt_DCP_2013__part_g_s1_site_specific__G7 G8_7_1 C4,G7
120863,107751,Leichhardt_DCP_2013__part_g_s1_site_specific__G8 G8_7_1 C4,G8
120864,107752,Leichhardt_DCP_2013__part_g_s1_site_specific__G6 G8_7_2 O1,G6
120865,107752,Leichhardt_DCP_2013__part_g_s1_site_specific__G7 G8_7_2 O1,G7
120866,107752,Leichhardt_DCP_2013__part_g_s1_site_specific__G8 G8_7_2 O1,G8
120867,107753,Leichhardt_DCP_2013__part_g_s1_site_specific__G6 G8_7_2 C1,G6
120868,107753,Leichhardt_DCP_2013__part_g_s1_site_specific__G8 G8_7_2 C1,G8
120869,107754,Leichhardt_DCP_2013__part_g_s1_site_specific__G6 G8_7_2 C2,G6
120870,107754,Leichhardt_DCP_2013__part_g_s1_site_specific__G7 G8_7_2 C2,G7
120871,107754,Leichhardt_DCP_2013__part_g_s1_site_specific__G8 G8_7_2 C2,G8
120872,107755,Leichhardt_DCP_2013__part_g_s1_site_specific__G7 G8_7_3 O1,G7
120873,107755,Leichhardt_DCP_2013__part_g_s1_site_specific__G8 G8_7_3 O1,G8
120874,107762,Leichhardt_DCP_2013__part_g_s1_site_specific__G10 G8_7_4 O1,G10
120875,107762,Leichhardt_DCP_2013__part_g_s1_site_specific__G7 G8_7_4 O1,G7
120876,107762,Leichhardt_DCP_2013__part_g_s1_site_specific__G8 G8_7_4 O1,G8
120877,107763,Leichhardt_DCP_2013__part_g_s1_site_specific__G7 G8_7_4 O2,G7
120878,107763,Leichhardt_DCP_2013__part_g_s1_site_specific__G8 G8_7_4 O2,G8
120879,107765,Leichhardt_DCP_2013__part_g_s1_site_specific__G7 G8_7_5 O1,G7
120880,107765,Leichhardt_DCP_2013__part_g_s1_site_specific__G8 G8_7_5 O1,G8
120881,107769,Leichhardt_DCP_2013__part_g_s1_site_specific__G7 G8_7_5 C4,G7
120882,107769,Leichhardt_DCP_2013__part_g_s1_site_specific__G8 G8_7_5 C4,G8
120883,107771,Leichhardt_DCP_2013__part_g_s1_site_specific__G6 G8_8_1 O1,G6
120884,107771,Leichhardt_DCP_2013__part_g_s1_site_specific__G7 G8_8_1 O1,G7
120885,107771,Leichhardt_DCP_2013__part_g_s1_site_specific__G8 G8_8_1 O1,G8
120886,107774,Leichhardt_DCP_2013__part_g_s1_site_specific__G6 G8_8_2 O1,G6
120887,107774,Leichhardt_DCP_2013__part_g_s1_site_specific__G7 G8_8_2 O1,G7
120888,107774,Leichhardt_DCP_2013__part_g_s1_site_specific__G8 G8_8_2 O1,G8
120889,107776,Leichhardt_DCP_2013__part_g_s1_site_specific__G6 G8_8_2 C2,G6
120890,107776,Leichhardt_DCP_2013__part_g_s1_site_specific__G7 G8_8_2 C2,G7
120891,107776,Leichhardt_DCP_2013__part_g_s1_site_specific__G8 G8_8_2 C2,G8
120892,107777,Leichhardt_DCP_2013__part_g_s1_site_specific__G8 G8_9_1 O1,G8
120893,107777,Leichhardt_DCP_2013__part_g_s1_site_specific__G9 G8_9_1 O1,G9
120894,107779,Leichhardt_DCP_2013__part_g_s1_site_specific__G10 G8_9_1 O3,G10
120895,107779,Leichhardt_DCP_2013__part_g_s1_site_specific__G8 G8_9_1 O3,G8
120896,107779,Leichhardt_DCP_2013__part_g_s1_site_specific__G9 G8_9_1 O3,G9
120897,107786,Leichhardt_DCP_2013__part_g_s1_site_specific__G10 G8_10_1 O1,G10
120898,107786,Leichhardt_DCP_2013__part_g_s1_site_specific__G11 G8_10_1 O1,G11
120899,107786,Leichhardt_DCP_2013__part_g_s1_site_specific__G6 G8_10_1 O1,G6
120900,107786,Leichhardt_DCP_2013__part_g_s1_site_specific__G7 G8_10_1 O1,G7
120901,107786,Leichhardt_DCP_2013__part_g_s1_site_specific__G8 G8_10_1 O1,G8
120902,107786,Leichhardt_DCP_2013__part_g_s1_site_specific__G9 G8_10_1 O1,G9
120903,107787,Leichhardt_DCP_2013__part_g_s1_site_specific__G10 G8_10_1 O2,G10
120904,107787,Leichhardt_DCP_2013__part_g_s1_site_specific__G6 G8_10_1 O2,G6
120905,107787,Leichhardt_DCP_2013__part_g_s1_site_specific__G7 G8_10_1 O2,G7
120906,107787,Leichhardt_DCP_2013__part_g_s1_site_specific__G8 G8_10_1 O2,G8
120907,107787,Leichhardt_DCP_2013__part_g_s1_site_specific__G9 G8_10_1 O2,G9
120908,107788,Leichhardt_DCP_2013__part_g_s1_site_specific__G10 G8_10_1 O3,G10
120909,107788,Leichhardt_DCP_2013__part_g_s1_site_specific__G6 G8_10_1 O3,G6
120910,107788,Leichhardt_DCP_2013__part_g_s1_site_specific__G7 G8_10_1 O3,G7
120911,107788,Leichhardt_DCP_2013__part_g_s1_site_specific__G8 G8_10_1 O3,G8
120912,107788,Leichhardt_DCP_2013__part_g_s1_site_specific__G9 G8_10_1 O3,G9
120913,107790,Leichhardt_DCP_2013__part_g_s1_site_specific__G8 G9_3 O1,G8
120914,107790,Leichhardt_DCP_2013__part_g_s1_site_specific__G9 G9_3 O1,G9
120915,107792,Leichhardt_DCP_2013__part_g_s1_site_specific__G8 G9_3 O3,G8
120916,107792,Leichhardt_DCP_2013__part_g_s1_site_specific__G9 G9_3 O3,G9
120917,107793,Leichhardt_DCP_2013__part_g_s1_site_specific__G8 G9_3 O4,G8
120918,107793,Leichhardt_DCP_2013__part_g_s1_site_specific__G9 G9_3 O4,G9
120919,107794,Leichhardt_DCP_2013__part_g_s1_site_specific__G8 G9_3 O5,G8
120920,107794,Leichhardt_DCP_2013__part_g_s1_site_specific__G9 G9_3 O5,G9
120921,107795,Leichhardt_DCP_2013__part_g_s1_site_specific__G8 G9_3 O6,G8
120922,107795,Leichhardt_DCP_2013__part_g_s1_site_specific__G9 G9_3 O6,G9
120923,107799,Leichhardt_DCP_2013__part_g_s1_site_specific__G6 G9_5_1 O3,G6
120924,107799,Leichhardt_DCP_2013__part_g_s1_site_specific__G9 G9_5_1 O3,G9
120925,107804,Leichhardt_DCP_2013__part_g_s1_site_specific__G6 G9_5_2 O1,G6
120926,107804,Leichhardt_DCP_2013__part_g_s1_site_specific__G9 G9_5_2 O1,G9
120927,107807,Leichhardt_DCP_2013__part_g_s1_site_specific__G6 G9_5_2 C3,G6
120928,107807,Leichhardt_DCP_2013__part_g_s1_site_specific__G9 G9_5_2 C3,G9
120929,107810,Leichhardt_DCP_2013__part_g_s1_site_specific__G8 G9_6_1 O3,G8
120930,107810,Leichhardt_DCP_2013__part_g_s1_site_specific__G9 G9_6_1 O3,G9
120931,107812,Leichhardt_DCP_2013__part_g_s1_site_specific__G10 G9_6_1 O5,G10
120932,107812,Leichhardt_DCP_2013__part_g_s1_site_specific__G8 G9_6_1 O5,G8
120933,107812,Leichhardt_DCP_2013__part_g_s1_site_specific__G9 G9_6_1 O5,G9
120934,107821,Leichhardt_DCP_2013__part_g_s1_site_specific__G10 G9_6_1 C8,G10
120935,107821,Leichhardt_DCP_2013__part_g_s1_site_specific__G9 G9_6_1 C8,G9
120936,107828,Leichhardt_DCP_2013__part_g_s1_site_specific__G10 G9_6_2 O1,G10
120937,107828,Leichhardt_DCP_2013__part_g_s1_site_specific__G6 G9_6_2 O1,G6
120938,107828,Leichhardt_DCP_2013__part_g_s1_site_specific__G9 G9_6_2 O1,G9
120939,107829,Leichhardt_DCP_2013__part_g_s1_site_specific__G10 G9_6_2 O2,G10
120940,107829,Leichhardt_DCP_2013__part_g_s1_site_specific__G8 G9_6_2 O2,G8
120941,107829,Leichhardt_DCP_2013__part_g_s1_site_specific__G9 G9_6_2 O2,G9
120942,107847,Leichhardt_DCP_2013__part_g_s1_site_specific__G6 G9_6_3 O1,G6
120943,107847,Leichhardt_DCP_2013__part_g_s1_site_specific__G7 G9_6_3 O1,G7
120944,107847,Leichhardt_DCP_2013__part_g_s1_site_specific__G8 G9_6_3 O1,G8
120945,107847,Leichhardt_DCP_2013__part_g_s1_site_specific__G9 G9_6_3 O1,G9
120946,107848,Leichhardt_DCP_2013__part_g_s1_site_specific__G6 G9_6_3 C1,G6
120947,107848,Leichhardt_DCP_2013__part_g_s1_site_specific__G7 G9_6_3 C1,G7
120948,107848,Leichhardt_DCP_2013__part_g_s1_site_specific__G8 G9_6_3 C1,G8
120949,107848,Leichhardt_DCP_2013__part_g_s1_site_specific__G9 G9_6_3 C1,G9
120950,107850,Leichhardt_DCP_2013__part_g_s1_site_specific__G8 G9_6_3 C3,G8
120951,107850,Leichhardt_DCP_2013__part_g_s1_site_specific__G9 G9_6_3 C3,G9
120952,107851,Leichhardt_DCP_2013__part_g_s1_site_specific__G6 G9_6_4 O1,G6
120953,107851,Leichhardt_DCP_2013__part_g_s1_site_specific__G7 G9_6_4 O1,G7
120954,107851,Leichhardt_DCP_2013__part_g_s1_site_specific__G8 G9_6_4 O1,G8
120955,107851,Leichhardt_DCP_2013__part_g_s1_site_specific__G9 G9_6_4 O1,G9
120956,107852,Leichhardt_DCP_2013__part_g_s1_site_specific__G6 G9_6_4 C1,G6
120957,107852,Leichhardt_DCP_2013__part_g_s1_site_specific__G7 G9_6_4 C1,G7
120958,107852,Leichhardt_DCP_2013__part_g_s1_site_specific__G8 G9_6_4 C1,G8
120959,107852,Leichhardt_DCP_2013__part_g_s1_site_specific__G9 G9_6_4 C1,G9
120960,107853,Leichhardt_DCP_2013__part_g_s1_site_specific__G8 G9_6_4 C2,G8
120961,107853,Leichhardt_DCP_2013__part_g_s1_site_specific__G9 G9_6_4 C2,G9
120962,107854,Leichhardt_DCP_2013__part_g_s1_site_specific__G6 G9_6_4 C3,G6
120963,107854,Leichhardt_DCP_2013__part_g_s1_site_specific__G7 G9_6_4 C3,G7
120964,107854,Leichhardt_DCP_2013__part_g_s1_site_specific__G8 G9_6_4 C3,G8
120965,107854,Leichhardt_DCP_2013__part_g_s1_site_specific__G9 G9_6_4 C3,G9
120966,107855,Leichhardt_DCP_2013__part_g_s1_site_specific__G6 G9_6_4 C4,G6
120967,107855,Leichhardt_DCP_2013__part_g_s1_site_specific__G9 G9_6_4 C4,G9
120968,107857,Leichhardt_DCP_2013__part_g_s1_site_specific__G8 G9_7_1 O1,G8
120969,107857,Leichhardt_DCP_2013__part_g_s1_site_specific__G9 G9_7_1 O1,G9
120970,107858,Leichhardt_DCP_2013__part_g_s1_site_specific__G10 G9_7_1 O2,G10
120971,107858,Leichhardt_DCP_2013__part_g_s1_site_specific__G8 G9_7_1 O2,G8
120972,107858,Leichhardt_DCP_2013__part_g_s1_site_specific__G9 G9_7_1 O2,G9
120973,107862,Leichhardt_DCP_2013__part_g_s1_site_specific__G10 G9_8_1 O1,G10
120974,107862,Leichhardt_DCP_2013__part_g_s1_site_specific__G11 G9_8_1 O1,G11
120975,107862,Leichhardt_DCP_2013__part_g_s1_site_specific__G6 G9_8_1 O1,G6
120976,107862,Leichhardt_DCP_2013__part_g_s1_site_specific__G7 G9_8_1 O1,G7
120977,107862,Leichhardt_DCP_2013__part_g_s1_site_specific__G8 G9_8_1 O1,G8
120978,107862,Leichhardt_DCP_2013__part_g_s1_site_specific__G9 G9_8_1 O1,G9
120979,107863,Leichhardt_DCP_2013__part_g_s1_site_specific__G10 G9_8_1 O2,G10
120980,107863,Leichhardt_DCP_2013__part_g_s1_site_specific__G6 G9_8_1 O2,G6
120981,107863,Leichhardt_DCP_2013__part_g_s1_site_specific__G7 G9_8_1 O2,G7
120982,107863,Leichhardt_DCP_2013__part_g_s1_site_specific__G8 G9_8_1 O2,G8
120983,107863,Leichhardt_DCP_2013__part_g_s1_site_specific__G9 G9_8_1 O2,G9
120984,107864,Leichhardt_DCP_2013__part_g_s1_site_specific__G10 G9_8_1 O3,G10
120985,107864,Leichhardt_DCP_2013__part_g_s1_site_specific__G6 G9_8_1 O3,G6
120986,107864,Leichhardt_DCP_2013__part_g_s1_site_specific__G7 G9_8_1 O3,G7
120987,107864,Leichhardt_DCP_2013__part_g_s1_site_specific__G8 G9_8_1 O3,G8
120988,107864,Leichhardt_DCP_2013__part_g_s1_site_specific__G9 G9_8_1 O3,G9
120989,107868,Leichhardt_DCP_2013__part_g_s1_site_specific__G10 G9_9 O1,G10
120990,107868,Leichhardt_DCP_2013__part_g_s1_site_specific__G9 G9_9 O1,G9
120991,107869,Leichhardt_DCP_2013__part_g_s1_site_specific__G10 G9_9 O2,G10
120992,107869,Leichhardt_DCP_2013__part_g_s1_site_specific__G9 G9_9 O2,G9
120993,107870,Leichhardt_DCP_2013__part_g_s1_site_specific__G10 G9_9 O3,G10
120994,107870,Leichhardt_DCP_2013__part_g_s1_site_specific__G9 G9_9 O3,G9
120995,107876,Leichhardt_DCP_2013__part_g_s1_site_specific__G10 G9_9_2 C5,G10
120996,107876,Leichhardt_DCP_2013__part_g_s1_site_specific__G8 G9_9_2 C5,G8
120997,107876,Leichhardt_DCP_2013__part_g_s1_site_specific__G9 G9_9_2 C5,G9
120998,107889,Leichhardt_DCP_2013__part_g_s1_site_specific__G10 G10_3 O1,G10
120999,107889,Leichhardt_DCP_2013__part_g_s1_site_specific__G8 G10_3 O1,G8
121000,107890,Leichhardt_DCP_2013__part_g_s1_site_specific__G10 G10_3 O2,G10
121001,107890,Leichhardt_DCP_2013__part_g_s1_site_specific__G7 G10_3 O2,G7
121002,107890,Leichhardt_DCP_2013__part_g_s1_site_specific__G8 G10_3 O2,G8
121003,107890,Leichhardt_DCP_2013__part_g_s1_site_specific__G9 G10_3 O2,G9
121004,107891,Leichhardt_DCP_2013__part_g_s1_site_specific__G10 G10_3 O3,G10
121005,107891,Leichhardt_DCP_2013__part_g_s1_site_specific__G9 G10_3 O3,G9
121006,107892,Leichhardt_DCP_2013__part_g_s1_site_specific__G10 G10_3 O4,G10
121007,107892,Leichhardt_DCP_2013__part_g_s1_site_specific__G8 G10_3 O4,G8
121008,107901,Leichhardt_DCP_2013__part_g_s1_site_specific__G10 G10_5_1 O6,G10
121009,107901,Leichhardt_DCP_2013__part_g_s1_site_specific__G8 G10_5_1 O6,G8
121010,107901,Leichhardt_DCP_2013__part_g_s1_site_specific__G9 G10_5_1 O6,G9
121011,107905,Leichhardt_DCP_2013__part_g_s1_site_specific__G10 G10_5_1 C4,G10
121012,107905,Leichhardt_DCP_2013__part_g_s1_site_specific__G9 G10_5_1 C4,G9
121013,107906,Leichhardt_DCP_2013__part_g_s1_site_specific__G10 G10_5_2 O1,G10
121014,107906,Leichhardt_DCP_2013__part_g_s1_site_specific__G6 G10_5_2 O1,G6
121015,107906,Leichhardt_DCP_2013__part_g_s1_site_specific__G9 G10_5_2 O1,G9
121016,107907,Leichhardt_DCP_2013__part_g_s1_site_specific__G10 G10_5_2 O2,G10
121017,107907,Leichhardt_DCP_2013__part_g_s1_site_specific__G8 G10_5_2 O2,G8
121018,107907,Leichhardt_DCP_2013__part_g_s1_site_specific__G9 G10_5_2 O2,G9
121019,107910,Leichhardt_DCP_2013__part_g_s1_site_specific__G10 G10_5_2 O5,G10
121020,107910,Leichhardt_DCP_2013__part_g_s1_site_specific__G6 G10_5_2 O5,G6
121021,107910,Leichhardt_DCP_2013__part_g_s1_site_specific__G7 G10_5_2 O5,G7
121022,107910,Leichhardt_DCP_2013__part_g_s1_site_specific__G8 G10_5_2 O5,G8
121023,107910,Leichhardt_DCP_2013__part_g_s1_site_specific__G9 G10_5_2 O5,G9
121024,107927,Leichhardt_DCP_2013__part_g_s1_site_specific__G10 G10_5_4 C5,G10
121025,107927,Leichhardt_DCP_2013__part_g_s1_site_specific__G8 G10_5_4 C5,G8
121026,107928,Leichhardt_DCP_2013__part_g_s1_site_specific__G10 G10_6 O1,G10
121027,107928,Leichhardt_DCP_2013__part_g_s1_site_specific__G9 G10_6 O1,G9
121028,107929,Leichhardt_DCP_2013__part_g_s1_site_specific__G10 G10_6 O2,G10
121029,107929,Leichhardt_DCP_2013__part_g_s1_site_specific__G9 G10_6 O2,G9
121030,107930,Leichhardt_DCP_2013__part_g_s1_site_specific__G10 G10_6 O3,G10
121031,107930,Leichhardt_DCP_2013__part_g_s1_site_specific__G9 G10_6 O3,G9
121032,107931,Leichhardt_DCP_2013__part_g_s1_site_specific__G10 G10_6 O4,G10
121033,107931,Leichhardt_DCP_2013__part_g_s1_site_specific__G7 G10_6 O4,G7
121034,107931,Leichhardt_DCP_2013__part_g_s1_site_specific__G8 G10_6 O4,G8
121035,107934,Leichhardt_DCP_2013__part_g_s1_site_specific__G10 G10_6_2 O1,G10
121036,107934,Leichhardt_DCP_2013__part_g_s1_site_specific__G8 G10_6_2 O1,G8
121037,107934,Leichhardt_DCP_2013__part_g_s1_site_specific__G9 G10_6_2 O1,G9
121038,107935,Leichhardt_DCP_2013__part_g_s1_site_specific__G10 G10_6_2 C1,G10
121039,107935,Leichhardt_DCP_2013__part_g_s1_site_specific__G8 G10_6_2 C1,G8
121040,107935,Leichhardt_DCP_2013__part_g_s1_site_specific__G9 G10_6_2 C1,G9
121041,107945,Leichhardt_DCP_2013__part_g_s1_site_specific__G10 G10_8_1 O2,G10
121042,107945,Leichhardt_DCP_2013__part_g_s1_site_specific__G8 G10_8_1 O2,G8
121043,107945,Leichhardt_DCP_2013__part_g_s1_site_specific__G9 G10_8_1 O2,G9
121044,107948,Leichhardt_DCP_2013__part_g_s1_site_specific__G10 G10_8_1 C3,G10
121045,107948,Leichhardt_DCP_2013__part_g_s1_site_specific__G6 G10_8_1 C3,G6
121046,107948,Leichhardt_DCP_2013__part_g_s1_site_specific__G7 G10_8_1 C3,G7
121047,107949,Leichhardt_DCP_2013__part_g_s1_site_specific__G10 G10_9_1 O1,G10
121048,107949,Leichhardt_DCP_2013__part_g_s1_site_specific__G11 G10_9_1 O1,G11
121049,107949,Leichhardt_DCP_2013__part_g_s1_site_specific__G6 G10_9_1 O1,G6
121050,107949,Leichhardt_DCP_2013__part_g_s1_site_specific__G7 G10_9_1 O1,G7
121051,107949,Leichhardt_DCP_2013__part_g_s1_site_specific__G8 G10_9_1 O1,G8
121052,107949,Leichhardt_DCP_2013__part_g_s1_site_specific__G9 G10_9_1 O1,G9
121053,107950,Leichhardt_DCP_2013__part_g_s1_site_specific__G10 G10_9_1 O2,G10
121054,107950,Leichhardt_DCP_2013__part_g_s1_site_specific__G6 G10_9_1 O2,G6
121055,107950,Leichhardt_DCP_2013__part_g_s1_site_specific__G7 G10_9_1 O2,G7
121056,107950,Leichhardt_DCP_2013__part_g_s1_site_specific__G8 G10_9_1 O2,G8
121057,107950,Leichhardt_DCP_2013__part_g_s1_site_specific__G9 G10_9_1 O2,G9
121058,107951,Leichhardt_DCP_2013__part_g_s1_site_specific__G10 G10_9_1 O3,G10
121059,107951,Leichhardt_DCP_2013__part_g_s1_site_specific__G6 G10_9_1 O3,G6
121060,107951,Leichhardt_DCP_2013__part_g_s1_site_specific__G7 G10_9_1 O3,G7
121061,107951,Leichhardt_DCP_2013__part_g_s1_site_specific__G8 G10_9_1 O3,G8
121062,107951,Leichhardt_DCP_2013__part_g_s1_site_specific__G9 G10_9_1 O3,G9
121063,107953,Leichhardt_DCP_2013__part_g_s1_site_specific__G10 G10_9_1 C2,G10
121064,107953,Leichhardt_DCP_2013__part_g_s1_site_specific__G6 G10_9_1 C2,G6
121065,107953,Leichhardt_DCP_2013__part_g_s1_site_specific__G7 G10_9_1 C2,G7
121066,107957,Leichhardt_DCP_2013__part_g_s1_site_specific__G11 G11_4 O3,G11
121067,107957,Leichhardt_DCP_2013__part_g_s1_site_specific__G12 G11_4 O3,G12
121068,107958,Leichhardt_DCP_2013__part_g_s1_site_specific__G11 G11_4 O4,G11
121069,107958,Leichhardt_DCP_2013__part_g_s1_site_specific__G12 G11_4 O4,G12
121070,107959,Leichhardt_DCP_2013__part_g_s1_site_specific__G11 G11_4 O5,G11
121071,107959,Leichhardt_DCP_2013__part_g_s1_site_specific__G7 G11_4 O5,G7
121072,107965,Leichhardt_DCP_2013__part_g_s1_site_specific__G11 G11_4 O11,G11
121073,107965,Leichhardt_DCP_2013__part_g_s1_site_specific__G12 G11_4 O11,G12
121074,107969,Leichhardt_DCP_2013__part_g_s1_site_specific__G11 G11_5 O4,G11
121075,107969,Leichhardt_DCP_2013__part_g_s1_site_specific__G12 G11_5 O4,G12
121076,107974,Leichhardt_DCP_2013__part_g_s1_site_specific__G11 G11_6 O3,G11
121077,107974,Leichhardt_DCP_2013__part_g_s1_site_specific__G12 G11_6 O3,G12
121078,108077,Leichhardt_DCP_2013__part_g_s1_site_specific__G11 G11_15 C1,G11
121079,108077,Leichhardt_DCP_2013__part_g_s1_site_specific__G12 G11_15 C1,G12
121080,108088,Leichhardt_DCP_2013__part_g_s1_site_specific__G10 G11_16 O1,G10
121081,108088,Leichhardt_DCP_2013__part_g_s1_site_specific__G11 G11_16 O1,G11
121082,108088,Leichhardt_DCP_2013__part_g_s1_site_specific__G6 G11_16 O1,G6
121083,108088,Leichhardt_DCP_2013__part_g_s1_site_specific__G7 G11_16 O1,G7
121084,108088,Leichhardt_DCP_2013__part_g_s1_site_specific__G8 G11_16 O1,G8
121085,108088,Leichhardt_DCP_2013__part_g_s1_site_specific__G9 G11_16 O1,G9
121086,108089,Leichhardt_DCP_2013__part_g_s1_site_specific__G10 G11_16 O2,G10
121087,108089,Leichhardt_DCP_2013__part_g_s1_site_specific__G11 G11_16 O2,G11
121088,108089,Leichhardt_DCP_2013__part_g_s1_site_specific__G6 G11_16 O2,G6
121089,108089,Leichhardt_DCP_2013__part_g_s1_site_specific__G7 G11_16 O2,G7
121090,108089,Leichhardt_DCP_2013__part_g_s1_site_specific__G8 G11_16 O2,G8
121091,108089,Leichhardt_DCP_2013__part_g_s1_site_specific__G9 G11_16 O2,G9
121092,108090,Leichhardt_DCP_2013__part_g_s1_site_specific__G10 G11_16 O3,G10
121093,108090,Leichhardt_DCP_2013__part_g_s1_site_specific__G6 G11_16 O3,G6
121094,108090,Leichhardt_DCP_2013__part_g_s1_site_specific__G7 G11_16 O3,G7
121095,108090,Leichhardt_DCP_2013__part_g_s1_site_specific__G8 G11_16 O3,G8
121096,108090,Leichhardt_DCP_2013__part_g_s1_site_specific__G9 G11_16 O3,G9
121097,108103,Leichhardt_DCP_2013__part_g_s1_site_specific__G11 G12_4 O2,G11
121098,108103,Leichhardt_DCP_2013__part_g_s1_site_specific__G12 G12_4 O2,G12
121099,108104,Leichhardt_DCP_2013__part_g_s1_site_specific__G11 G12_4 O3,G11
121100,108104,Leichhardt_DCP_2013__part_g_s1_site_specific__G12 G12_4 O3,G12
121101,108105,Leichhardt_DCP_2013__part_g_s1_site_specific__G11 G12_4 O4,G11
121102,108105,Leichhardt_DCP_2013__part_g_s1_site_specific__G12 G12_4 O4,G12
121103,108109,Leichhardt_DCP_2013__part_g_s1_site_specific__G11 G12_4 O8,G11
121104,108109,Leichhardt_DCP_2013__part_g_s1_site_specific__G12 G12_4 O8,G12
121105,108111,Leichhardt_DCP_2013__part_g_s1_site_specific__G11 G12_5 O2,G11
121106,108111,Leichhardt_DCP_2013__part_g_s1_site_specific__G12 G12_5 O2,G12
121107,108112,Leichhardt_DCP_2013__part_g_s1_site_specific__G11 G12_5 O3,G11
121108,108112,Leichhardt_DCP_2013__part_g_s1_site_specific__G12 G12_5 O3,G12
121109,108119,Leichhardt_DCP_2013__part_g_s1_site_specific__G11 G12_7 O4,G11
121110,108119,Leichhardt_DCP_2013__part_g_s1_site_specific__G12 G12_7 O4,G12
121111,108179,Leichhardt_DCP_2013__part_g_s1_site_specific__G12 G12_13 C8,G12
121112,108179,Leichhardt_DCP_2013__part_g_s1_site_specific__G6 G12_13 C8,G6
