id,pid_before,pid_after,evidence
107369,,G7,text located only in this section's pages (part-g-s1 PDF)
107371,,G8,text located only in this section's pages (part-g-s1 PDF)
107373,,G11,text located only in this section's pages (part-g-s1 PDF)
107374,,G11,text located only in this section's pages (part-g-s1 PDF)
107375,,G3,text located only in this section's pages (part-g-s1 PDF)
107376,,G3,text located only in this section's pages (part-g-s1 PDF)
107377,,G3,text located only in this section's pages (part-g-s1 PDF)
107378,,G3,text located only in this section's pages (part-g-s1 PDF)
107379,,G3,text located only in this section's pages (part-g-s1 PDF)
107380,,G3,text located only in this section's pages (part-g-s1 PDF)
107381,,G3,text located only in this section's pages (part-g-s1 PDF)
107382,,G3,text located only in this section's pages (part-g-s1 PDF)
107383,,G3,text located only in this section's pages (part-g-s1 PDF)
107384,,G3,text located only in this section's pages (part-g-s1 PDF)
107385,,G3,text located only in this section's pages (part-g-s1 PDF)
107386,,G3,text located only in this section's pages (part-g-s1 PDF)
107387,,G3,text located only in this section's pages (part-g-s1 PDF)
107388,,G3,text located only in this section's pages (part-g-s1 PDF)
107389,,G3,text located only in this section's pages (part-g-s1 PDF)
107390,,G3,text located only in this section's pages (part-g-s1 PDF)
107391,,G3,text located only in this section's pages (part-g-s1 PDF)
107392,,G3,text located only in this section's pages (part-g-s1 PDF)
107393,,G3,text located only in this section's pages (part-g-s1 PDF)
107394,,G3,text located only in this section's pages (part-g-s1 PDF)
107395,,G3,text located only in this section's pages (part-g-s1 PDF)
107396,,G3,text located only in this section's pages (part-g-s1 PDF)
107397,,G3,text located only in this section's pages (part-g-s1 PDF)
107398,,G3,text located only in this section's pages (part-g-s1 PDF)
107399,,G3,text located only in this section's pages (part-g-s1 PDF)
107400,,G4,text located only in this section's pages (part-g-s1 PDF)
107401,,G4,text located only in this section's pages (part-g-s1 PDF)
107402,,G4,text located only in this section's pages (part-g-s1 PDF)
107403,,G4,text located only in this section's pages (part-g-s1 PDF)
107404,,G4,text located only in this section's pages (part-g-s1 PDF)
107405,,G4,text located only in this section's pages (part-g-s1 PDF)
107406,,G4,text located only in this section's pages (part-g-s1 PDF)
107407,,G4,text located only in this section's pages (part-g-s1 PDF)
107408,,G4,text located only in this section's pages (part-g-s1 PDF)
107409,,G4,text located only in this section's pages (part-g-s1 PDF)
107410,,G4,text located only in this section's pages (part-g-s1 PDF)
107411,,G4,text located only in this section's pages (part-g-s1 PDF)
107412,,G4,text located only in this section's pages (part-g-s1 PDF)
107413,,G4,text located only in this section's pages (part-g-s1 PDF)
107414,,G4,text located only in this section's pages (part-g-s1 PDF)
107415,,G4,text located only in this section's pages (part-g-s1 PDF)
107416,,G4,text located only in this section's pages (part-g-s1 PDF)
107417,,G4,text located only in this section's pages (part-g-s1 PDF)
107418,,G4,text located only in this section's pages (part-g-s1 PDF)
107419,,G4,text located only in this section's pages (part-g-s1 PDF)
107420,,G4,text located only in this section's pages (part-g-s1 PDF)
107421,,G4,text located only in this section's pages (part-g-s1 PDF)
107422,,G4,text located only in this section's pages (part-g-s1 PDF)
107423,,G4,text located only in this section's pages (part-g-s1 PDF)
107425,,G4,text located only in this section's pages (part-g-s1 PDF)
107426,,G4,text located only in this section's pages (part-g-s1 PDF)
107427,,G4,text located only in this section's pages (part-g-s1 PDF)
107428,,G4,text located only in this section's pages (part-g-s1 PDF)
107429,,G4,text located only in this section's pages (part-g-s1 PDF)
107430,,G4,text located only in this section's pages (part-g-s1 PDF)
107431,,G4,text located only in this section's pages (part-g-s1 PDF)
107432,,G4,text located only in this section's pages (part-g-s1 PDF)
107433,,G4,text located only in this section's pages (part-g-s1 PDF)
107434,,G5,text located only in this section's pages (part-g-s1 PDF)
107435,,G5,text located only in this section's pages (part-g-s1 PDF)
107436,,G5,text located only in this section's pages (part-g-s1 PDF)
107437,,G5,text located only in this section's pages (part-g-s1 PDF)
107438,,G5,text located only in this section's pages (part-g-s1 PDF)
107439,,G5,text located only in this section's pages (part-g-s1 PDF)
107440,,G5,text located only in this section's pages (part-g-s1 PDF)
107441,,G5,text located only in this section's pages (part-g-s1 PDF)
107442,,G5,text located only in this section's pages (part-g-s1 PDF)
107443,,G5,text located only in this section's pages (part-g-s1 PDF)
107444,,G5,text located only in this section's pages (part-g-s1 PDF)
107445,,G5,text located only in this section's pages (part-g-s1 PDF)
107446,,G5,text located only in this section's pages (part-g-s1 PDF)
107447,,G5,text located only in this section's pages (part-g-s1 PDF)
107448,,G5,text located only in this section's pages (part-g-s1 PDF)
107449,,G5,text located only in this section's pages (part-g-s1 PDF)
107450,,G5,text located only in this section's pages (part-g-s1 PDF)
107451,,G5,text located only in this section's pages (part-g-s1 PDF)
107452,,G5,text located only in this section's pages (part-g-s1 PDF)
107453,,G5,text located only in this section's pages (part-g-s1 PDF)
107454,,G5,text located only in this section's pages (part-g-s1 PDF)
107455,,G5,text located only in this section's pages (part-g-s1 PDF)
107456,,G5,text located only in this section's pages (part-g-s1 PDF)
107457,,G5,text located only in this section's pages (part-g-s1 PDF)
107458,,G5,text located only in this section's pages (part-g-s1 PDF)
107459,,G5,text located only in this section's pages (part-g-s1 PDF)
107460,,G5,text located only in this section's pages (part-g-s1 PDF)
107461,,G5,text located only in this section's pages (part-g-s1 PDF)
107462,,G5,text located only in this section's pages (part-g-s1 PDF)
107463,,G5,text located only in this section's pages (part-g-s1 PDF)
107464,,G5,text located only in this section's pages (part-g-s1 PDF)
107465,,G5,text located only in this section's pages (part-g-s1 PDF)
107466,,G5,text located only in this section's pages (part-g-s1 PDF)
107467,,G5,text located only in this section's pages (part-g-s1 PDF)
107468,,G5,text located only in this section's pages (part-g-s1 PDF)
107469,,G5,text located only in this section's pages (part-g-s1 PDF)
107470,,G5,text located only in this section's pages (part-g-s1 PDF)
107471,,G5,text located only in this section's pages (part-g-s1 PDF)
107472,,G5,text located only in this section's pages (part-g-s1 PDF)
107473,,G5,text located only in this section's pages (part-g-s1 PDF)
107474,,G5,text located only in this section's pages (part-g-s1 PDF)
107475,,G5,text located only in this section's pages (part-g-s1 PDF)
107477,,G5,text located only in this section's pages (part-g-s1 PDF)
107478,,G5,text located only in this section's pages (part-g-s1 PDF)
107479,,G5,text located only in this section's pages (part-g-s1 PDF)
107480,,G6,text located only in this section's pages (part-g-s1 PDF)
107481,,G6,text located only in this section's pages (part-g-s1 PDF)
107482,,G6,text located only in this section's pages (part-g-s1 PDF)
107483,,G6,text located only in this section's pages (part-g-s1 PDF)
107484,,G6,text located only in this section's pages (part-g-s1 PDF)
107485,,G6,text located only in this section's pages (part-g-s1 PDF)
107486,,G6,text located only in this section's pages (part-g-s1 PDF)
107487,,G6,text located only in this section's pages (part-g-s1 PDF)
107488,,G6,text located only in this section's pages (part-g-s1 PDF)
107489,,G6,text located only in this section's pages (part-g-s1 PDF)
107490,,G6,text located only in this section's pages (part-g-s1 PDF)
107491,,G6,text located only in this section's pages (part-g-s1 PDF)
107492,,G6,text located only in this section's pages (part-g-s1 PDF)
107493,,G6,text located only in this section's pages (part-g-s1 PDF)
107494,,G6,text located only in this section's pages (part-g-s1 PDF)
107495,,G6,text located only in this section's pages (part-g-s1 PDF)
107496,,G6,text located only in this section's pages (part-g-s1 PDF)
107497,,G6,text located only in this section's pages (part-g-s1 PDF)
107498,,G6,text located only in this section's pages (part-g-s1 PDF)
107499,,G6,text located only in this section's pages (part-g-s1 PDF)
107500,,G6,text located only in this section's pages (part-g-s1 PDF)
107501,,G6,text located only in this section's pages (part-g-s1 PDF)
107502,,G6,text located only in this section's pages (part-g-s1 PDF)
107503,,G6,text located only in this section's pages (part-g-s1 PDF)
107505,,G6,text located only in this section's pages (part-g-s1 PDF)
107506,,G6,text located only in this section's pages (part-g-s1 PDF)
107507,,G6,text located only in this section's pages (part-g-s1 PDF)
107508,,G6,text located only in this section's pages (part-g-s1 PDF)
107509,,G6,text located only in this section's pages (part-g-s1 PDF)
107510,,G6,text located only in this section's pages (part-g-s1 PDF)
107511,,G6,text located only in this section's pages (part-g-s1 PDF)
107512,,G6,text located only in this section's pages (part-g-s1 PDF)
107513,,G6,text located only in this section's pages (part-g-s1 PDF)
107514,,G6,text located only in this section's pages (part-g-s1 PDF)
107515,,G6,text located only in this section's pages (part-g-s1 PDF)
107516,,G6,text located only in this section's pages (part-g-s1 PDF)
107518,,G6,text located only in this section's pages (part-g-s1 PDF)
107520,,G6,text located only in this section's pages (part-g-s1 PDF)
107521,,G6,text located only in this section's pages (part-g-s1 PDF)
107523,,G6,text located only in this section's pages (part-g-s1 PDF)
107524,,G6,text located only in this section's pages (part-g-s1 PDF)
107525,,G6,text located only in this section's pages (part-g-s1 PDF)
107526,,G6,text located only in this section's pages (part-g-s1 PDF)
107527,,G6,text located only in this section's pages (part-g-s1 PDF)
107528,,G6,text located only in this section's pages (part-g-s1 PDF)
107529,,G6,text located only in this section's pages (part-g-s1 PDF)
107530,,G6,text located only in this section's pages (part-g-s1 PDF)
107531,,G6,text located only in this section's pages (part-g-s1 PDF)
107532,,G6,text located only in this section's pages (part-g-s1 PDF)
107533,,G6,text located only in this section's pages (part-g-s1 PDF)
107534,,G6,text located only in this section's pages (part-g-s1 PDF)
107535,,G6,text located only in this section's pages (part-g-s1 PDF)
107536,,G6,text located only in this section's pages (part-g-s1 PDF)
107538,,G6,text located only in this section's pages (part-g-s1 PDF)
107539,,G6,text located only in this section's pages (part-g-s1 PDF)
107540,,G6,text located only in this section's pages (part-g-s1 PDF)
107541,,G6,text located only in this section's pages (part-g-s1 PDF)
107542,,G6,text located only in this section's pages (part-g-s1 PDF)
107543,,G6,text located only in this section's pages (part-g-s1 PDF)
107544,,G6,text located only in this section's pages (part-g-s1 PDF)
107546,,G6,text located only in this section's pages (part-g-s1 PDF)
107549,,G6,text located only in this section's pages (part-g-s1 PDF)
107552,,G6,text located only in this section's pages (part-g-s1 PDF)
107556,,G6,text located only in this section's pages (part-g-s1 PDF)
107557,,G6,text located only in this section's pages (part-g-s1 PDF)
107561,,G6,text located only in this section's pages (part-g-s1 PDF)
107565,,G6,text located only in this section's pages (part-g-s1 PDF)
107566,,G6,text located only in this section's pages (part-g-s1 PDF)
107567,,G6,text located only in this section's pages (part-g-s1 PDF)
107568,,G6,text located only in this section's pages (part-g-s1 PDF)
107569,,G6,text located only in this section's pages (part-g-s1 PDF)
107570,,G6,text located only in this section's pages (part-g-s1 PDF)
107571,,G6,text located only in this section's pages (part-g-s1 PDF)
107572,,G6,text located only in this section's pages (part-g-s1 PDF)
107573,,G6,text located only in this section's pages (part-g-s1 PDF)
107574,,G6,text located only in this section's pages (part-g-s1 PDF)
107575,,G6,text located only in this section's pages (part-g-s1 PDF)
107576,,G6,text located only in this section's pages (part-g-s1 PDF)
107577,,G6,text located only in this section's pages (part-g-s1 PDF)
107578,,G6,text located only in this section's pages (part-g-s1 PDF)
107579,,G6,text located only in this section's pages (part-g-s1 PDF)
107580,,G6,text located only in this section's pages (part-g-s1 PDF)
107581,,G6,text located only in this section's pages (part-g-s1 PDF)
107582,,G6,text located only in this section's pages (part-g-s1 PDF)
107583,,G6,text located only in this section's pages (part-g-s1 PDF)
107584,,G6,text located only in this section's pages (part-g-s1 PDF)
107586,,G6,text located only in this section's pages (part-g-s1 PDF)
107587,,G6,text located only in this section's pages (part-g-s1 PDF)
107588,,G6,text located only in this section's pages (part-g-s1 PDF)
107590,,G6,text located only in this section's pages (part-g-s1 PDF)
107591,,G6,text located only in this section's pages (part-g-s1 PDF)
107592,,G6,text located only in this section's pages (part-g-s1 PDF)
107594,,G6,text located only in this section's pages (part-g-s1 PDF)
107595,,G6,text located only in this section's pages (part-g-s1 PDF)
107596,,G6,text located only in this section's pages (part-g-s1 PDF)
107601,,G6,text located only in this section's pages (part-g-s1 PDF)
107603,,G7,text located only in this section's pages (part-g-s1 PDF)
107604,,G7,text located only in this section's pages (part-g-s1 PDF)
107605,,G7,text located only in this section's pages (part-g-s1 PDF)
107606,,G7,text located only in this section's pages (part-g-s1 PDF)
107607,,G7,text located only in this section's pages (part-g-s1 PDF)
107608,,G7,text located only in this section's pages (part-g-s1 PDF)
107609,,G7,text located only in this section's pages (part-g-s1 PDF)
107610,,G7,text located only in this section's pages (part-g-s1 PDF)
107611,,G7,text located only in this section's pages (part-g-s1 PDF)
107613,,G7,text located only in this section's pages (part-g-s1 PDF)
107614,,G7,text located only in this section's pages (part-g-s1 PDF)
107615,,G7,text located only in this section's pages (part-g-s1 PDF)
107616,,G7,text located only in this section's pages (part-g-s1 PDF)
107617,,G7,text located only in this section's pages (part-g-s1 PDF)
107618,,G7,text located only in this section's pages (part-g-s1 PDF)
107619,,G7,text located only in this section's pages (part-g-s1 PDF)
107620,,G7,text located only in this section's pages (part-g-s1 PDF)
107621,,G7,text located only in this section's pages (part-g-s1 PDF)
107622,,G7,text located only in this section's pages (part-g-s1 PDF)
107623,,G7,text located only in this section's pages (part-g-s1 PDF)
107624,,G7,text located only in this section's pages (part-g-s1 PDF)
107625,,G7,text located only in this section's pages (part-g-s1 PDF)
107626,,G7,text located only in this section's pages (part-g-s1 PDF)
107627,,G7,text located only in this section's pages (part-g-s1 PDF)
107628,,G7,text located only in this section's pages (part-g-s1 PDF)
107629,,G7,text located only in this section's pages (part-g-s1 PDF)
107630,,G7,text located only in this section's pages (part-g-s1 PDF)
107631,,G7,text located only in this section's pages (part-g-s1 PDF)
107632,,G7,text located only in this section's pages (part-g-s1 PDF)
107633,,G7,text located only in this section's pages (part-g-s1 PDF)
107634,,G7,text located only in this section's pages (part-g-s1 PDF)
107635,,G7,text located only in this section's pages (part-g-s1 PDF)
107636,,G7,text located only in this section's pages (part-g-s1 PDF)
107637,,G7,text located only in this section's pages (part-g-s1 PDF)
107638,,G7,text located only in this section's pages (part-g-s1 PDF)
107639,,G7,text located only in this section's pages (part-g-s1 PDF)
107640,,G7,text located only in this section's pages (part-g-s1 PDF)
107641,,G7,text located only in this section's pages (part-g-s1 PDF)
107642,,G7,text located only in this section's pages (part-g-s1 PDF)
107643,,G7,text located only in this section's pages (part-g-s1 PDF)
107645,,G7,text located only in this section's pages (part-g-s1 PDF)
107646,,G7,text located only in this section's pages (part-g-s1 PDF)
107655,,G7,text located only in this section's pages (part-g-s1 PDF)
107656,,G7,text located only in this section's pages (part-g-s1 PDF)
107664,,G7,text located only in this section's pages (part-g-s1 PDF)
107665,,G7,text located only in this section's pages (part-g-s1 PDF)
107668,,G7,text located only in this section's pages (part-g-s1 PDF)
107669,,G7,text located only in this section's pages (part-g-s1 PDF)
107671,,G7,text located only in this section's pages (part-g-s1 PDF)
107672,,G7,text located only in this section's pages (part-g-s1 PDF)
107673,,G7,text located only in this section's pages (part-g-s1 PDF)
107675,,G7,text located only in this section's pages (part-g-s1 PDF)
107676,,G7,text located only in this section's pages (part-g-s1 PDF)
107677,,G7,text located only in this section's pages (part-g-s1 PDF)
107678,,G7,text located only in this section's pages (part-g-s1 PDF)
107679,,G7,text located only in this section's pages (part-g-s1 PDF)
107681,,G7,text located only in this section's pages (part-g-s1 PDF)
107683,,G7,text located only in this section's pages (part-g-s1 PDF)
107685,,G7,text located only in this section's pages (part-g-s1 PDF)
107691,,G7,text located only in this section's pages (part-g-s1 PDF)
107692,,G7,text located only in this section's pages (part-g-s1 PDF)
107694,,G8,text located only in this section's pages (part-g-s1 PDF)
107696,,G8,text located only in this section's pages (part-g-s1 PDF)
107697,,G8,text located only in this section's pages (part-g-s1 PDF)
107698,,G8,text located only in this section's pages (part-g-s1 PDF)
107699,,G8,text located only in this section's pages (part-g-s1 PDF)
107700,,G8,text located only in this section's pages (part-g-s1 PDF)
107701,,G8,text located only in this section's pages (part-g-s1 PDF)
107702,,G8,text located only in this section's pages (part-g-s1 PDF)
107703,,G8,text located only in this section's pages (part-g-s1 PDF)
107704,,G8,text located only in this section's pages (part-g-s1 PDF)
107705,,G8,text located only in this section's pages (part-g-s1 PDF)
107706,,G8,text located only in this section's pages (part-g-s1 PDF)
107707,,G8,text located only in this section's pages (part-g-s1 PDF)
107708,,G8,text located only in this section's pages (part-g-s1 PDF)
107709,,G8,text located only in this section's pages (part-g-s1 PDF)
107710,,G8,text located only in this section's pages (part-g-s1 PDF)
107711,,G8,text located only in this section's pages (part-g-s1 PDF)
107712,,G8,text located only in this section's pages (part-g-s1 PDF)
107716,,G8,text located only in this section's pages (part-g-s1 PDF)
107717,,G8,text located only in this section's pages (part-g-s1 PDF)
107718,,G8,text located only in this section's pages (part-g-s1 PDF)
107719,,G8,text located only in this section's pages (part-g-s1 PDF)
107722,,G8,text located only in this section's pages (part-g-s1 PDF)
107723,,G8,text located only in this section's pages (part-g-s1 PDF)
107724,,G8,text located only in this section's pages (part-g-s1 PDF)
107725,,G8,text located only in this section's pages (part-g-s1 PDF)
107727,,G8,text located only in this section's pages (part-g-s1 PDF)
107728,,G8,text located only in this section's pages (part-g-s1 PDF)
107729,,G8,text located only in this section's pages (part-g-s1 PDF)
107730,,G8,text located only in this section's pages (part-g-s1 PDF)
107731,,G8,text located only in this section's pages (part-g-s1 PDF)
107733,,G8,text located only in this section's pages (part-g-s1 PDF)
107735,,G8,text located only in this section's pages (part-g-s1 PDF)
107741,,G8,text located only in this section's pages (part-g-s1 PDF)
107742,,G8,text located only in this section's pages (part-g-s1 PDF)
107743,,G8,text located only in this section's pages (part-g-s1 PDF)
107744,,G8,text located only in this section's pages (part-g-s1 PDF)
107745,,G8,text located only in this section's pages (part-g-s1 PDF)
107746,,G8,text located only in this section's pages (part-g-s1 PDF)
107749,,G8,text located only in this section's pages (part-g-s1 PDF)
107750,,G8,text located only in this section's pages (part-g-s1 PDF)
107756,,G8,text located only in this section's pages (part-g-s1 PDF)
107757,,G8,text located only in this section's pages (part-g-s1 PDF)
107758,,G8,text located only in this section's pages (part-g-s1 PDF)
107759,,G8,text located only in this section's pages (part-g-s1 PDF)
107760,,G8,text located only in this section's pages (part-g-s1 PDF)
107761,,G8,text located only in this section's pages (part-g-s1 PDF)
107764,,G8,text located only in this section's pages (part-g-s1 PDF)
107766,,G8,text located only in this section's pages (part-g-s1 PDF)
107767,,G8,text located only in this section's pages (part-g-s1 PDF)
107768,,G8,text located only in this section's pages (part-g-s1 PDF)
107770,,G8,text located only in this section's pages (part-g-s1 PDF)
107772,,G8,text located only in this section's pages (part-g-s1 PDF)
107773,,G8,text located only in this section's pages (part-g-s1 PDF)
107775,,G8,text located only in this section's pages (part-g-s1 PDF)
107778,,G8,text located only in this section's pages (part-g-s1 PDF)
107780,,G8,text located only in this section's pages (part-g-s1 PDF)
107781,,G8,text located only in this section's pages (part-g-s1 PDF)
107782,,G8,text located only in this section's pages (part-g-s1 PDF)
107783,,G8,text located only in this section's pages (part-g-s1 PDF)
107784,,G8,text located only in this section's pages (part-g-s1 PDF)
107785,,G8,text located only in this section's pages (part-g-s1 PDF)
107789,,G8,text located only in this section's pages (part-g-s1 PDF)
107791,,G9,text located only in this section's pages (part-g-s1 PDF)
107796,,G9,text located only in this section's pages (part-g-s1 PDF)
107797,,G9,text located only in this section's pages (part-g-s1 PDF)
107798,,G9,text located only in this section's pages (part-g-s1 PDF)
107800,,G9,text located only in this section's pages (part-g-s1 PDF)
107801,,G9,text located only in this section's pages (part-g-s1 PDF)
107802,,G9,text located only in this section's pages (part-g-s1 PDF)
107803,,G9,text located only in this section's pages (part-g-s1 PDF)
107805,,G9,text located only in this section's pages (part-g-s1 PDF)
107806,,G9,text located only in this section's pages (part-g-s1 PDF)
107808,,G9,text located only in this section's pages (part-g-s1 PDF)
107809,,G9,text located only in this section's pages (part-g-s1 PDF)
107811,,G9,text located only in this section's pages (part-g-s1 PDF)
107813,,G9,text located only in this section's pages (part-g-s1 PDF)
107814,,G9,text located only in this section's pages (part-g-s1 PDF)
107815,,G9,text located only in this section's pages (part-g-s1 PDF)
107816,,G9,text located only in this section's pages (part-g-s1 PDF)
107817,,G9,text located only in this section's pages (part-g-s1 PDF)
107818,,G9,text located only in this section's pages (part-g-s1 PDF)
107819,,G9,text located only in this section's pages (part-g-s1 PDF)
107820,,G9,text located only in this section's pages (part-g-s1 PDF)
107822,,G9,text located only in this section's pages (part-g-s1 PDF)
107823,,G9,text located only in this section's pages (part-g-s1 PDF)
107824,,G9,text located only in this section's pages (part-g-s1 PDF)
107825,,G9,text located only in this section's pages (part-g-s1 PDF)
107826,,G9,text located only in this section's pages (part-g-s1 PDF)
107827,,G9,text located only in this section's pages (part-g-s1 PDF)
107830,,G9,text located only in this section's pages (part-g-s1 PDF)
107831,,G9,text located only in this section's pages (part-g-s1 PDF)
107832,,G9,text located only in this section's pages (part-g-s1 PDF)
107833,,G9,text located only in this section's pages (part-g-s1 PDF)
107834,,G9,text located only in this section's pages (part-g-s1 PDF)
107835,,G9,text located only in this section's pages (part-g-s1 PDF)
107836,,G9,text located only in this section's pages (part-g-s1 PDF)
107837,,G9,text located only in this section's pages (part-g-s1 PDF)
107838,,G9,text located only in this section's pages (part-g-s1 PDF)
107839,,G9,text located only in this section's pages (part-g-s1 PDF)
107840,,G9,text located only in this section's pages (part-g-s1 PDF)
107841,,G9,text located only in this section's pages (part-g-s1 PDF)
107842,,G9,text located only in this section's pages (part-g-s1 PDF)
107843,,G9,text located only in this section's pages (part-g-s1 PDF)
107844,,G9,text located only in this section's pages (part-g-s1 PDF)
107845,,G9,text located only in this section's pages (part-g-s1 PDF)
107846,,G9,text located only in this section's pages (part-g-s1 PDF)
107849,,G9,text located only in this section's pages (part-g-s1 PDF)
107856,,G9,text located only in this section's pages (part-g-s1 PDF)
107859,,G9,text located only in this section's pages (part-g-s1 PDF)
107860,,G9,text located only in this section's pages (part-g-s1 PDF)
107861,,G9,text located only in this section's pages (part-g-s1 PDF)
107865,,G9,text located only in this section's pages (part-g-s1 PDF)
107866,,G9,text located only in this section's pages (part-g-s1 PDF)
107867,,G9,text located only in this section's pages (part-g-s1 PDF)
107871,,G9,text located only in this section's pages (part-g-s1 PDF)
107872,,G9,text located only in this section's pages (part-g-s1 PDF)
107873,,G9,text located only in this section's pages (part-g-s1 PDF)
107874,,G9,text located only in this section's pages (part-g-s1 PDF)
107875,,G9,text located only in this section's pages (part-g-s1 PDF)
107877,,G9,text located only in this section's pages (part-g-s1 PDF)
107878,,G9,text located only in this section's pages (part-g-s1 PDF)
107879,,G9,text located only in this section's pages (part-g-s1 PDF)
107880,,G9,text located only in this section's pages (part-g-s1 PDF)
107881,,G9,text located only in this section's pages (part-g-s1 PDF)
107882,,G9,text located only in this section's pages (part-g-s1 PDF)
107883,,G9,text located only in this section's pages (part-g-s1 PDF)
107884,,G9,text located only in this section's pages (part-g-s1 PDF)
107885,,G9,text located only in this section's pages (part-g-s1 PDF)
107886,,G9,text located only in this section's pages (part-g-s1 PDF)
107887,,G9,text located only in this section's pages (part-g-s1 PDF)
107888,,G9,text located only in this section's pages (part-g-s1 PDF)
107893,,G10,text located only in this section's pages (part-g-s1 PDF)
107894,,G10,text located only in this section's pages (part-g-s1 PDF)
107895,,G10,text located only in this section's pages (part-g-s1 PDF)
107896,,G10,text located only in this section's pages (part-g-s1 PDF)
107897,,G10,text located only in this section's pages (part-g-s1 PDF)
107898,,G10,text located only in this section's pages (part-g-s1 PDF)
107899,,G10,text located only in this section's pages (part-g-s1 PDF)
107900,,G10,text located only in this section's pages (part-g-s1 PDF)
107902,,G10,text located only in this section's pages (part-g-s1 PDF)
107903,,G10,text located only in this section's pages (part-g-s1 PDF)
107904,,G10,text located only in this section's pages (part-g-s1 PDF)
107908,,G10,text located only in this section's pages (part-g-s1 PDF)
107909,,G10,text located only in this section's pages (part-g-s1 PDF)
107911,,G10,text located only in this section's pages (part-g-s1 PDF)
107912,,G10,text located only in this section's pages (part-g-s1 PDF)
107913,,G10,text located only in this section's pages (part-g-s1 PDF)
107914,,G10,text located only in this section's pages (part-g-s1 PDF)
107915,,G10,text located only in this section's pages (part-g-s1 PDF)
107916,,G10,text located only in this section's pages (part-g-s1 PDF)
107917,,G10,text located only in this section's pages (part-g-s1 PDF)
107918,,G10,text located only in this section's pages (part-g-s1 PDF)
107919,,G10,text located only in this section's pages (part-g-s1 PDF)
107920,,G10,text located only in this section's pages (part-g-s1 PDF)
107921,,G10,text located only in this section's pages (part-g-s1 PDF)
107922,,G10,text located only in this section's pages (part-g-s1 PDF)
107923,,G10,text located only in this section's pages (part-g-s1 PDF)
107924,,G10,text located only in this section's pages (part-g-s1 PDF)
107925,,G10,text located only in this section's pages (part-g-s1 PDF)
107926,,G10,text located only in this section's pages (part-g-s1 PDF)
107932,,G10,text located only in this section's pages (part-g-s1 PDF)
107933,,G10,text located only in this section's pages (part-g-s1 PDF)
107936,,G10,text located only in this section's pages (part-g-s1 PDF)
107937,,G10,text located only in this section's pages (part-g-s1 PDF)
107938,,G10,text located only in this section's pages (part-g-s1 PDF)
107939,,G10,text located only in this section's pages (part-g-s1 PDF)
107940,,G10,text located only in this section's pages (part-g-s1 PDF)
107941,,G10,text located only in this section's pages (part-g-s1 PDF)
107942,,G10,text located only in this section's pages (part-g-s1 PDF)
107943,,G10,text located only in this section's pages (part-g-s1 PDF)
107944,,G10,text located only in this section's pages (part-g-s1 PDF)
107946,,G10,text located only in this section's pages (part-g-s1 PDF)
107947,,G10,text located only in this section's pages (part-g-s1 PDF)
107952,,G10,text located only in this section's pages (part-g-s1 PDF)
107954,,G11,text located only in this section's pages (part-g-s1 PDF)
107955,,G11,text located only in this section's pages (part-g-s1 PDF)
107956,,G11,text located only in this section's pages (part-g-s1 PDF)
107960,,G11,text located only in this section's pages (part-g-s1 PDF)
107961,,G11,text located only in this section's pages (part-g-s1 PDF)
107962,,G11,text located only in this section's pages (part-g-s1 PDF)
107963,,G11,text located only in this section's pages (part-g-s1 PDF)
107964,,G11,text located only in this section's pages (part-g-s1 PDF)
107966,,G11,text located only in this section's pages (part-g-s1 PDF)
107967,,G11,text located only in this section's pages (part-g-s1 PDF)
107968,,G11,text located only in this section's pages (part-g-s1 PDF)
107970,,G11,text located only in this section's pages (part-g-s1 PDF)
107971,,G11,text located only in this section's pages (part-g-s1 PDF)
107972,,G11,text located only in this section's pages (part-g-s1 PDF)
107973,,G11,text located only in this section's pages (part-g-s1 PDF)
107975,,G11,text located only in this section's pages (part-g-s1 PDF)
107976,,G11,text located only in this section's pages (part-g-s1 PDF)
107977,,G11,text located only in this section's pages (part-g-s1 PDF)
107978,,G11,text located only in this section's pages (part-g-s1 PDF)
107979,,G11,text located only in this section's pages (part-g-s1 PDF)
107980,,G11,text located only in this section's pages (part-g-s1 PDF)
107981,,G11,text located only in this section's pages (part-g-s1 PDF)
107982,,G11,text located only in this section's pages (part-g-s1 PDF)
107983,,G11,text located only in this section's pages (part-g-s1 PDF)
107984,,G11,text located only in this section's pages (part-g-s1 PDF)
107985,,G11,text located only in this section's pages (part-g-s1 PDF)
107986,,G11,text located only in this section's pages (part-g-s1 PDF)
107987,,G11,text located only in this section's pages (part-g-s1 PDF)
107988,,G11,text located only in this section's pages (part-g-s1 PDF)
107989,,G11,text located only in this section's pages (part-g-s1 PDF)
107990,,G11,text located only in this section's pages (part-g-s1 PDF)
107991,,G11,text located only in this section's pages (part-g-s1 PDF)
107992,,G11,text located only in this section's pages (part-g-s1 PDF)
107993,,G11,text located only in this section's pages (part-g-s1 PDF)
107994,,G11,text located only in this section's pages (part-g-s1 PDF)
107995,,G11,text located only in this section's pages (part-g-s1 PDF)
107996,,G11,text located only in this section's pages (part-g-s1 PDF)
107997,,G11,text located only in this section's pages (part-g-s1 PDF)
107998,,G11,text located only in this section's pages (part-g-s1 PDF)
107999,,G11,text located only in this section's pages (part-g-s1 PDF)
108000,,G11,text located only in this section's pages (part-g-s1 PDF)
108001,,G11,text located only in this section's pages (part-g-s1 PDF)
108002,,G11,text located only in this section's pages (part-g-s1 PDF)
108003,,G11,text located only in this section's pages (part-g-s1 PDF)
108004,,G11,text located only in this section's pages (part-g-s1 PDF)
108005,,G11,text located only in this section's pages (part-g-s1 PDF)
108006,,G11,text located only in this section's pages (part-g-s1 PDF)
108007,,G11,text located only in this section's pages (part-g-s1 PDF)
108008,,G11,text located only in this section's pages (part-g-s1 PDF)
108009,,G11,text located only in this section's pages (part-g-s1 PDF)
108010,,G11,text located only in this section's pages (part-g-s1 PDF)
108011,,G11,text located only in this section's pages (part-g-s1 PDF)
108012,,G11,text located only in this section's pages (part-g-s1 PDF)
108013,,G11,text located only in this section's pages (part-g-s1 PDF)
108014,,G11,text located only in this section's pages (part-g-s1 PDF)
108015,,G11,text located only in this section's pages (part-g-s1 PDF)
108016,,G11,text located only in this section's pages (part-g-s1 PDF)
108017,,G11,text located only in this section's pages (part-g-s1 PDF)
108018,,G11,text located only in this section's pages (part-g-s1 PDF)
108019,,G11,text located only in this section's pages (part-g-s1 PDF)
108020,,G11,text located only in this section's pages (part-g-s1 PDF)
108021,,G11,text located only in this section's pages (part-g-s1 PDF)
108022,,G11,text located only in this section's pages (part-g-s1 PDF)
108023,,G11,text located only in this section's pages (part-g-s1 PDF)
108024,,G11,text located only in this section's pages (part-g-s1 PDF)
108025,,G11,text located only in this section's pages (part-g-s1 PDF)
108026,,G11,text located only in this section's pages (part-g-s1 PDF)
108027,,G11,text located only in this section's pages (part-g-s1 PDF)
108028,,G11,text located only in this section's pages (part-g-s1 PDF)
108029,,G11,text located only in this section's pages (part-g-s1 PDF)
108030,,G11,text located only in this section's pages (part-g-s1 PDF)
108031,,G11,text located only in this section's pages (part-g-s1 PDF)
108032,,G11,text located only in this section's pages (part-g-s1 PDF)
108033,,G11,text located only in this section's pages (part-g-s1 PDF)
108034,,G11,text located only in this section's pages (part-g-s1 PDF)
108035,,G11,text located only in this section's pages (part-g-s1 PDF)
108036,,G11,text located only in this section's pages (part-g-s1 PDF)
108037,,G11,text located only in this section's pages (part-g-s1 PDF)
108038,,G11,text located only in this section's pages (part-g-s1 PDF)
108039,,G11,text located only in this section's pages (part-g-s1 PDF)
108040,,G11,text located only in this section's pages (part-g-s1 PDF)
108041,,G11,text located only in this section's pages (part-g-s1 PDF)
108042,,G11,text located only in this section's pages (part-g-s1 PDF)
108043,,G11,text located only in this section's pages (part-g-s1 PDF)
108044,,G11,text located only in this section's pages (part-g-s1 PDF)
108045,,G11,text located only in this section's pages (part-g-s1 PDF)
108046,,G11,text located only in this section's pages (part-g-s1 PDF)
108047,,G11,text located only in this section's pages (part-g-s1 PDF)
108048,,G11,text located only in this section's pages (part-g-s1 PDF)
108049,,G11,text located only in this section's pages (part-g-s1 PDF)
108050,,G11,text located only in this section's pages (part-g-s1 PDF)
108051,,G11,text located only in this section's pages (part-g-s1 PDF)
108052,,G11,text located only in this section's pages (part-g-s1 PDF)
108053,,G11,text located only in this section's pages (part-g-s1 PDF)
108054,,G11,text located only in this section's pages (part-g-s1 PDF)
108055,,G11,text located only in this section's pages (part-g-s1 PDF)
108056,,G11,text located only in this section's pages (part-g-s1 PDF)
108057,,G11,text located only in this section's pages (part-g-s1 PDF)
108058,,G11,text located only in this section's pages (part-g-s1 PDF)
108059,,G11,text located only in this section's pages (part-g-s1 PDF)
108060,,G11,text located only in this section's pages (part-g-s1 PDF)
108061,,G11,text located only in this section's pages (part-g-s1 PDF)
108063,,G11,text located only in this section's pages (part-g-s1 PDF)
108064,,G11,text located only in this section's pages (part-g-s1 PDF)
108065,,G11,text located only in this section's pages (part-g-s1 PDF)
108066,,G11,text located only in this section's pages (part-g-s1 PDF)
108067,,G11,text located only in this section's pages (part-g-s1 PDF)
108068,,G11,text located only in this section's pages (part-g-s1 PDF)
108069,,G11,text located only in this section's pages (part-g-s1 PDF)
108070,,G11,text located only in this section's pages (part-g-s1 PDF)
108071,,G11,text located only in this section's pages (part-g-s1 PDF)
108072,,G11,text located only in this section's pages (part-g-s1 PDF)
108073,,G11,text located only in this section's pages (part-g-s1 PDF)
108074,,G11,text located only in this section's pages (part-g-s1 PDF)
108075,,G11,text located only in this section's pages (part-g-s1 PDF)
108076,,G11,text located only in this section's pages (part-g-s1 PDF)
108078,,G11,text located only in this section's pages (part-g-s1 PDF)
108079,,G11,text located only in this section's pages (part-g-s1 PDF)
108080,,G11,text located only in this section's pages (part-g-s1 PDF)
108081,,G11,text located only in this section's pages (part-g-s1 PDF)
108082,,G11,text located only in this section's pages (part-g-s1 PDF)
108083,,G11,text located only in this section's pages (part-g-s1 PDF)
108084,,G11,text located only in this section's pages (part-g-s1 PDF)
108085,,G11,text located only in this section's pages (part-g-s1 PDF)
108086,,G11,text located only in this section's pages (part-g-s1 PDF)
108087,,G11,text located only in this section's pages (part-g-s1 PDF)
108091,,G11,text located only in this section's pages (part-g-s1 PDF)
108092,,G11,text located only in this section's pages (part-g-s1 PDF)
108093,,G11,text located only in this section's pages (part-g-s1 PDF)
108094,,G11,text located only in this section's pages (part-g-s1 PDF)
108095,,G11,text located only in this section's pages (part-g-s1 PDF)
108096,,G11,text located only in this section's pages (part-g-s1 PDF)
108097,,G11,text located only in this section's pages (part-g-s1 PDF)
108098,,G11,text located only in this section's pages (part-g-s1 PDF)
108099,,G11,text located only in this section's pages (part-g-s1 PDF)
108100,,G11,text located only in this section's pages (part-g-s1 PDF)
108101,,G11,text located only in this section's pages (part-g-s1 PDF)
108102,,G12,text located only in this section's pages (part-g-s1 PDF)
108106,,G12,text located only in this section's pages (part-g-s1 PDF)
108107,,G12,text located only in this section's pages (part-g-s1 PDF)
108108,,G12,text located only in this section's pages (part-g-s1 PDF)
108110,,G12,text located only in this section's pages (part-g-s1 PDF)
108113,,G12,text located only in this section's pages (part-g-s1 PDF)
108114,,G12,text located only in this section's pages (part-g-s1 PDF)
108115,,G12,text located only in this section's pages (part-g-s1 PDF)
108116,,G12,text located only in this section's pages (part-g-s1 PDF)
108117,,G12,text located only in this section's pages (part-g-s1 PDF)
108118,,G12,text located only in this section's pages (part-g-s1 PDF)
108120,,G12,text located only in this section's pages (part-g-s1 PDF)
108121,,G12,text located only in this section's pages (part-g-s1 PDF)
108122,,G12,text located only in this section's pages (part-g-s1 PDF)
108123,,G12,text located only in this section's pages (part-g-s1 PDF)
108124,,G12,text located only in this section's pages (part-g-s1 PDF)
108125,,G12,text located only in this section's pages (part-g-s1 PDF)
108126,,G12,text located only in this section's pages (part-g-s1 PDF)
108127,,G12,text located only in this section's pages (part-g-s1 PDF)
108128,,G12,text located only in this section's pages (part-g-s1 PDF)
108129,,G12,text located only in this section's pages (part-g-s1 PDF)
108130,,G12,text located only in this section's pages (part-g-s1 PDF)
108131,,G12,text located only in this section's pages (part-g-s1 PDF)
108132,,G12,text located only in this section's pages (part-g-s1 PDF)
108133,,G12,text located only in this section's pages (part-g-s1 PDF)
108134,,G12,text located only in this section's pages (part-g-s1 PDF)
108135,,G12,text located only in this section's pages (part-g-s1 PDF)
108136,,G12,text located only in this section's pages (part-g-s1 PDF)
108137,,G12,text located only in this section's pages (part-g-s1 PDF)
108138,,G12,text located only in this section's pages (part-g-s1 PDF)
108139,,G12,text located only in this section's pages (part-g-s1 PDF)
108140,,G12,text located only in this section's pages (part-g-s1 PDF)
108141,,G12,text located only in this section's pages (part-g-s1 PDF)
108142,,G12,text located only in this section's pages (part-g-s1 PDF)
108143,,G12,text located only in this section's pages (part-g-s1 PDF)
108144,,G12,text located only in this section's pages (part-g-s1 PDF)
108145,,G12,text located only in this section's pages (part-g-s1 PDF)
108146,,G12,text located only in this section's pages (part-g-s1 PDF)
108147,,G12,text located only in this section's pages (part-g-s1 PDF)
108148,,G12,text located only in this section's pages (part-g-s1 PDF)
108149,,G12,text located only in this section's pages (part-g-s1 PDF)
108150,,G12,text located only in this section's pages (part-g-s1 PDF)
108151,,G12,text located only in this section's pages (part-g-s1 PDF)
108152,,G12,text located only in this section's pages (part-g-s1 PDF)
108153,,G12,text located only in this section's pages (part-g-s1 PDF)
108154,,G12,text located only in this section's pages (part-g-s1 PDF)
108155,,G12,text located only in this section's pages (part-g-s1 PDF)
108156,,G12,text located only in this section's pages (part-g-s1 PDF)
108157,,G12,text located only in this section's pages (part-g-s1 PDF)
108158,,G12,text located only in this section's pages (part-g-s1 PDF)
108159,,G12,text located only in this section's pages (part-g-s1 PDF)
108160,,G12,text located only in this section's pages (part-g-s1 PDF)
108161,,G12,text located only in this section's pages (part-g-s1 PDF)
108162,,G12,text located only in this section's pages (part-g-s1 PDF)
108163,,G12,text located only in this section's pages (part-g-s1 PDF)
108164,,G12,text located only in this section's pages (part-g-s1 PDF)
108165,,G12,text located only in this section's pages (part-g-s1 PDF)
108166,,G12,text located only in this section's pages (part-g-s1 PDF)
108167,,G12,text located only in this section's pages (part-g-s1 PDF)
108168,,G12,text located only in this section's pages (part-g-s1 PDF)
108169,,G12,text located only in this section's pages (part-g-s1 PDF)
108170,,G12,text located only in this section's pages (part-g-s1 PDF)
108171,,G12,text located only in this section's pages (part-g-s1 PDF)
108172,,G12,text located only in this section's pages (part-g-s1 PDF)
108173,,G12,text located only in this section's pages (part-g-s1 PDF)
108174,,G12,text located only in this section's pages (part-g-s1 PDF)
108175,,G12,text located only in this section's pages (part-g-s1 PDF)
108176,,G12,text located only in this section's pages (part-g-s1 PDF)
108177,,G12,text located only in this section's pages (part-g-s1 PDF)
108178,,G12,text located only in this section's pages (part-g-s1 PDF)
108180,,G12,text located only in this section's pages (part-g-s1 PDF)
108181,,G12,text located only in this section's pages (part-g-s1 PDF)
108182,,G12,text located only in this section's pages (part-g-s1 PDF)
108183,,G12,text located only in this section's pages (part-g-s1 PDF)
108184,,G12,text located only in this section's pages (part-g-s1 PDF)
108185,,G12,text located only in this section's pages (part-g-s1 PDF)
108186,,G12,text located only in this section's pages (part-g-s1 PDF)
