id,ref_number,precinct_before,layer_before,precinct_after,evidence
105147,Parramatta_DCP_2023_(Amendment_4)__parramatta_dcp_2023_full__7_10_1,,generic,7.10.1,ref-prefix + pdf_page in part range (parramatta_adequacy_report.md)
105148,Parramatta_DCP_2023_(Amendment_4)__parramatta_dcp_2023_full__7_10_1_2,,generic,7.10.1,ref-prefix + pdf_page in part range (parramatta_adequacy_report.md)
105149,Parramatta_DCP_2023_(Amendment_4)__parramatta_dcp_2023_full__7_10_1_3,,generic,7.10.1,ref-prefix + pdf_page in part range (parramatta_adequacy_report.md)
105150,Parramatta_DCP_2023_(Amendment_4)__parramatta_dcp_2023_full__7_10_1_4,,generic,7.10.1,ref-prefix + pdf_page in part range (parramatta_adequacy_report.md)
105151,Parramatta_DCP_2023_(Amendment_4)__parramatta_dcp_2023_full__7_10_1_5,,generic,7.10.1,ref-prefix + pdf_page in part range (parramatta_adequacy_report.md)
105152,Parramatta_DCP_2023_(Amendment_4)__parramatta_dcp_2023_full__7_10_2,,generic,7.10.2,ref-prefix + pdf_page in part range (parramatta_adequacy_report.md)
105153,Parramatta_DCP_2023_(Amendment_4)__parramatta_dcp_2023_full__7_10_2_3,,generic,7.10.2,ref-prefix + pdf_page in part range (parramatta_adequacy_report.md)
105154,Parramatta_DCP_2023_(Amendment_4)__parramatta_dcp_2023_full__7_10_2_4,,generic,7.10.2,ref-prefix + pdf_page in part range (parramatta_adequacy_report.md)
105155,Parramatta_DCP_2023_(Amendment_4)__parramatta_dcp_2023_full__7_10_2_5,,generic,7.10.2,ref-prefix + pdf_page in part range (parramatta_adequacy_report.md)
105156,Parramatta_DCP_2023_(Amendment_4)__parramatta_dcp_2023_full__7_10_3,,generic,7.10.3,ref-prefix + pdf_page in part range (parramatta_adequacy_report.md)
105157,Parramatta_DCP_2023_(Amendment_4)__parramatta_dcp_2023_full__7_10_3_3,,generic,7.10.3,ref-prefix + pdf_page in part range (parramatta_adequacy_report.md)
105158,Parramatta_DCP_2023_(Amendment_4)__parramatta_dcp_2023_full__7_10_3_5,,generic,7.10.3,ref-prefix + pdf_page in part range (parramatta_adequacy_report.md)
105159,Parramatta_DCP_2023_(Amendment_4)__parramatta_dcp_2023_full__7_10_3_6,,generic,7.10.3,ref-prefix + pdf_page in part range (parramatta_adequacy_report.md)
105160,Parramatta_DCP_2023_(Amendment_4)__parramatta_dcp_2023_full__7_10_4,,generic,7.10.4,ref-prefix + pdf_page in part range (parramatta_adequacy_report.md)
105161,Parramatta_DCP_2023_(Amendment_4)__parramatta_dcp_2023_full__7_10_4_3,,generic,7.10.4,ref-prefix + pdf_page in part range (parramatta_adequacy_report.md)
105162,Parramatta_DCP_2023_(Amendment_4)__parramatta_dcp_2023_full__7_10_4_4,,generic,7.10.4,ref-prefix + pdf_page in part range (parramatta_adequacy_report.md)
105163,Parramatta_DCP_2023_(Amendment_4)__parramatta_dcp_2023_full__7_10_4_5,,generic,7.10.4,ref-prefix + pdf_page in part range (parramatta_adequacy_report.md)
105164,Parramatta_DCP_2023_(Amendment_4)__parramatta_dcp_2023_full__7_10_5,,generic,7.10.5,ref-prefix + pdf_page in part range (parramatta_adequacy_report.md)
105165,Parramatta_DCP_2023_(Amendment_4)__parramatta_dcp_2023_full__7_10_5_3,,generic,7.10.5,ref-prefix + pdf_page in part range (parramatta_adequacy_report.md)
105166,Parramatta_DCP_2023_(Amendment_4)__parramatta_dcp_2023_full__7_10_5_5,,generic,7.10.5,ref-prefix + pdf_page in part range (parramatta_adequacy_report.md)
105167,Parramatta_DCP_2023_(Amendment_4)__parramatta_dcp_2023_full__7_10_6,,generic,7.10.6,ref-prefix + pdf_page in part range (parramatta_adequacy_report.md)
105168,Parramatta_DCP_2023_(Amendment_4)__parramatta_dcp_2023_full__7_10_7,,generic,7.10.7,ref-prefix + pdf_page in part range (parramatta_adequacy_report.md)
105169,Parramatta_DCP_2023_(Amendment_4)__parramatta_dcp_2023_full__7_10_7_2,,generic,7.10.7,ref-prefix + pdf_page in part range (parramatta_adequacy_report.md)
105170,Parramatta_DCP_2023_(Amendment_4)__parramatta_dcp_2023_full__7_10_8,,generic,7.10.8,ref-prefix + pdf_page in part range (parramatta_adequacy_report.md)
105171,Parramatta_DCP_2023_(Amendment_4)__parramatta_dcp_2023_full__7_10_8_3,,generic,7.10.8,ref-prefix + pdf_page in part range (parramatta_adequacy_report.md)
105172,Parramatta_DCP_2023_(Amendment_4)__parramatta_dcp_2023_full__7_10_8_4,,generic,7.10.8,ref-prefix + pdf_page in part range (parramatta_adequacy_report.md)
105173,Parramatta_DCP_2023_(Amendment_4)__parramatta_dcp_2023_full__7_10_9,,generic,7.10.9,ref-prefix + pdf_page in part range (parramatta_adequacy_report.md)
105174,Parramatta_DCP_2023_(Amendment_4)__parramatta_dcp_2023_full__7_10_9_3,,generic,7.10.9,ref-prefix + pdf_page in part range (parramatta_adequacy_report.md)
105175,Parramatta_DCP_2023_(Amendment_4)__parramatta_dcp_2023_full__7_10_10,,generic,7.10.10,ref-prefix + pdf_page in part range (parramatta_adequacy_report.md)
105176,Parramatta_DCP_2023_(Amendment_4)__parramatta_dcp_2023_full__7_10_10_3,,generic,7.10.10,ref-prefix + pdf_page in part range (parramatta_adequacy_report.md)
105177,Parramatta_DCP_2023_(Amendment_4)__parramatta_dcp_2023_full__7_10_11,,generic,7.10.11,ref-prefix + pdf_page in part range (parramatta_adequacy_report.md)
105178,Parramatta_DCP_2023_(Amendment_4)__parramatta_dcp_2023_full__7_10_11_2,,generic,7.10.11,ref-prefix + pdf_page in part range (parramatta_adequacy_report.md)
105179,Parramatta_DCP_2023_(Amendment_4)__parramatta_dcp_2023_full__7_10_11_3,,generic,7.10.11,ref-prefix + pdf_page in part range (parramatta_adequacy_report.md)
105180,Parramatta_DCP_2023_(Amendment_4)__parramatta_dcp_2023_full__7_10_11_4,,generic,7.10.11,ref-prefix + pdf_page in part range (parramatta_adequacy_report.md)
105181,Parramatta_DCP_2023_(Amendment_4)__parramatta_dcp_2023_full__7_10_11_5,,generic,7.10.11,ref-prefix + pdf_page in part range (parramatta_adequacy_report.md)
105182,Parramatta_DCP_2023_(Amendment_4)__parramatta_dcp_2023_full__7_10_12,,generic,7.10.12,ref-prefix + pdf_page in part range (parramatta_adequacy_report.md)
105183,Parramatta_DCP_2023_(Amendment_4)__parramatta_dcp_2023_full__7_10_12_3,,generic,7.10.12,ref-prefix + pdf_page in part range (parramatta_adequacy_report.md)
105184,Parramatta_DCP_2023_(Amendment_4)__parramatta_dcp_2023_full__7_10_12_5,,generic,7.10.12,ref-prefix + pdf_page in part range (parramatta_adequacy_report.md)
105187,Parramatta_DCP_2023_(Amendment_4)__parramatta_dcp_2023_full__8_1_1,,generic,8.1.1,ref-prefix + pdf_page in part range (parramatta_adequacy_report.md)
105188,Parramatta_DCP_2023_(Amendment_4)__parramatta_dcp_2023_full__8_1_1_1,,generic,8.1.1,ref-prefix + pdf_page in part range (parramatta_adequacy_report.md)
105190,Parramatta_DCP_2023_(Amendment_4)__parramatta_dcp_2023_full__8_1_1_2,,generic,8.1.1,ref-prefix + pdf_page in part range (parramatta_adequacy_report.md)
105191,Parramatta_DCP_2023_(Amendment_4)__parramatta_dcp_2023_full__8_1_1_2_2,,generic,8.1.1,ref-prefix + pdf_page in part range (parramatta_adequacy_report.md)
105192,Parramatta_DCP_2023_(Amendment_4)__parramatta_dcp_2023_full__8_1_1_2_3,,generic,8.1.1,ref-prefix + pdf_page in part range (parramatta_adequacy_report.md)
105193,Parramatta_DCP_2023_(Amendment_4)__parramatta_dcp_2023_full__8_1_1_2_5,,generic,8.1.1,ref-prefix + pdf_page in part range (parramatta_adequacy_report.md)
105194,Parramatta_DCP_2023_(Amendment_4)__parramatta_dcp_2023_full__8_1_1_2_6,,generic,8.1.1,ref-prefix + pdf_page in part range (parramatta_adequacy_report.md)
105195,Parramatta_DCP_2023_(Amendment_4)__parramatta_dcp_2023_full__8_1_1_2_7,,generic,8.1.1,ref-prefix + pdf_page in part range (parramatta_adequacy_report.md)
105196,Parramatta_DCP_2023_(Amendment_4)__parramatta_dcp_2023_full__8_1_1_2_8,,generic,8.1.1,ref-prefix + pdf_page in part range (parramatta_adequacy_report.md)
105197,Parramatta_DCP_2023_(Amendment_4)__parramatta_dcp_2023_full__8_1_1_2_9,,generic,8.1.1,ref-prefix + pdf_page in part range (parramatta_adequacy_report.md)
105198,Parramatta_DCP_2023_(Amendment_4)__parramatta_dcp_2023_full__8_1_1_2_10,,generic,8.1.1,ref-prefix + pdf_page in part range (parramatta_adequacy_report.md)
105199,Parramatta_DCP_2023_(Amendment_4)__parramatta_dcp_2023_full__8_1_1_2_12,,generic,8.1.1,ref-prefix + pdf_page in part range (parramatta_adequacy_report.md)
105201,Parramatta_DCP_2023_(Amendment_4)__parramatta_dcp_2023_full__8_1_1_2_13,,generic,8.1.1,ref-prefix + pdf_page in part range (parramatta_adequacy_report.md)
105202,Parramatta_DCP_2023_(Amendment_4)__parramatta_dcp_2023_full__8_1_1_3,,generic,8.1.1,ref-prefix + pdf_page in part range (parramatta_adequacy_report.md)
105203,Parramatta_DCP_2023_(Amendment_4)__parramatta_dcp_2023_full__8_1_1_3_1,,generic,8.1.1,ref-prefix + pdf_page in part range (parramatta_adequacy_report.md)
105204,Parramatta_DCP_2023_(Amendment_4)__parramatta_dcp_2023_full__8_1_1_3_2,,generic,8.1.1,ref-prefix + pdf_page in part range (parramatta_adequacy_report.md)
105205,Parramatta_DCP_2023_(Amendment_4)__parramatta_dcp_2023_full__8_1_1_3_3,,generic,8.1.1,ref-prefix + pdf_page in part range (parramatta_adequacy_report.md)
105206,Parramatta_DCP_2023_(Amendment_4)__parramatta_dcp_2023_full__8_1_1_3_4,,generic,8.1.1,ref-prefix + pdf_page in part range (parramatta_adequacy_report.md)
105207,Parramatta_DCP_2023_(Amendment_4)__parramatta_dcp_2023_full__8_1_1_3_5,,generic,8.1.1,ref-prefix + pdf_page in part range (parramatta_adequacy_report.md)
105208,Parramatta_DCP_2023_(Amendment_4)__parramatta_dcp_2023_full__8_1_1_3_6,,generic,8.1.1,ref-prefix + pdf_page in part range (parramatta_adequacy_report.md)
105209,Parramatta_DCP_2023_(Amendment_4)__parramatta_dcp_2023_full__8_1_1_3_7,,generic,8.1.1,ref-prefix + pdf_page in part range (parramatta_adequacy_report.md)
105210,Parramatta_DCP_2023_(Amendment_4)__parramatta_dcp_2023_full__8_1_1_3_8,,generic,8.1.1,ref-prefix + pdf_page in part range (parramatta_adequacy_report.md)
105211,Parramatta_DCP_2023_(Amendment_4)__parramatta_dcp_2023_full__8_1_1_4,,generic,8.1.1,ref-prefix + pdf_page in part range (parramatta_adequacy_report.md)
105212,Parramatta_DCP_2023_(Amendment_4)__parramatta_dcp_2023_full__8_1_1_4_1,,generic,8.1.1,ref-prefix + pdf_page in part range (parramatta_adequacy_report.md)
105213,Parramatta_DCP_2023_(Amendment_4)__parramatta_dcp_2023_full__8_1_1_4_2,,generic,8.1.1,ref-prefix + pdf_page in part range (parramatta_adequacy_report.md)
105214,Parramatta_DCP_2023_(Amendment_4)__parramatta_dcp_2023_full__8_1_1_4_3,,generic,8.1.1,ref-prefix + pdf_page in part range (parramatta_adequacy_report.md)
105215,Parramatta_DCP_2023_(Amendment_4)__parramatta_dcp_2023_full__8_1_1_4_4,,generic,8.1.1,ref-prefix + pdf_page in part range (parramatta_adequacy_report.md)
105217,Parramatta_DCP_2023_(Amendment_4)__parramatta_dcp_2023_full__8_2_1,,generic,8.2.1,ref-prefix + pdf_page in part range (parramatta_adequacy_report.md)
105218,Parramatta_DCP_2023_(Amendment_4)__parramatta_dcp_2023_full__8_2_2,,generic,8.2.2,ref-prefix + pdf_page in part range (parramatta_adequacy_report.md)
105219,Parramatta_DCP_2023_(Amendment_4)__parramatta_dcp_2023_full__8_2_2_2,,generic,8.2.2,ref-prefix + pdf_page in part range (parramatta_adequacy_report.md)
105220,Parramatta_DCP_2023_(Amendment_4)__parramatta_dcp_2023_full__8_2_2_3,,generic,8.2.2,ref-prefix + pdf_page in part range (parramatta_adequacy_report.md)
105221,Parramatta_DCP_2023_(Amendment_4)__parramatta_dcp_2023_full__8_2_2_4,,generic,8.2.2,ref-prefix + pdf_page in part range (parramatta_adequacy_report.md)
105222,Parramatta_DCP_2023_(Amendment_4)__parramatta_dcp_2023_full__8_2_2_5,,generic,8.2.2,ref-prefix + pdf_page in part range (parramatta_adequacy_report.md)
105223,Parramatta_DCP_2023_(Amendment_4)__parramatta_dcp_2023_full__8_2_2_6,,generic,8.2.2,ref-prefix + pdf_page in part range (parramatta_adequacy_report.md)
105224,Parramatta_DCP_2023_(Amendment_4)__parramatta_dcp_2023_full__8_2_2_7,,generic,8.2.2,ref-prefix + pdf_page in part range (parramatta_adequacy_report.md)
105225,Parramatta_DCP_2023_(Amendment_4)__parramatta_dcp_2023_full__8_2_2_8,,generic,8.2.2,ref-prefix + pdf_page in part range (parramatta_adequacy_report.md)
105226,Parramatta_DCP_2023_(Amendment_4)__parramatta_dcp_2023_full__8_2_2_9,,generic,8.2.2,ref-prefix + pdf_page in part range (parramatta_adequacy_report.md)
105227,Parramatta_DCP_2023_(Amendment_4)__parramatta_dcp_2023_full__8_2_2_9_1,,generic,8.2.2,ref-prefix + pdf_page in part range (parramatta_adequacy_report.md)
105228,Parramatta_DCP_2023_(Amendment_4)__parramatta_dcp_2023_full__8_2_2_9_3,,generic,8.2.2,ref-prefix + pdf_page in part range (parramatta_adequacy_report.md)
105229,Parramatta_DCP_2023_(Amendment_4)__parramatta_dcp_2023_full__8_2_2_9_4,,generic,8.2.2,ref-prefix + pdf_page in part range (parramatta_adequacy_report.md)
105230,Parramatta_DCP_2023_(Amendment_4)__parramatta_dcp_2023_full__8_2_2_10,,generic,8.2.2,ref-prefix + pdf_page in part range (parramatta_adequacy_report.md)
105231,Parramatta_DCP_2023_(Amendment_4)__parramatta_dcp_2023_full__8_2_2_10_1,,generic,8.2.2,ref-prefix + pdf_page in part range (parramatta_adequacy_report.md)
105232,Parramatta_DCP_2023_(Amendment_4)__parramatta_dcp_2023_full__8_2_2_10_3,,generic,8.2.2,ref-prefix + pdf_page in part range (parramatta_adequacy_report.md)
105233,Parramatta_DCP_2023_(Amendment_4)__parramatta_dcp_2023_full__8_2_2_10_5,,generic,8.2.2,ref-prefix + pdf_page in part range (parramatta_adequacy_report.md)
105234,Parramatta_DCP_2023_(Amendment_4)__parramatta_dcp_2023_full__8_2_2_10_7,,generic,8.2.2,ref-prefix + pdf_page in part range (parramatta_adequacy_report.md)
105235,Parramatta_DCP_2023_(Amendment_4)__parramatta_dcp_2023_full__8_2_2_10_8,,generic,8.2.2,ref-prefix + pdf_page in part range (parramatta_adequacy_report.md)
105236,Parramatta_DCP_2023_(Amendment_4)__parramatta_dcp_2023_full__8_2_2_10_9,,generic,8.2.2,ref-prefix + pdf_page in part range (parramatta_adequacy_report.md)
105237,Parramatta_DCP_2023_(Amendment_4)__parramatta_dcp_2023_full__8_2_2_11_5,,generic,8.2.2,ref-prefix + pdf_page in part range (parramatta_adequacy_report.md)
105238,Parramatta_DCP_2023_(Amendment_4)__parramatta_dcp_2023_full__8_2_2_12_1,,generic,8.2.2,ref-prefix + pdf_page in part range (parramatta_adequacy_report.md)
105239,Parramatta_DCP_2023_(Amendment_4)__parramatta_dcp_2023_full__8_2_2_12_2,,generic,8.2.2,ref-prefix + pdf_page in part range (parramatta_adequacy_report.md)
105240,Parramatta_DCP_2023_(Amendment_4)__parramatta_dcp_2023_full__8_2_2_12_3,,generic,8.2.2,ref-prefix + pdf_page in part range (parramatta_adequacy_report.md)
105241,Parramatta_DCP_2023_(Amendment_4)__parramatta_dcp_2023_full__8_2_2_12_4,,generic,8.2.2,ref-prefix + pdf_page in part range (parramatta_adequacy_report.md)
105242,Parramatta_DCP_2023_(Amendment_4)__parramatta_dcp_2023_full__8_2_2_12_5,,generic,8.2.2,ref-prefix + pdf_page in part range (parramatta_adequacy_report.md)
105243,Parramatta_DCP_2023_(Amendment_4)__parramatta_dcp_2023_full__8_2_2_12_6,,generic,8.2.2,ref-prefix + pdf_page in part range (parramatta_adequacy_report.md)
105244,Parramatta_DCP_2023_(Amendment_4)__parramatta_dcp_2023_full__8_2_2_12_7,,generic,8.2.2,ref-prefix + pdf_page in part range (parramatta_adequacy_report.md)
105245,Parramatta_DCP_2023_(Amendment_4)__parramatta_dcp_2023_full__8_2_2_12_8,,generic,8.2.2,ref-prefix + pdf_page in part range (parramatta_adequacy_report.md)
105246,Parramatta_DCP_2023_(Amendment_4)__parramatta_dcp_2023_full__8_2_2_12_9,,generic,8.2.2,ref-prefix + pdf_page in part range (parramatta_adequacy_report.md)
105247,Parramatta_DCP_2023_(Amendment_4)__parramatta_dcp_2023_full__8_2_2_12_10,,generic,8.2.2,ref-prefix + pdf_page in part range (parramatta_adequacy_report.md)
105248,Parramatta_DCP_2023_(Amendment_4)__parramatta_dcp_2023_full__8_2_2_12_11,,generic,8.2.2,ref-prefix + pdf_page in part range (parramatta_adequacy_report.md)
105249,Parramatta_DCP_2023_(Amendment_4)__parramatta_dcp_2023_full__8_2_2_12_12,,generic,8.2.2,ref-prefix + pdf_page in part range (parramatta_adequacy_report.md)
105250,Parramatta_DCP_2023_(Amendment_4)__parramatta_dcp_2023_full__8_2_2_12_13,,generic,8.2.2,ref-prefix + pdf_page in part range (parramatta_adequacy_report.md)
105251,Parramatta_DCP_2023_(Amendment_4)__parramatta_dcp_2023_full__8_2_2_12_14,,generic,8.2.2,ref-prefix + pdf_page in part range (parramatta_adequacy_report.md)
105252,Parramatta_DCP_2023_(Amendment_4)__parramatta_dcp_2023_full__8_2_2_12_15,,generic,8.2.2,ref-prefix + pdf_page in part range (parramatta_adequacy_report.md)
105253,Parramatta_DCP_2023_(Amendment_4)__parramatta_dcp_2023_full__8_2_3,,generic,8.2.3,ref-prefix + pdf_page in part range (parramatta_adequacy_report.md)
105254,Parramatta_DCP_2023_(Amendment_4)__parramatta_dcp_2023_full__8_2_3_1,,generic,8.2.3,ref-prefix + pdf_page in part range (parramatta_adequacy_report.md)
105256,Parramatta_DCP_2023_(Amendment_4)__parramatta_dcp_2023_full__8_2_4,,generic,8.2.4,ref-prefix + pdf_page in part range (parramatta_adequacy_report.md)
105257,Parramatta_DCP_2023_(Amendment_4)__parramatta_dcp_2023_full__8_2_4_2,,generic,8.2.4,ref-prefix + pdf_page in part range (parramatta_adequacy_report.md)
105258,Parramatta_DCP_2023_(Amendment_4)__parramatta_dcp_2023_full__8_2_4_3,,generic,8.2.4,ref-prefix + pdf_page in part range (parramatta_adequacy_report.md)
105259,Parramatta_DCP_2023_(Amendment_4)__parramatta_dcp_2023_full__8_2_4_4,,generic,8.2.4,ref-prefix + pdf_page in part range (parramatta_adequacy_report.md)
105260,Parramatta_DCP_2023_(Amendment_4)__parramatta_dcp_2023_full__8_2_4_5,,generic,8.2.4,ref-prefix + pdf_page in part range (parramatta_adequacy_report.md)
105261,Parramatta_DCP_2023_(Amendment_4)__parramatta_dcp_2023_full__8_2_4_6,,generic,8.2.4,ref-prefix + pdf_page in part range (parramatta_adequacy_report.md)
105262,Parramatta_DCP_2023_(Amendment_4)__parramatta_dcp_2023_full__8_2_4_7,,generic,8.2.4,ref-prefix + pdf_page in part range (parramatta_adequacy_report.md)
105263,Parramatta_DCP_2023_(Amendment_4)__parramatta_dcp_2023_full__8_2_4_7_2,,generic,8.2.4,ref-prefix + pdf_page in part range (parramatta_adequacy_report.md)
105264,Parramatta_DCP_2023_(Amendment_4)__parramatta_dcp_2023_full__8_2_4_7_3,,generic,8.2.4,ref-prefix + pdf_page in part range (parramatta_adequacy_report.md)
105265,Parramatta_DCP_2023_(Amendment_4)__parramatta_dcp_2023_full__8_2_5,,generic,8.2.5,ref-prefix + pdf_page in part range (parramatta_adequacy_report.md)
105266,Parramatta_DCP_2023_(Amendment_4)__parramatta_dcp_2023_full__8_2_5_1,,generic,8.2.5,ref-prefix + pdf_page in part range (parramatta_adequacy_report.md)
105267,Parramatta_DCP_2023_(Amendment_4)__parramatta_dcp_2023_full__8_2_5_2,,generic,8.2.5,ref-prefix + pdf_page in part range (parramatta_adequacy_report.md)
105268,Parramatta_DCP_2023_(Amendment_4)__parramatta_dcp_2023_full__8_2_5_2_2,,generic,8.2.5,ref-prefix + pdf_page in part range (parramatta_adequacy_report.md)
105269,Parramatta_DCP_2023_(Amendment_4)__parramatta_dcp_2023_full__8_2_5_2_3,,generic,8.2.5,ref-prefix + pdf_page in part range (parramatta_adequacy_report.md)
105270,Parramatta_DCP_2023_(Amendment_4)__parramatta_dcp_2023_full__8_2_5_3,,generic,8.2.5,ref-prefix + pdf_page in part range (parramatta_adequacy_report.md)
105271,Parramatta_DCP_2023_(Amendment_4)__parramatta_dcp_2023_full__8_2_5_3_2,,generic,8.2.5,ref-prefix + pdf_page in part range (parramatta_adequacy_report.md)
105272,Parramatta_DCP_2023_(Amendment_4)__parramatta_dcp_2023_full__8_2_5_3_3,,generic,8.2.5,ref-prefix + pdf_page in part range (parramatta_adequacy_report.md)
105273,Parramatta_DCP_2023_(Amendment_4)__parramatta_dcp_2023_full__8_2_5_3_5,,generic,8.2.5,ref-prefix + pdf_page in part range (parramatta_adequacy_report.md)
105274,Parramatta_DCP_2023_(Amendment_4)__parramatta_dcp_2023_full__8_2_5_3_6,,generic,8.2.5,ref-prefix + pdf_page in part range (parramatta_adequacy_report.md)
105275,Parramatta_DCP_2023_(Amendment_4)__parramatta_dcp_2023_full__8_2_6,,generic,8.2.6,ref-prefix + pdf_page in part range (parramatta_adequacy_report.md)
105276,Parramatta_DCP_2023_(Amendment_4)__parramatta_dcp_2023_full__8_2_6_1_2,,generic,8.2.6,ref-prefix + pdf_page in part range (parramatta_adequacy_report.md)
105277,Parramatta_DCP_2023_(Amendment_4)__parramatta_dcp_2023_full__8_2_6_1_3,,generic,8.2.6,ref-prefix + pdf_page in part range (parramatta_adequacy_report.md)
105278,Parramatta_DCP_2023_(Amendment_4)__parramatta_dcp_2023_full__8_2_6_2,,generic,8.2.6,ref-prefix + pdf_page in part range (parramatta_adequacy_report.md)
105279,Parramatta_DCP_2023_(Amendment_4)__parramatta_dcp_2023_full__8_2_6_2_2,,generic,8.2.6,ref-prefix + pdf_page in part range (parramatta_adequacy_report.md)
105280,Parramatta_DCP_2023_(Amendment_4)__parramatta_dcp_2023_full__8_2_6_2_3,,generic,8.2.6,ref-prefix + pdf_page in part range (parramatta_adequacy_report.md)
105281,Parramatta_DCP_2023_(Amendment_4)__parramatta_dcp_2023_full__8_2_6_2_4,,generic,8.2.6,ref-prefix + pdf_page in part range (parramatta_adequacy_report.md)
105282,Parramatta_DCP_2023_(Amendment_4)__parramatta_dcp_2023_full__8_2_6_2_5,,generic,8.2.6,ref-prefix + pdf_page in part range (parramatta_adequacy_report.md)
105283,Parramatta_DCP_2023_(Amendment_4)__parramatta_dcp_2023_full__8_2_6_2_6,,generic,8.2.6,ref-prefix + pdf_page in part range (parramatta_adequacy_report.md)
105284,Parramatta_DCP_2023_(Amendment_4)__parramatta_dcp_2023_full__8_2_6_2_7,,generic,8.2.6,ref-prefix + pdf_page in part range (parramatta_adequacy_report.md)
105285,Parramatta_DCP_2023_(Amendment_4)__parramatta_dcp_2023_full__8_2_6_2_9,,generic,8.2.6,ref-prefix + pdf_page in part range (parramatta_adequacy_report.md)
105286,Parramatta_DCP_2023_(Amendment_4)__parramatta_dcp_2023_full__8_2_6_2_10,,generic,8.2.6,ref-prefix + pdf_page in part range (parramatta_adequacy_report.md)
105287,Parramatta_DCP_2023_(Amendment_4)__parramatta_dcp_2023_full__8_2_6_2_11,,generic,8.2.6,ref-prefix + pdf_page in part range (parramatta_adequacy_report.md)
105288,Parramatta_DCP_2023_(Amendment_4)__parramatta_dcp_2023_full__8_2_6_2_12,,generic,8.2.6,ref-prefix + pdf_page in part range (parramatta_adequacy_report.md)
105289,Parramatta_DCP_2023_(Amendment_4)__parramatta_dcp_2023_full__8_2_6_2_13,,generic,8.2.6,ref-prefix + pdf_page in part range (parramatta_adequacy_report.md)
105290,Parramatta_DCP_2023_(Amendment_4)__parramatta_dcp_2023_full__8_2_6_2_15,,generic,8.2.6,ref-prefix + pdf_page in part range (parramatta_adequacy_report.md)
105291,Parramatta_DCP_2023_(Amendment_4)__parramatta_dcp_2023_full__8_2_6_2_16,,generic,8.2.6,ref-prefix + pdf_page in part range (parramatta_adequacy_report.md)
105293,Parramatta_DCP_2023_(Amendment_4)__parramatta_dcp_2023_full__8_2_6_2_18,,generic,8.2.6,ref-prefix + pdf_page in part range (parramatta_adequacy_report.md)
105294,Parramatta_DCP_2023_(Amendment_4)__parramatta_dcp_2023_full__8_2_6_2_20,,generic,8.2.6,ref-prefix + pdf_page in part range (parramatta_adequacy_report.md)
105295,Parramatta_DCP_2023_(Amendment_4)__parramatta_dcp_2023_full__8_2_6_2_21,,generic,8.2.6,ref-prefix + pdf_page in part range (parramatta_adequacy_report.md)
105296,Parramatta_DCP_2023_(Amendment_4)__parramatta_dcp_2023_full__8_2_6_3,,generic,8.2.6,ref-prefix + pdf_page in part range (parramatta_adequacy_report.md)
105297,Parramatta_DCP_2023_(Amendment_4)__parramatta_dcp_2023_full__8_2_6_3_2,,generic,8.2.6,ref-prefix + pdf_page in part range (parramatta_adequacy_report.md)
105298,Parramatta_DCP_2023_(Amendment_4)__parramatta_dcp_2023_full__8_2_6_3_3,,generic,8.2.6,ref-prefix + pdf_page in part range (parramatta_adequacy_report.md)
105299,Parramatta_DCP_2023_(Amendment_4)__parramatta_dcp_2023_full__8_2_6_3_4,,generic,8.2.6,ref-prefix + pdf_page in part range (parramatta_adequacy_report.md)
105300,Parramatta_DCP_2023_(Amendment_4)__parramatta_dcp_2023_full__8_2_6_3_6,,generic,8.2.6,ref-prefix + pdf_page in part range (parramatta_adequacy_report.md)
105301,Parramatta_DCP_2023_(Amendment_4)__parramatta_dcp_2023_full__8_2_6_3_7,,generic,8.2.6,ref-prefix + pdf_page in part range (parramatta_adequacy_report.md)
105302,Parramatta_DCP_2023_(Amendment_4)__parramatta_dcp_2023_full__8_2_6_3_8,,generic,8.2.6,ref-prefix + pdf_page in part range (parramatta_adequacy_report.md)
105303,Parramatta_DCP_2023_(Amendment_4)__parramatta_dcp_2023_full__8_2_6_3_9,,generic,8.2.6,ref-prefix + pdf_page in part range (parramatta_adequacy_report.md)
105304,Parramatta_DCP_2023_(Amendment_4)__parramatta_dcp_2023_full__8_2_6_4,,generic,8.2.6,ref-prefix + pdf_page in part range (parramatta_adequacy_report.md)
105305,Parramatta_DCP_2023_(Amendment_4)__parramatta_dcp_2023_full__8_2_6_4_2,,generic,8.2.6,ref-prefix + pdf_page in part range (parramatta_adequacy_report.md)
105306,Parramatta_DCP_2023_(Amendment_4)__parramatta_dcp_2023_full__8_2_6_4_3,,generic,8.2.6,ref-prefix + pdf_page in part range (parramatta_adequacy_report.md)
105307,Parramatta_DCP_2023_(Amendment_4)__parramatta_dcp_2023_full__8_2_6_5,,generic,8.2.6,ref-prefix + pdf_page in part range (parramatta_adequacy_report.md)
105308,Parramatta_DCP_2023_(Amendment_4)__parramatta_dcp_2023_full__8_2_6_5_3,,generic,8.2.6,ref-prefix + pdf_page in part range (parramatta_adequacy_report.md)
105309,Parramatta_DCP_2023_(Amendment_4)__parramatta_dcp_2023_full__8_2_6_5_4,,generic,8.2.6,ref-prefix + pdf_page in part range (parramatta_adequacy_report.md)
105310,Parramatta_DCP_2023_(Amendment_4)__parramatta_dcp_2023_full__8_2_6_5_5,,generic,8.2.6,ref-prefix + pdf_page in part range (parramatta_adequacy_report.md)
105311,Parramatta_DCP_2023_(Amendment_4)__parramatta_dcp_2023_full__8_2_6_5_6,,generic,8.2.6,ref-prefix + pdf_page in part range (parramatta_adequacy_report.md)
105313,Parramatta_DCP_2023_(Amendment_4)__parramatta_dcp_2023_full__8_2_6_5_7,,generic,8.2.6,ref-prefix + pdf_page in part range (parramatta_adequacy_report.md)
105314,Parramatta_DCP_2023_(Amendment_4)__parramatta_dcp_2023_full__8_2_6_5_8,,generic,8.2.6,ref-prefix + pdf_page in part range (parramatta_adequacy_report.md)
105315,Parramatta_DCP_2023_(Amendment_4)__parramatta_dcp_2023_full__8_2_6_5_9,,generic,8.2.6,ref-prefix + pdf_page in part range (parramatta_adequacy_report.md)
105316,Parramatta_DCP_2023_(Amendment_4)__parramatta_dcp_2023_full__8_2_6_5_11,,generic,8.2.6,ref-prefix + pdf_page in part range (parramatta_adequacy_report.md)
105317,Parramatta_DCP_2023_(Amendment_4)__parramatta_dcp_2023_full__8_2_6_6,,generic,8.2.6,ref-prefix + pdf_page in part range (parramatta_adequacy_report.md)
105318,Parramatta_DCP_2023_(Amendment_4)__parramatta_dcp_2023_full__8_2_6_6_2,,generic,8.2.6,ref-prefix + pdf_page in part range (parramatta_adequacy_report.md)
105319,Parramatta_DCP_2023_(Amendment_4)__parramatta_dcp_2023_full__8_2_6_6_3,,generic,8.2.6,ref-prefix + pdf_page in part range (parramatta_adequacy_report.md)
105320,Parramatta_DCP_2023_(Amendment_4)__parramatta_dcp_2023_full__8_2_6_6_4,,generic,8.2.6,ref-prefix + pdf_page in part range (parramatta_adequacy_report.md)
105321,Parramatta_DCP_2023_(Amendment_4)__parramatta_dcp_2023_full__8_2_6_6_5,,generic,8.2.6,ref-prefix + pdf_page in part range (parramatta_adequacy_report.md)
105322,Parramatta_DCP_2023_(Amendment_4)__parramatta_dcp_2023_full__8_2_6_6_6,,generic,8.2.6,ref-prefix + pdf_page in part range (parramatta_adequacy_report.md)
105323,Parramatta_DCP_2023_(Amendment_4)__parramatta_dcp_2023_full__8_2_6_6_7,,generic,8.2.6,ref-prefix + pdf_page in part range (parramatta_adequacy_report.md)
105324,Parramatta_DCP_2023_(Amendment_4)__parramatta_dcp_2023_full__8_2_6_6_8,,generic,8.2.6,ref-prefix + pdf_page in part range (parramatta_adequacy_report.md)
105325,Parramatta_DCP_2023_(Amendment_4)__parramatta_dcp_2023_full__8_2_6_6_9,,generic,8.2.6,ref-prefix + pdf_page in part range (parramatta_adequacy_report.md)
105326,Parramatta_DCP_2023_(Amendment_4)__parramatta_dcp_2023_full__8_2_6_7,,generic,8.2.6,ref-prefix + pdf_page in part range (parramatta_adequacy_report.md)
105327,Parramatta_DCP_2023_(Amendment_4)__parramatta_dcp_2023_full__8_2_6_7_2,,generic,8.2.6,ref-prefix + pdf_page in part range (parramatta_adequacy_report.md)
105328,Parramatta_DCP_2023_(Amendment_4)__parramatta_dcp_2023_full__8_2_6_7_3,,generic,8.2.6,ref-prefix + pdf_page in part range (parramatta_adequacy_report.md)
105329,Parramatta_DCP_2023_(Amendment_4)__parramatta_dcp_2023_full__8_2_6_7_4,,generic,8.2.6,ref-prefix + pdf_page in part range (parramatta_adequacy_report.md)
105330,Parramatta_DCP_2023_(Amendment_4)__parramatta_dcp_2023_full__8_2_6_7_5,,generic,8.2.6,ref-prefix + pdf_page in part range (parramatta_adequacy_report.md)
105331,Parramatta_DCP_2023_(Amendment_4)__parramatta_dcp_2023_full__8_2_6_7_6,,generic,8.2.6,ref-prefix + pdf_page in part range (parramatta_adequacy_report.md)
105332,Parramatta_DCP_2023_(Amendment_4)__parramatta_dcp_2023_full__8_2_6_7_7,,generic,8.2.6,ref-prefix + pdf_page in part range (parramatta_adequacy_report.md)
105333,Parramatta_DCP_2023_(Amendment_4)__parramatta_dcp_2023_full__8_2_7,,generic,8.2.7,ref-prefix + pdf_page in part range (parramatta_adequacy_report.md)
105334,Parramatta_DCP_2023_(Amendment_4)__parramatta_dcp_2023_full__8_2_7_1,,generic,8.2.7,ref-prefix + pdf_page in part range (parramatta_adequacy_report.md)
105335,Parramatta_DCP_2023_(Amendment_4)__parramatta_dcp_2023_full__8_2_7_2,,generic,8.2.7,ref-prefix + pdf_page in part range (parramatta_adequacy_report.md)
105336,Parramatta_DCP_2023_(Amendment_4)__parramatta_dcp_2023_full__8_2_7_2_2,,generic,8.2.7,ref-prefix + pdf_page in part range (parramatta_adequacy_report.md)
105337,Parramatta_DCP_2023_(Amendment_4)__parramatta_dcp_2023_full__8_2_7_2_3,,generic,8.2.7,ref-prefix + pdf_page in part range (parramatta_adequacy_report.md)
105338,Parramatta_DCP_2023_(Amendment_4)__parramatta_dcp_2023_full__8_2_7_2_4,,generic,8.2.7,ref-prefix + pdf_page in part range (parramatta_adequacy_report.md)
105339,Parramatta_DCP_2023_(Amendment_4)__parramatta_dcp_2023_full__8_2_7_3,,generic,8.2.7,ref-prefix + pdf_page in part range (parramatta_adequacy_report.md)
105340,Parramatta_DCP_2023_(Amendment_4)__parramatta_dcp_2023_full__8_2_7_3_1,,generic,8.2.7,ref-prefix + pdf_page in part range (parramatta_adequacy_report.md)
105341,Parramatta_DCP_2023_(Amendment_4)__parramatta_dcp_2023_full__8_2_7_3_2,,generic,8.2.7,ref-prefix + pdf_page in part range (parramatta_adequacy_report.md)
105342,Parramatta_DCP_2023_(Amendment_4)__parramatta_dcp_2023_full__8_2_7_3_3,,generic,8.2.7,ref-prefix + pdf_page in part range (parramatta_adequacy_report.md)
105343,Parramatta_DCP_2023_(Amendment_4)__parramatta_dcp_2023_full__8_2_7_4,,generic,8.2.7,ref-prefix + pdf_page in part range (parramatta_adequacy_report.md)
105344,Parramatta_DCP_2023_(Amendment_4)__parramatta_dcp_2023_full__8_2_7_4_2,,generic,8.2.7,ref-prefix + pdf_page in part range (parramatta_adequacy_report.md)
105345,Parramatta_DCP_2023_(Amendment_4)__parramatta_dcp_2023_full__8_2_7_4_3,,generic,8.2.7,ref-prefix + pdf_page in part range (parramatta_adequacy_report.md)
105346,Parramatta_DCP_2023_(Amendment_4)__parramatta_dcp_2023_full__8_2_7_5,,generic,8.2.7,ref-prefix + pdf_page in part range (parramatta_adequacy_report.md)
105347,Parramatta_DCP_2023_(Amendment_4)__parramatta_dcp_2023_full__8_2_7_5_2,,generic,8.2.7,ref-prefix + pdf_page in part range (parramatta_adequacy_report.md)
105348,Parramatta_DCP_2023_(Amendment_4)__parramatta_dcp_2023_full__8_2_7_5_3,,generic,8.2.7,ref-prefix + pdf_page in part range (parramatta_adequacy_report.md)
105349,Parramatta_DCP_2023_(Amendment_4)__parramatta_dcp_2023_full__8_2_7_5_4,,generic,8.2.7,ref-prefix + pdf_page in part range (parramatta_adequacy_report.md)
105350,Parramatta_DCP_2023_(Amendment_4)__parramatta_dcp_2023_full__8_2_7_5_5,,generic,8.2.7,ref-prefix + pdf_page in part range (parramatta_adequacy_report.md)
105351,Parramatta_DCP_2023_(Amendment_4)__parramatta_dcp_2023_full__8_2_7_5_7,,generic,8.2.7,ref-prefix + pdf_page in part range (parramatta_adequacy_report.md)
105352,Parramatta_DCP_2023_(Amendment_4)__parramatta_dcp_2023_full__8_2_7_5_8,,generic,8.2.7,ref-prefix + pdf_page in part range (parramatta_adequacy_report.md)
105353,Parramatta_DCP_2023_(Amendment_4)__parramatta_dcp_2023_full__8_2_7_5_9,,generic,8.2.7,ref-prefix + pdf_page in part range (parramatta_adequacy_report.md)
105354,Parramatta_DCP_2023_(Amendment_4)__parramatta_dcp_2023_full__8_2_8,,generic,8.2.8,ref-prefix + pdf_page in part range (parramatta_adequacy_report.md)
105355,Parramatta_DCP_2023_(Amendment_4)__parramatta_dcp_2023_full__8_2_8_1,,generic,8.2.8,ref-prefix + pdf_page in part range (parramatta_adequacy_report.md)
105356,Parramatta_DCP_2023_(Amendment_4)__parramatta_dcp_2023_full__8_2_8_1_2,,generic,8.2.8,ref-prefix + pdf_page in part range (parramatta_adequacy_report.md)
105357,Parramatta_DCP_2023_(Amendment_4)__parramatta_dcp_2023_full__8_2_8_1_3,,generic,8.2.8,ref-prefix + pdf_page in part range (parramatta_adequacy_report.md)
105358,Parramatta_DCP_2023_(Amendment_4)__parramatta_dcp_2023_full__8_2_8_1_4,,generic,8.2.8,ref-prefix + pdf_page in part range (parramatta_adequacy_report.md)
105359,Parramatta_DCP_2023_(Amendment_4)__parramatta_dcp_2023_full__8_2_8_1_5,,generic,8.2.8,ref-prefix + pdf_page in part range (parramatta_adequacy_report.md)
105360,Parramatta_DCP_2023_(Amendment_4)__parramatta_dcp_2023_full__8_2_8_1_6,,generic,8.2.8,ref-prefix + pdf_page in part range (parramatta_adequacy_report.md)
105361,Parramatta_DCP_2023_(Amendment_4)__parramatta_dcp_2023_full__8_2_8_1_7,,generic,8.2.8,ref-prefix + pdf_page in part range (parramatta_adequacy_report.md)
105362,Parramatta_DCP_2023_(Amendment_4)__parramatta_dcp_2023_full__8_2_8_1_8,,generic,8.2.8,ref-prefix + pdf_page in part range (parramatta_adequacy_report.md)
105363,Parramatta_DCP_2023_(Amendment_4)__parramatta_dcp_2023_full__8_2_8_1_9,,generic,8.2.8,ref-prefix + pdf_page in part range (parramatta_adequacy_report.md)
105364,Parramatta_DCP_2023_(Amendment_4)__parramatta_dcp_2023_full__8_2_8_1_10,,generic,8.2.8,ref-prefix + pdf_page in part range (parramatta_adequacy_report.md)
105365,Parramatta_DCP_2023_(Amendment_4)__parramatta_dcp_2023_full__8_2_8_1_11,,generic,8.2.8,ref-prefix + pdf_page in part range (parramatta_adequacy_report.md)
105366,Parramatta_DCP_2023_(Amendment_4)__parramatta_dcp_2023_full__8_2_8_1_12,,generic,8.2.8,ref-prefix + pdf_page in part range (parramatta_adequacy_report.md)
105367,Parramatta_DCP_2023_(Amendment_4)__parramatta_dcp_2023_full__8_2_8_1_13,,generic,8.2.8,ref-prefix + pdf_page in part range (parramatta_adequacy_report.md)
105368,Parramatta_DCP_2023_(Amendment_4)__parramatta_dcp_2023_full__8_2_8_1_15,,generic,8.2.8,ref-prefix + pdf_page in part range (parramatta_adequacy_report.md)
105369,Parramatta_DCP_2023_(Amendment_4)__parramatta_dcp_2023_full__8_2_8_1_16,,generic,8.2.8,ref-prefix + pdf_page in part range (parramatta_adequacy_report.md)
105370,Parramatta_DCP_2023_(Amendment_4)__parramatta_dcp_2023_full__8_2_8_1_17,,generic,8.2.8,ref-prefix + pdf_page in part range (parramatta_adequacy_report.md)
105371,Parramatta_DCP_2023_(Amendment_4)__parramatta_dcp_2023_full__8_2_8_1_19,,generic,8.2.8,ref-prefix + pdf_page in part range (parramatta_adequacy_report.md)
105372,Parramatta_DCP_2023_(Amendment_4)__parramatta_dcp_2023_full__8_2_8_1_21,,generic,8.2.8,ref-prefix + pdf_page in part range (parramatta_adequacy_report.md)
105373,Parramatta_DCP_2023_(Amendment_4)__parramatta_dcp_2023_full__8_2_8_2,,generic,8.2.8,ref-prefix + pdf_page in part range (parramatta_adequacy_report.md)
105374,Parramatta_DCP_2023_(Amendment_4)__parramatta_dcp_2023_full__8_2_8_3,,generic,8.2.8,ref-prefix + pdf_page in part range (parramatta_adequacy_report.md)
105375,Parramatta_DCP_2023_(Amendment_4)__parramatta_dcp_2023_full__8_2_8_4,,generic,8.2.8,ref-prefix + pdf_page in part range (parramatta_adequacy_report.md)
105377,Parramatta_DCP_2023_(Amendment_4)__parramatta_dcp_2023_full__8_3_1,,generic,8.3.1,ref-prefix + pdf_page in part range (parramatta_adequacy_report.md)
105378,Parramatta_DCP_2023_(Amendment_4)__parramatta_dcp_2023_full__8_3_2,,generic,8.3.2,ref-prefix + pdf_page in part range (parramatta_adequacy_report.md)
105379,Parramatta_DCP_2023_(Amendment_4)__parramatta_dcp_2023_full__8_3_2_1,,generic,8.3.2,ref-prefix + pdf_page in part range (parramatta_adequacy_report.md)
105380,Parramatta_DCP_2023_(Amendment_4)__parramatta_dcp_2023_full__8_3_2_2,,generic,8.3.2,ref-prefix + pdf_page in part range (parramatta_adequacy_report.md)
105381,Parramatta_DCP_2023_(Amendment_4)__parramatta_dcp_2023_full__8_3_2_3,,generic,8.3.2,ref-prefix + pdf_page in part range (parramatta_adequacy_report.md)
105382,Parramatta_DCP_2023_(Amendment_4)__parramatta_dcp_2023_full__8_3_2_3_1,,generic,8.3.2,ref-prefix + pdf_page in part range (parramatta_adequacy_report.md)
105383,Parramatta_DCP_2023_(Amendment_4)__parramatta_dcp_2023_full__8_3_2_4_1,,generic,8.3.2,ref-prefix + pdf_page in part range (parramatta_adequacy_report.md)
105384,Parramatta_DCP_2023_(Amendment_4)__parramatta_dcp_2023_full__8_3_3,,generic,8.3.3,ref-prefix + pdf_page in part range (parramatta_adequacy_report.md)
105385,Parramatta_DCP_2023_(Amendment_4)__parramatta_dcp_2023_full__8_3_3_2,,generic,8.3.3,ref-prefix + pdf_page in part range (parramatta_adequacy_report.md)
105386,Parramatta_DCP_2023_(Amendment_4)__parramatta_dcp_2023_full__8_3_4,,generic,8.3.4,ref-prefix + pdf_page in part range (parramatta_adequacy_report.md)
105387,Parramatta_DCP_2023_(Amendment_4)__parramatta_dcp_2023_full__8_3_5,,generic,8.3.5,ref-prefix + pdf_page in part range (parramatta_adequacy_report.md)
105388,Parramatta_DCP_2023_(Amendment_4)__parramatta_dcp_2023_full__8_3_6,,generic,8.3.6,ref-prefix + pdf_page in part range (parramatta_adequacy_report.md)
105389,Parramatta_DCP_2023_(Amendment_4)__parramatta_dcp_2023_full__8_3_7,,generic,8.3.7,ref-prefix + pdf_page in part range (parramatta_adequacy_report.md)
105390,Parramatta_DCP_2023_(Amendment_4)__parramatta_dcp_2023_full__8_3_8,,generic,8.3.8,ref-prefix + pdf_page in part range (parramatta_adequacy_report.md)
105391,Parramatta_DCP_2023_(Amendment_4)__parramatta_dcp_2023_full__8_3_9,,generic,8.3.9,ref-prefix + pdf_page in part range (parramatta_adequacy_report.md)
105393,Parramatta_DCP_2023_(Amendment_4)__parramatta_dcp_2023_full__8_4_1,,generic,8.4.1,ref-prefix + pdf_page in part range (parramatta_adequacy_report.md)
105394,Parramatta_DCP_2023_(Amendment_4)__parramatta_dcp_2023_full__8_4_2,,generic,8.4.2,ref-prefix + pdf_page in part range (parramatta_adequacy_report.md)
105395,Parramatta_DCP_2023_(Amendment_4)__parramatta_dcp_2023_full__8_4_3,,generic,8.4.3,ref-prefix + pdf_page in part range (parramatta_adequacy_report.md)
105396,Parramatta_DCP_2023_(Amendment_4)__parramatta_dcp_2023_full__8_4_4,,generic,8.4.4,ref-prefix + pdf_page in part range (parramatta_adequacy_report.md)
105397,Parramatta_DCP_2023_(Amendment_4)__parramatta_dcp_2023_full__8_4_5,,generic,8.4.5,ref-prefix + pdf_page in part range (parramatta_adequacy_report.md)
105398,Parramatta_DCP_2023_(Amendment_4)__parramatta_dcp_2023_full__8_4_6,,generic,8.4.6,ref-prefix + pdf_page in part range (parramatta_adequacy_report.md)
105399,Parramatta_DCP_2023_(Amendment_4)__parramatta_dcp_2023_full__8_4_7,,generic,8.4.7,ref-prefix + pdf_page in part range (parramatta_adequacy_report.md)
105400,Parramatta_DCP_2023_(Amendment_4)__parramatta_dcp_2023_full__8_4_8,,generic,8.4.8,ref-prefix + pdf_page in part range (parramatta_adequacy_report.md)
105402,Parramatta_DCP_2023_(Amendment_4)__parramatta_dcp_2023_full__8_5_1_1,,generic,8.5.1,ref-prefix + pdf_page in part range (parramatta_adequacy_report.md)
105403,Parramatta_DCP_2023_(Amendment_4)__parramatta_dcp_2023_full__8_5_1_2,,generic,8.5.1,ref-prefix + pdf_page in part range (parramatta_adequacy_report.md)
105404,Parramatta_DCP_2023_(Amendment_4)__parramatta_dcp_2023_full__8_5_1_3,,generic,8.5.1,ref-prefix + pdf_page in part range (parramatta_adequacy_report.md)
105405,Parramatta_DCP_2023_(Amendment_4)__parramatta_dcp_2023_full__8_5_1_4,,generic,8.5.1,ref-prefix + pdf_page in part range (parramatta_adequacy_report.md)
105406,Parramatta_DCP_2023_(Amendment_4)__parramatta_dcp_2023_full__8_5_1_5,,generic,8.5.1,ref-prefix + pdf_page in part range (parramatta_adequacy_report.md)
105407,Parramatta_DCP_2023_(Amendment_4)__parramatta_dcp_2023_full__8_5_2_1,,generic,8.5.2,ref-prefix + pdf_page in part range (parramatta_adequacy_report.md)
105408,Parramatta_DCP_2023_(Amendment_4)__parramatta_dcp_2023_full__8_5_2_2,,generic,8.5.2,ref-prefix + pdf_page in part range (parramatta_adequacy_report.md)
105409,Parramatta_DCP_2023_(Amendment_4)__parramatta_dcp_2023_full__8_5_2_3,,generic,8.5.2,ref-prefix + pdf_page in part range (parramatta_adequacy_report.md)
105410,Parramatta_DCP_2023_(Amendment_4)__parramatta_dcp_2023_full__8_5_3,,generic,8.5.3,ref-prefix + pdf_page in part range (parramatta_adequacy_report.md)
105411,Parramatta_DCP_2023_(Amendment_4)__parramatta_dcp_2023_full__8_5_3_2,,generic,8.5.3,ref-prefix + pdf_page in part range (parramatta_adequacy_report.md)
105412,Parramatta_DCP_2023_(Amendment_4)__parramatta_dcp_2023_full__8_5_3_3,,generic,8.5.3,ref-prefix + pdf_page in part range (parramatta_adequacy_report.md)
105413,Parramatta_DCP_2023_(Amendment_4)__parramatta_dcp_2023_full__8_5_3_4,,generic,8.5.3,ref-prefix + pdf_page in part range (parramatta_adequacy_report.md)
105414,Parramatta_DCP_2023_(Amendment_4)__parramatta_dcp_2023_full__8_5_4_1,,generic,8.5.4,ref-prefix + pdf_page in part range (parramatta_adequacy_report.md)
105415,Parramatta_DCP_2023_(Amendment_4)__parramatta_dcp_2023_full__8_5_4_2,,generic,8.5.4,ref-prefix + pdf_page in part range (parramatta_adequacy_report.md)
105416,Parramatta_DCP_2023_(Amendment_4)__parramatta_dcp_2023_full__8_5_4_3,,generic,8.5.4,ref-prefix + pdf_page in part range (parramatta_adequacy_report.md)
105417,Parramatta_DCP_2023_(Amendment_4)__parramatta_dcp_2023_full__8_5_4_4,,generic,8.5.4,ref-prefix + pdf_page in part range (parramatta_adequacy_report.md)
105418,Parramatta_DCP_2023_(Amendment_4)__parramatta_dcp_2023_full__8_5_4_6,,generic,8.5.4,ref-prefix + pdf_page in part range (parramatta_adequacy_report.md)
105419,Parramatta_DCP_2023_(Amendment_4)__parramatta_dcp_2023_full__8_5_4_7,,generic,8.5.4,ref-prefix + pdf_page in part range (parramatta_adequacy_report.md)
105420,Parramatta_DCP_2023_(Amendment_4)__parramatta_dcp_2023_full__8_5_4_8,,generic,8.5.4,ref-prefix + pdf_page in part range (parramatta_adequacy_report.md)
105421,Parramatta_DCP_2023_(Amendment_4)__parramatta_dcp_2023_full__8_5_5_1,,generic,8.5.5,ref-prefix + pdf_page in part range (parramatta_adequacy_report.md)
105422,Parramatta_DCP_2023_(Amendment_4)__parramatta_dcp_2023_full__8_5_6_1,,generic,8.5.6,ref-prefix + pdf_page in part range (parramatta_adequacy_report.md)
105423,Parramatta_DCP_2023_(Amendment_4)__parramatta_dcp_2023_full__8_5_6_2,,generic,8.5.6,ref-prefix + pdf_page in part range (parramatta_adequacy_report.md)
105424,Parramatta_DCP_2023_(Amendment_4)__parramatta_dcp_2023_full__8_5_6_3,,generic,8.5.6,ref-prefix + pdf_page in part range (parramatta_adequacy_report.md)
105425,Parramatta_DCP_2023_(Amendment_4)__parramatta_dcp_2023_full__8_5_6_4,,generic,8.5.6,ref-prefix + pdf_page in part range (parramatta_adequacy_report.md)
105426,Parramatta_DCP_2023_(Amendment_4)__parramatta_dcp_2023_full__8_5_6_6,,generic,8.5.6,ref-prefix + pdf_page in part range (parramatta_adequacy_report.md)
105427,Parramatta_DCP_2023_(Amendment_4)__parramatta_dcp_2023_full__8_5_7_1,,generic,8.5.7,ref-prefix + pdf_page in part range (parramatta_adequacy_report.md)
105428,Parramatta_DCP_2023_(Amendment_4)__parramatta_dcp_2023_full__8_5_7_2,,generic,8.5.7,ref-prefix + pdf_page in part range (parramatta_adequacy_report.md)
105429,Parramatta_DCP_2023_(Amendment_4)__parramatta_dcp_2023_full__8_5_7_3,,generic,8.5.7,ref-prefix + pdf_page in part range (parramatta_adequacy_report.md)
105430,Parramatta_DCP_2023_(Amendment_4)__parramatta_dcp_2023_full__8_5_7_4,,generic,8.5.7,ref-prefix + pdf_page in part range (parramatta_adequacy_report.md)
105431,Parramatta_DCP_2023_(Amendment_4)__parramatta_dcp_2023_full__8_5_7_5,,generic,8.5.7,ref-prefix + pdf_page in part range (parramatta_adequacy_report.md)
105432,Parramatta_DCP_2023_(Amendment_4)__parramatta_dcp_2023_full__8_5_7_6,,generic,8.5.7,ref-prefix + pdf_page in part range (parramatta_adequacy_report.md)
105433,Parramatta_DCP_2023_(Amendment_4)__parramatta_dcp_2023_full__8_5_7_7,,generic,8.5.7,ref-prefix + pdf_page in part range (parramatta_adequacy_report.md)
105434,Parramatta_DCP_2023_(Amendment_4)__parramatta_dcp_2023_full__8_5_7_8,,generic,8.5.7,ref-prefix + pdf_page in part range (parramatta_adequacy_report.md)
105435,Parramatta_DCP_2023_(Amendment_4)__parramatta_dcp_2023_full__8_5_8_1,,generic,8.5.8,ref-prefix + pdf_page in part range (parramatta_adequacy_report.md)
105436,Parramatta_DCP_2023_(Amendment_4)__parramatta_dcp_2023_full__8_5_8_2,,generic,8.5.8,ref-prefix + pdf_page in part range (parramatta_adequacy_report.md)
105437,Parramatta_DCP_2023_(Amendment_4)__parramatta_dcp_2023_full__8_5_8_4,,generic,8.5.8,ref-prefix + pdf_page in part range (parramatta_adequacy_report.md)
105438,Parramatta_DCP_2023_(Amendment_4)__parramatta_dcp_2023_full__8_5_8_5,,generic,8.5.8,ref-prefix + pdf_page in part range (parramatta_adequacy_report.md)
105439,Parramatta_DCP_2023_(Amendment_4)__parramatta_dcp_2023_full__8_5_8_6,,generic,8.5.8,ref-prefix + pdf_page in part range (parramatta_adequacy_report.md)
105440,Parramatta_DCP_2023_(Amendment_4)__parramatta_dcp_2023_full__8_5_8_7,,generic,8.5.8,ref-prefix + pdf_page in part range (parramatta_adequacy_report.md)
105441,Parramatta_DCP_2023_(Amendment_4)__parramatta_dcp_2023_full__8_5_8_8,,generic,8.5.8,ref-prefix + pdf_page in part range (parramatta_adequacy_report.md)
105442,Parramatta_DCP_2023_(Amendment_4)__parramatta_dcp_2023_full__8_5_8_11,,generic,8.5.8,ref-prefix + pdf_page in part range (parramatta_adequacy_report.md)
105443,Parramatta_DCP_2023_(Amendment_4)__parramatta_dcp_2023_full__8_5_8_14,,generic,8.5.8,ref-prefix + pdf_page in part range (parramatta_adequacy_report.md)
105444,Parramatta_DCP_2023_(Amendment_4)__parramatta_dcp_2023_full__8_5_9_2,,generic,8.5.9,ref-prefix + pdf_page in part range (parramatta_adequacy_report.md)
105445,Parramatta_DCP_2023_(Amendment_4)__parramatta_dcp_2023_full__8_5_9_3,,generic,8.5.9,ref-prefix + pdf_page in part range (parramatta_adequacy_report.md)
105446,Parramatta_DCP_2023_(Amendment_4)__parramatta_dcp_2023_full__8_5_9_4,,generic,8.5.9,ref-prefix + pdf_page in part range (parramatta_adequacy_report.md)
105447,Parramatta_DCP_2023_(Amendment_4)__parramatta_dcp_2023_full__8_5_9_5,,generic,8.5.9,ref-prefix + pdf_page in part range (parramatta_adequacy_report.md)
105448,Parramatta_DCP_2023_(Amendment_4)__parramatta_dcp_2023_full__8_5_9_6,,generic,8.5.9,ref-prefix + pdf_page in part range (parramatta_adequacy_report.md)
105449,Parramatta_DCP_2023_(Amendment_4)__parramatta_dcp_2023_full__8_5_9_7,,generic,8.5.9,ref-prefix + pdf_page in part range (parramatta_adequacy_report.md)
105451,Parramatta_DCP_2023_(Amendment_4)__parramatta_dcp_2023_full__8_5_9_9,,generic,8.5.9,ref-prefix + pdf_page in part range (parramatta_adequacy_report.md)
105452,Parramatta_DCP_2023_(Amendment_4)__parramatta_dcp_2023_full__8_5_9_10,,generic,8.5.9,ref-prefix + pdf_page in part range (parramatta_adequacy_report.md)
105453,Parramatta_DCP_2023_(Amendment_4)__parramatta_dcp_2023_full__8_5_9_11,,generic,8.5.9,ref-prefix + pdf_page in part range (parramatta_adequacy_report.md)
105454,Parramatta_DCP_2023_(Amendment_4)__parramatta_dcp_2023_full__8_5_9_12,,generic,8.5.9,ref-prefix + pdf_page in part range (parramatta_adequacy_report.md)
105455,Parramatta_DCP_2023_(Amendment_4)__parramatta_dcp_2023_full__8_5_10_1,,generic,8.5.10,ref-prefix + pdf_page in part range (parramatta_adequacy_report.md)
105456,Parramatta_DCP_2023_(Amendment_4)__parramatta_dcp_2023_full__8_5_10_2,,generic,8.5.10,ref-prefix + pdf_page in part range (parramatta_adequacy_report.md)
105457,Parramatta_DCP_2023_(Amendment_4)__parramatta_dcp_2023_full__8_5_11_1,,generic,8.5.11,ref-prefix + pdf_page in part range (parramatta_adequacy_report.md)
105458,Parramatta_DCP_2023_(Amendment_4)__parramatta_dcp_2023_full__8_5_11_2,,generic,8.5.11,ref-prefix + pdf_page in part range (parramatta_adequacy_report.md)
105459,Parramatta_DCP_2023_(Amendment_4)__parramatta_dcp_2023_full__8_5_11_3,,generic,8.5.11,ref-prefix + pdf_page in part range (parramatta_adequacy_report.md)
105460,Parramatta_DCP_2023_(Amendment_4)__parramatta_dcp_2023_full__8_5_11_4,,generic,8.5.11,ref-prefix + pdf_page in part range (parramatta_adequacy_report.md)
105461,Parramatta_DCP_2023_(Amendment_4)__parramatta_dcp_2023_full__8_5_11_5,,generic,8.5.11,ref-prefix + pdf_page in part range (parramatta_adequacy_report.md)
105462,Parramatta_DCP_2023_(Amendment_4)__parramatta_dcp_2023_full__8_5_11_6,,generic,8.5.11,ref-prefix + pdf_page in part range (parramatta_adequacy_report.md)
105463,Parramatta_DCP_2023_(Amendment_4)__parramatta_dcp_2023_full__8_5_11_7,,generic,8.5.11,ref-prefix + pdf_page in part range (parramatta_adequacy_report.md)
105464,Parramatta_DCP_2023_(Amendment_4)__parramatta_dcp_2023_full__8_5_11_8,,generic,8.5.11,ref-prefix + pdf_page in part range (parramatta_adequacy_report.md)
105465,Parramatta_DCP_2023_(Amendment_4)__parramatta_dcp_2023_full__8_5_11_9,,generic,8.5.11,ref-prefix + pdf_page in part range (parramatta_adequacy_report.md)
105466,Parramatta_DCP_2023_(Amendment_4)__parramatta_dcp_2023_full__8_5_11_11,,generic,8.5.11,ref-prefix + pdf_page in part range (parramatta_adequacy_report.md)
105467,Parramatta_DCP_2023_(Amendment_4)__parramatta_dcp_2023_full__8_5_11_12,,generic,8.5.11,ref-prefix + pdf_page in part range (parramatta_adequacy_report.md)
105468,Parramatta_DCP_2023_(Amendment_4)__parramatta_dcp_2023_full__8_5_11_13,,generic,8.5.11,ref-prefix + pdf_page in part range (parramatta_adequacy_report.md)
105469,Parramatta_DCP_2023_(Amendment_4)__parramatta_dcp_2023_full__8_5_11_14,,generic,8.5.11,ref-prefix + pdf_page in part range (parramatta_adequacy_report.md)
105470,Parramatta_DCP_2023_(Amendment_4)__parramatta_dcp_2023_full__8_5_11_15,,generic,8.5.11,ref-prefix + pdf_page in part range (parramatta_adequacy_report.md)
105471,Parramatta_DCP_2023_(Amendment_4)__parramatta_dcp_2023_full__8_5_11_17,,generic,8.5.11,ref-prefix + pdf_page in part range (parramatta_adequacy_report.md)
105472,Parramatta_DCP_2023_(Amendment_4)__parramatta_dcp_2023_full__8_5_11_18,,generic,8.5.11,ref-prefix + pdf_page in part range (parramatta_adequacy_report.md)
105473,Parramatta_DCP_2023_(Amendment_4)__parramatta_dcp_2023_full__8_5_11_20,,generic,8.5.11,ref-prefix + pdf_page in part range (parramatta_adequacy_report.md)
105474,Parramatta_DCP_2023_(Amendment_4)__parramatta_dcp_2023_full__8_5_11_22,,generic,8.5.11,ref-prefix + pdf_page in part range (parramatta_adequacy_report.md)
105475,Parramatta_DCP_2023_(Amendment_4)__parramatta_dcp_2023_full__8_5_11_24,,generic,8.5.11,ref-prefix + pdf_page in part range (parramatta_adequacy_report.md)
105476,Parramatta_DCP_2023_(Amendment_4)__parramatta_dcp_2023_full__8_5_11_25,,generic,8.5.11,ref-prefix + pdf_page in part range (parramatta_adequacy_report.md)
105477,Parramatta_DCP_2023_(Amendment_4)__parramatta_dcp_2023_full__8_5_11_26,,generic,8.5.11,ref-prefix + pdf_page in part range (parramatta_adequacy_report.md)
105479,Parramatta_DCP_2023_(Amendment_4)__parramatta_dcp_2023_full__8_5_11_27,,generic,8.5.11,ref-prefix + pdf_page in part range (parramatta_adequacy_report.md)
105480,Parramatta_DCP_2023_(Amendment_4)__parramatta_dcp_2023_full__8_5_11_29,,generic,8.5.11,ref-prefix + pdf_page in part range (parramatta_adequacy_report.md)
105481,Parramatta_DCP_2023_(Amendment_4)__parramatta_dcp_2023_full__8_5_12,,generic,8.5.12,ref-prefix + pdf_page in part range (parramatta_adequacy_report.md)
105482,Parramatta_DCP_2023_(Amendment_4)__parramatta_dcp_2023_full__9,,generic,9,ref-prefix + pdf_page in part range (parramatta_adequacy_report.md)
105483,Parramatta_DCP_2023_(Amendment_4)__parramatta_dcp_2023_full__9_1,,generic,9,ref-prefix + pdf_page in part range (parramatta_adequacy_report.md)
105484,Parramatta_DCP_2023_(Amendment_4)__parramatta_dcp_2023_full__9_1_2,,generic,9,ref-prefix + pdf_page in part range (parramatta_adequacy_report.md)
105485,Parramatta_DCP_2023_(Amendment_4)__parramatta_dcp_2023_full__9_2,,generic,9,ref-prefix + pdf_page in part range (parramatta_adequacy_report.md)
105486,Parramatta_DCP_2023_(Amendment_4)__parramatta_dcp_2023_full__9_3,,generic,9,ref-prefix + pdf_page in part range (parramatta_adequacy_report.md)
105487,Parramatta_DCP_2023_(Amendment_4)__parramatta_dcp_2023_full__9_3_2,,generic,9,ref-prefix + pdf_page in part range (parramatta_adequacy_report.md)
105488,Parramatta_DCP_2023_(Amendment_4)__parramatta_dcp_2023_full__9_3_3_2,,generic,9,ref-prefix + pdf_page in part range (parramatta_adequacy_report.md)
105489,Parramatta_DCP_2023_(Amendment_4)__parramatta_dcp_2023_full__9_3_3_2_1,,generic,9,ref-prefix + pdf_page in part range (parramatta_adequacy_report.md)
105490,Parramatta_DCP_2023_(Amendment_4)__parramatta_dcp_2023_full__9_3_3_3,,generic,9,ref-prefix + pdf_page in part range (parramatta_adequacy_report.md)
105491,Parramatta_DCP_2023_(Amendment_4)__parramatta_dcp_2023_full__9_3_3_4,,generic,9,ref-prefix + pdf_page in part range (parramatta_adequacy_report.md)
105492,Parramatta_DCP_2023_(Amendment_4)__parramatta_dcp_2023_full__9_3_4,,generic,9,ref-prefix + pdf_page in part range (parramatta_adequacy_report.md)
105493,Parramatta_DCP_2023_(Amendment_4)__parramatta_dcp_2023_full__9_3_5,,generic,9,ref-prefix + pdf_page in part range (parramatta_adequacy_report.md)
105494,Parramatta_DCP_2023_(Amendment_4)__parramatta_dcp_2023_full__9_3_5_1_2,,generic,9,ref-prefix + pdf_page in part range (parramatta_adequacy_report.md)
105495,Parramatta_DCP_2023_(Amendment_4)__parramatta_dcp_2023_full__9_3_5_2,,generic,9,ref-prefix + pdf_page in part range (parramatta_adequacy_report.md)
105496,Parramatta_DCP_2023_(Amendment_4)__parramatta_dcp_2023_full__9_3_5_2_2,,generic,9,ref-prefix + pdf_page in part range (parramatta_adequacy_report.md)
105497,Parramatta_DCP_2023_(Amendment_4)__parramatta_dcp_2023_full__9_3_5_2_3,,generic,9,ref-prefix + pdf_page in part range (parramatta_adequacy_report.md)
105498,Parramatta_DCP_2023_(Amendment_4)__parramatta_dcp_2023_full__9_3_5_3,,generic,9,ref-prefix + pdf_page in part range (parramatta_adequacy_report.md)
105499,Parramatta_DCP_2023_(Amendment_4)__parramatta_dcp_2023_full__9_3_6,,generic,9,ref-prefix + pdf_page in part range (parramatta_adequacy_report.md)
105500,Parramatta_DCP_2023_(Amendment_4)__parramatta_dcp_2023_full__9_3_7,,generic,9,ref-prefix + pdf_page in part range (parramatta_adequacy_report.md)
105501,Parramatta_DCP_2023_(Amendment_4)__parramatta_dcp_2023_full__9_3_8,,generic,9,ref-prefix + pdf_page in part range (parramatta_adequacy_report.md)
105502,Parramatta_DCP_2023_(Amendment_4)__parramatta_dcp_2023_full__9_3_9,,generic,9,ref-prefix + pdf_page in part range (parramatta_adequacy_report.md)
105503,Parramatta_DCP_2023_(Amendment_4)__parramatta_dcp_2023_full__9_4,,generic,9,ref-prefix + pdf_page in part range (parramatta_adequacy_report.md)
105504,Parramatta_DCP_2023_(Amendment_4)__parramatta_dcp_2023_full__9_4_1,,generic,9,ref-prefix + pdf_page in part range (parramatta_adequacy_report.md)
105505,Parramatta_DCP_2023_(Amendment_4)__parramatta_dcp_2023_full__9_4_2,,generic,9,ref-prefix + pdf_page in part range (parramatta_adequacy_report.md)
105506,Parramatta_DCP_2023_(Amendment_4)__parramatta_dcp_2023_full__9_4_2_2,,generic,9,ref-prefix + pdf_page in part range (parramatta_adequacy_report.md)
105507,Parramatta_DCP_2023_(Amendment_4)__parramatta_dcp_2023_full__9_4_2_3,,generic,9,ref-prefix + pdf_page in part range (parramatta_adequacy_report.md)
105508,Parramatta_DCP_2023_(Amendment_4)__parramatta_dcp_2023_full__9_4_3,,generic,9,ref-prefix + pdf_page in part range (parramatta_adequacy_report.md)
105509,Parramatta_DCP_2023_(Amendment_4)__parramatta_dcp_2023_full__9_4_3_2,,generic,9,ref-prefix + pdf_page in part range (parramatta_adequacy_report.md)
105510,Parramatta_DCP_2023_(Amendment_4)__parramatta_dcp_2023_full__9_4_4,,generic,9,ref-prefix + pdf_page in part range (parramatta_adequacy_report.md)
105511,Parramatta_DCP_2023_(Amendment_4)__parramatta_dcp_2023_full__9_4_5,,generic,9,ref-prefix + pdf_page in part range (parramatta_adequacy_report.md)
105512,Parramatta_DCP_2023_(Amendment_4)__parramatta_dcp_2023_full__9_4_7,,generic,9,ref-prefix + pdf_page in part range (parramatta_adequacy_report.md)
105513,Parramatta_DCP_2023_(Amendment_4)__parramatta_dcp_2023_full__9_5,,generic,9,ref-prefix + pdf_page in part range (parramatta_adequacy_report.md)
105514,Parramatta_DCP_2023_(Amendment_4)__parramatta_dcp_2023_full__9_5_1,,generic,9,ref-prefix + pdf_page in part range (parramatta_adequacy_report.md)
105515,Parramatta_DCP_2023_(Amendment_4)__parramatta_dcp_2023_full__9_5_1_2,,generic,9,ref-prefix + pdf_page in part range (parramatta_adequacy_report.md)
105516,Parramatta_DCP_2023_(Amendment_4)__parramatta_dcp_2023_full__9_5_2,,generic,9,ref-prefix + pdf_page in part range (parramatta_adequacy_report.md)
105517,Parramatta_DCP_2023_(Amendment_4)__parramatta_dcp_2023_full__9_5_3,,generic,9,ref-prefix + pdf_page in part range (parramatta_adequacy_report.md)
105518,Parramatta_DCP_2023_(Amendment_4)__parramatta_dcp_2023_full__9_5_4,,generic,9,ref-prefix + pdf_page in part range (parramatta_adequacy_report.md)
105519,Parramatta_DCP_2023_(Amendment_4)__parramatta_dcp_2023_full__9_5_5,,generic,9,ref-prefix + pdf_page in part range (parramatta_adequacy_report.md)
105520,Parramatta_DCP_2023_(Amendment_4)__parramatta_dcp_2023_full__9_5_6,,generic,9,ref-prefix + pdf_page in part range (parramatta_adequacy_report.md)
105521,Parramatta_DCP_2023_(Amendment_4)__parramatta_dcp_2023_full__9_5_7,,generic,9,ref-prefix + pdf_page in part range (parramatta_adequacy_report.md)
105522,Parramatta_DCP_2023_(Amendment_4)__parramatta_dcp_2023_full__9_5_8,,generic,9,ref-prefix + pdf_page in part range (parramatta_adequacy_report.md)
105523,Parramatta_DCP_2023_(Amendment_4)__parramatta_dcp_2023_full__9_5_9,,generic,9,ref-prefix + pdf_page in part range (parramatta_adequacy_report.md)
105524,Parramatta_DCP_2023_(Amendment_4)__parramatta_dcp_2023_full__9_5_10,,generic,9,ref-prefix + pdf_page in part range (parramatta_adequacy_report.md)
105525,Parramatta_DCP_2023_(Amendment_4)__parramatta_dcp_2023_full__9_5_11,,generic,9,ref-prefix + pdf_page in part range (parramatta_adequacy_report.md)
105527,Parramatta_DCP_2023_(Amendment_4)__parramatta_dcp_2023_full__9_6,,generic,9,ref-prefix + pdf_page in part range (parramatta_adequacy_report.md)
105528,Parramatta_DCP_2023_(Amendment_4)__parramatta_dcp_2023_full__9_6_2,,generic,9,ref-prefix + pdf_page in part range (parramatta_adequacy_report.md)
105529,Parramatta_DCP_2023_(Amendment_4)__parramatta_dcp_2023_full__9_6_3,,generic,9,ref-prefix + pdf_page in part range (parramatta_adequacy_report.md)
105530,Parramatta_DCP_2023_(Amendment_4)__parramatta_dcp_2023_full__9_6_4,,generic,9,ref-prefix + pdf_page in part range (parramatta_adequacy_report.md)
105531,Parramatta_DCP_2023_(Amendment_4)__parramatta_dcp_2023_full__9_6_5,,generic,9,ref-prefix + pdf_page in part range (parramatta_adequacy_report.md)
105532,Parramatta_DCP_2023_(Amendment_4)__parramatta_dcp_2023_full__9_6_6,,generic,9,ref-prefix + pdf_page in part range (parramatta_adequacy_report.md)
105533,Parramatta_DCP_2023_(Amendment_4)__parramatta_dcp_2023_full__9_6_7,,generic,9,ref-prefix + pdf_page in part range (parramatta_adequacy_report.md)
105534,Parramatta_DCP_2023_(Amendment_4)__parramatta_dcp_2023_full__9_7,,generic,9,ref-prefix + pdf_page in part range (parramatta_adequacy_report.md)
105535,Parramatta_DCP_2023_(Amendment_4)__parramatta_dcp_2023_full__9_7_1,,generic,9,ref-prefix + pdf_page in part range (parramatta_adequacy_report.md)
105537,Parramatta_DCP_2023_(Amendment_4)__parramatta_dcp_2023_full__9_7_2,,generic,9,ref-prefix + pdf_page in part range (parramatta_adequacy_report.md)
105538,Parramatta_DCP_2023_(Amendment_4)__parramatta_dcp_2023_full__9_7_3,,generic,9,ref-prefix + pdf_page in part range (parramatta_adequacy_report.md)
105539,Parramatta_DCP_2023_(Amendment_4)__parramatta_dcp_2023_full__9_7_5,,generic,9,ref-prefix + pdf_page in part range (parramatta_adequacy_report.md)
105540,Parramatta_DCP_2023_(Amendment_4)__parramatta_dcp_2023_full__9_7_7,,generic,9,ref-prefix + pdf_page in part range (parramatta_adequacy_report.md)
105541,Parramatta_DCP_2023_(Amendment_4)__parramatta_dcp_2023_full__9_7_8,,generic,9,ref-prefix + pdf_page in part range (parramatta_adequacy_report.md)
105542,Parramatta_DCP_2023_(Amendment_4)__parramatta_dcp_2023_full__9_8,,generic,9,ref-prefix + pdf_page in part range (parramatta_adequacy_report.md)
105543,Parramatta_DCP_2023_(Amendment_4)__parramatta_dcp_2023_full__9_8_2,,generic,9,ref-prefix + pdf_page in part range (parramatta_adequacy_report.md)
105544,Parramatta_DCP_2023_(Amendment_4)__parramatta_dcp_2023_full__9_8_3,,generic,9,ref-prefix + pdf_page in part range (parramatta_adequacy_report.md)
105545,Parramatta_DCP_2023_(Amendment_4)__parramatta_dcp_2023_full__9_8_4,,generic,9,ref-prefix + pdf_page in part range (parramatta_adequacy_report.md)
105546,Parramatta_DCP_2023_(Amendment_4)__parramatta_dcp_2023_full__9_8_5,,generic,9,ref-prefix + pdf_page in part range (parramatta_adequacy_report.md)
105547,Parramatta_DCP_2023_(Amendment_4)__parramatta_dcp_2023_full__9_8_5_1,,generic,9,ref-prefix + pdf_page in part range (parramatta_adequacy_report.md)
105548,Parramatta_DCP_2023_(Amendment_4)__parramatta_dcp_2023_full__9_8_5_2_1,,generic,9,ref-prefix + pdf_page in part range (parramatta_adequacy_report.md)
105549,Parramatta_DCP_2023_(Amendment_4)__parramatta_dcp_2023_full__9_8_5_3,,generic,9,ref-prefix + pdf_page in part range (parramatta_adequacy_report.md)
105550,Parramatta_DCP_2023_(Amendment_4)__parramatta_dcp_2023_full__9_8_6,,generic,9,ref-prefix + pdf_page in part range (parramatta_adequacy_report.md)
105551,Parramatta_DCP_2023_(Amendment_4)__parramatta_dcp_2023_full__9_8_7,,generic,9,ref-prefix + pdf_page in part range (parramatta_adequacy_report.md)
105552,Parramatta_DCP_2023_(Amendment_4)__parramatta_dcp_2023_full__9_8_8,,generic,9,ref-prefix + pdf_page in part range (parramatta_adequacy_report.md)
105553,Parramatta_DCP_2023_(Amendment_4)__parramatta_dcp_2023_full__9_8_9,,generic,9,ref-prefix + pdf_page in part range (parramatta_adequacy_report.md)
105554,Parramatta_DCP_2023_(Amendment_4)__parramatta_dcp_2023_full__9_8_9_2,,generic,9,ref-prefix + pdf_page in part range (parramatta_adequacy_report.md)
105555,Parramatta_DCP_2023_(Amendment_4)__parramatta_dcp_2023_full__9_9,,generic,9,ref-prefix + pdf_page in part range (parramatta_adequacy_report.md)
105556,Parramatta_DCP_2023_(Amendment_4)__parramatta_dcp_2023_full__9_9_2,,generic,9,ref-prefix + pdf_page in part range (parramatta_adequacy_report.md)
105557,Parramatta_DCP_2023_(Amendment_4)__parramatta_dcp_2023_full__9_9_3,,generic,9,ref-prefix + pdf_page in part range (parramatta_adequacy_report.md)
105558,Parramatta_DCP_2023_(Amendment_4)__parramatta_dcp_2023_full__9_9_3_2,,generic,9,ref-prefix + pdf_page in part range (parramatta_adequacy_report.md)
105559,Parramatta_DCP_2023_(Amendment_4)__parramatta_dcp_2023_full__9_9_3_3,,generic,9,ref-prefix + pdf_page in part range (parramatta_adequacy_report.md)
105560,Parramatta_DCP_2023_(Amendment_4)__parramatta_dcp_2023_full__9_10,,generic,9,ref-prefix + pdf_page in part range (parramatta_adequacy_report.md)
105561,Parramatta_DCP_2023_(Amendment_4)__parramatta_dcp_2023_full__9_10_1,,generic,9.10.1,ref-prefix + pdf_page in part range (parramatta_adequacy_report.md)
105562,Parramatta_DCP_2023_(Amendment_4)__parramatta_dcp_2023_full__9_10_1_2,,generic,9.10.1,ref-prefix + pdf_page in part range (parramatta_adequacy_report.md)
105563,Parramatta_DCP_2023_(Amendment_4)__parramatta_dcp_2023_full__9_10_1_3,,generic,9.10.1,ref-prefix + pdf_page in part range (parramatta_adequacy_report.md)
105564,Parramatta_DCP_2023_(Amendment_4)__parramatta_dcp_2023_full__9_10_1_4,,generic,9.10.1,ref-prefix + pdf_page in part range (parramatta_adequacy_report.md)
105565,Parramatta_DCP_2023_(Amendment_4)__parramatta_dcp_2023_full__9_10_1_5,,generic,9.10.1,ref-prefix + pdf_page in part range (parramatta_adequacy_report.md)
105566,Parramatta_DCP_2023_(Amendment_4)__parramatta_dcp_2023_full__9_10_1_6,,generic,9.10.1,ref-prefix + pdf_page in part range (parramatta_adequacy_report.md)
105567,Parramatta_DCP_2023_(Amendment_4)__parramatta_dcp_2023_full__9_10_1_7,,generic,9.10.1,ref-prefix + pdf_page in part range (parramatta_adequacy_report.md)
105568,Parramatta_DCP_2023_(Amendment_4)__parramatta_dcp_2023_full__9_10_1_8,,generic,9.10.1,ref-prefix + pdf_page in part range (parramatta_adequacy_report.md)
105569,Parramatta_DCP_2023_(Amendment_4)__parramatta_dcp_2023_full__9_10_2_1,,generic,9.10.2,ref-prefix + pdf_page in part range (parramatta_adequacy_report.md)
105570,Parramatta_DCP_2023_(Amendment_4)__parramatta_dcp_2023_full__9_10_2_3,,generic,9.10.2,ref-prefix + pdf_page in part range (parramatta_adequacy_report.md)
105571,Parramatta_DCP_2023_(Amendment_4)__parramatta_dcp_2023_full__9_10_2_4,,generic,9.10.2,ref-prefix + pdf_page in part range (parramatta_adequacy_report.md)
105572,Parramatta_DCP_2023_(Amendment_4)__parramatta_dcp_2023_full__9_10_2_5,,generic,9.10.2,ref-prefix + pdf_page in part range (parramatta_adequacy_report.md)
105573,Parramatta_DCP_2023_(Amendment_4)__parramatta_dcp_2023_full__9_10_3_1,,generic,9.10.3,ref-prefix + pdf_page in part range (parramatta_adequacy_report.md)
105574,Parramatta_DCP_2023_(Amendment_4)__parramatta_dcp_2023_full__9_10_4_1,,generic,9.10.4,ref-prefix + pdf_page in part range (parramatta_adequacy_report.md)
105575,Parramatta_DCP_2023_(Amendment_4)__parramatta_dcp_2023_full__9_10_5_1,,generic,9.10.5,ref-prefix + pdf_page in part range (parramatta_adequacy_report.md)
105576,Parramatta_DCP_2023_(Amendment_4)__parramatta_dcp_2023_full__9_10_6_1,,generic,9.10.6,ref-prefix + pdf_page in part range (parramatta_adequacy_report.md)
105577,Parramatta_DCP_2023_(Amendment_4)__parramatta_dcp_2023_full__9_10_6_2,,generic,9.10.6,ref-prefix + pdf_page in part range (parramatta_adequacy_report.md)
105578,Parramatta_DCP_2023_(Amendment_4)__parramatta_dcp_2023_full__9_10_7_1,,generic,9.10.7,ref-prefix + pdf_page in part range (parramatta_adequacy_report.md)
105579,Parramatta_DCP_2023_(Amendment_4)__parramatta_dcp_2023_full__9_10_8_1,,generic,9.10.8,ref-prefix + pdf_page in part range (parramatta_adequacy_report.md)
105580,Parramatta_DCP_2023_(Amendment_4)__parramatta_dcp_2023_full__9_10_9_1,,generic,9.10.9,ref-prefix + pdf_page in part range (parramatta_adequacy_report.md)
105581,Parramatta_DCP_2023_(Amendment_4)__parramatta_dcp_2023_full__9_10_9_2,,generic,9.10.9,ref-prefix + pdf_page in part range (parramatta_adequacy_report.md)
105582,Parramatta_DCP_2023_(Amendment_4)__parramatta_dcp_2023_full__9_10_10_1,,generic,9.10.10,ref-prefix + pdf_page in part range (parramatta_adequacy_report.md)
105583,Parramatta_DCP_2023_(Amendment_4)__parramatta_dcp_2023_full__9_10_10_2,,generic,9.10.10,ref-prefix + pdf_page in part range (parramatta_adequacy_report.md)
105584,Parramatta_DCP_2023_(Amendment_4)__parramatta_dcp_2023_full__9_10_10_3,,generic,9.10.10,ref-prefix + pdf_page in part range (parramatta_adequacy_report.md)
105585,Parramatta_DCP_2023_(Amendment_4)__parramatta_dcp_2023_full__9_10_10_4,,generic,9.10.10,ref-prefix + pdf_page in part range (parramatta_adequacy_report.md)
105586,Parramatta_DCP_2023_(Amendment_4)__parramatta_dcp_2023_full__9_10_10_5,,generic,9.10.10,ref-prefix + pdf_page in part range (parramatta_adequacy_report.md)
105587,Parramatta_DCP_2023_(Amendment_4)__parramatta_dcp_2023_full__9_10_11_1,,generic,9.10.11,ref-prefix + pdf_page in part range (parramatta_adequacy_report.md)
105588,Parramatta_DCP_2023_(Amendment_4)__parramatta_dcp_2023_full__9_10_12_1,,generic,9.10.12,ref-prefix + pdf_page in part range (parramatta_adequacy_report.md)
105589,Parramatta_DCP_2023_(Amendment_4)__parramatta_dcp_2023_full__9_10_12_2,,generic,9.10.12,ref-prefix + pdf_page in part range (parramatta_adequacy_report.md)
105590,Parramatta_DCP_2023_(Amendment_4)__parramatta_dcp_2023_full__9_10_12_3,,generic,9.10.12,ref-prefix + pdf_page in part range (parramatta_adequacy_report.md)
105591,Parramatta_DCP_2023_(Amendment_4)__parramatta_dcp_2023_full__9_10_12_4,,generic,9.10.12,ref-prefix + pdf_page in part range (parramatta_adequacy_report.md)
105592,Parramatta_DCP_2023_(Amendment_4)__parramatta_dcp_2023_full__9_10_12_5,,generic,9.10.12,ref-prefix + pdf_page in part range (parramatta_adequacy_report.md)
105593,Parramatta_DCP_2023_(Amendment_4)__parramatta_dcp_2023_full__9_10_13_1,,generic,9.10.13,ref-prefix + pdf_page in part range (parramatta_adequacy_report.md)
105594,Parramatta_DCP_2023_(Amendment_4)__parramatta_dcp_2023_full__9_10_13_2,,generic,9.10.13,ref-prefix + pdf_page in part range (parramatta_adequacy_report.md)
105595,Parramatta_DCP_2023_(Amendment_4)__parramatta_dcp_2023_full__9_10_13_3,,generic,9.10.13,ref-prefix + pdf_page in part range (parramatta_adequacy_report.md)
105596,Parramatta_DCP_2023_(Amendment_4)__parramatta_dcp_2023_full__9_10_13_4,,generic,9.10.13,ref-prefix + pdf_page in part range (parramatta_adequacy_report.md)
105597,Parramatta_DCP_2023_(Amendment_4)__parramatta_dcp_2023_full__9_10_13_5,,generic,9.10.13,ref-prefix + pdf_page in part range (parramatta_adequacy_report.md)
105598,Parramatta_DCP_2023_(Amendment_4)__parramatta_dcp_2023_full__9_10_14_1,,generic,9.10.14,ref-prefix + pdf_page in part range (parramatta_adequacy_report.md)
105599,Parramatta_DCP_2023_(Amendment_4)__parramatta_dcp_2023_full__9_10_14_2,,generic,9.10.14,ref-prefix + pdf_page in part range (parramatta_adequacy_report.md)
105601,Parramatta_DCP_2023_(Amendment_4)__parramatta_dcp_2023_full__9_10_14_3,,generic,9.10.14,ref-prefix + pdf_page in part range (parramatta_adequacy_report.md)
105602,Parramatta_DCP_2023_(Amendment_4)__parramatta_dcp_2023_full__9_10_14_4,,generic,9.10.14,ref-prefix + pdf_page in part range (parramatta_adequacy_report.md)
105603,Parramatta_DCP_2023_(Amendment_4)__parramatta_dcp_2023_full__9_10_14_6,,generic,9.10.14,ref-prefix + pdf_page in part range (parramatta_adequacy_report.md)
105604,Parramatta_DCP_2023_(Amendment_4)__parramatta_dcp_2023_full__9_10_14_7,,generic,9.10.14,ref-prefix + pdf_page in part range (parramatta_adequacy_report.md)
105605,Parramatta_DCP_2023_(Amendment_4)__parramatta_dcp_2023_full__9_10_14_8,,generic,9.10.14,ref-prefix + pdf_page in part range (parramatta_adequacy_report.md)
105606,Parramatta_DCP_2023_(Amendment_4)__parramatta_dcp_2023_full__9_10_15_1,,generic,9.10.15,ref-prefix + pdf_page in part range (parramatta_adequacy_report.md)
105607,Parramatta_DCP_2023_(Amendment_4)__parramatta_dcp_2023_full__9_10_15_2,,generic,9.10.15,ref-prefix + pdf_page in part range (parramatta_adequacy_report.md)
105608,Parramatta_DCP_2023_(Amendment_4)__parramatta_dcp_2023_full__9_10_15_3,,generic,9.10.15,ref-prefix + pdf_page in part range (parramatta_adequacy_report.md)
105609,Parramatta_DCP_2023_(Amendment_4)__parramatta_dcp_2023_full__9_10_15_4,,generic,9.10.15,ref-prefix + pdf_page in part range (parramatta_adequacy_report.md)
105610,Parramatta_DCP_2023_(Amendment_4)__parramatta_dcp_2023_full__9_10_15_5,,generic,9.10.15,ref-prefix + pdf_page in part range (parramatta_adequacy_report.md)
105611,Parramatta_DCP_2023_(Amendment_4)__parramatta_dcp_2023_full__9_10_15_6,,generic,9.10.15,ref-prefix + pdf_page in part range (parramatta_adequacy_report.md)
105612,Parramatta_DCP_2023_(Amendment_4)__parramatta_dcp_2023_full__9_10_15_8,,generic,9.10.15,ref-prefix + pdf_page in part range (parramatta_adequacy_report.md)
105613,Parramatta_DCP_2023_(Amendment_4)__parramatta_dcp_2023_full__9_10_16_1,,generic,9.10.16,ref-prefix + pdf_page in part range (parramatta_adequacy_report.md)
105614,Parramatta_DCP_2023_(Amendment_4)__parramatta_dcp_2023_full__9_10_17_1,,generic,9.10.17,ref-prefix + pdf_page in part range (parramatta_adequacy_report.md)
105615,Parramatta_DCP_2023_(Amendment_4)__parramatta_dcp_2023_full__9_10_17_2,,generic,9.10.17,ref-prefix + pdf_page in part range (parramatta_adequacy_report.md)
105616,Parramatta_DCP_2023_(Amendment_4)__parramatta_dcp_2023_full__9_10_17_3,,generic,9.10.17,ref-prefix + pdf_page in part range (parramatta_adequacy_report.md)
105617,Parramatta_DCP_2023_(Amendment_4)__parramatta_dcp_2023_full__9_10_17_4,,generic,9.10.17,ref-prefix + pdf_page in part range (parramatta_adequacy_report.md)
105618,Parramatta_DCP_2023_(Amendment_4)__parramatta_dcp_2023_full__9_10_18_1,,generic,9.10.18,ref-prefix + pdf_page in part range (parramatta_adequacy_report.md)
105619,Parramatta_DCP_2023_(Amendment_4)__parramatta_dcp_2023_full__9_10_18_3,,generic,9.10.18,ref-prefix + pdf_page in part range (parramatta_adequacy_report.md)
105620,Parramatta_DCP_2023_(Amendment_4)__parramatta_dcp_2023_full__9_10_18_4,,generic,9.10.18,ref-prefix + pdf_page in part range (parramatta_adequacy_report.md)
105621,Parramatta_DCP_2023_(Amendment_4)__parramatta_dcp_2023_full__9_10_18_5,,generic,9.10.18,ref-prefix + pdf_page in part range (parramatta_adequacy_report.md)
105622,Parramatta_DCP_2023_(Amendment_4)__parramatta_dcp_2023_full__9_10_18_6,,generic,9.10.18,ref-prefix + pdf_page in part range (parramatta_adequacy_report.md)
105623,Parramatta_DCP_2023_(Amendment_4)__parramatta_dcp_2023_full__9_10_19_1,,generic,9.10.19,ref-prefix + pdf_page in part range (parramatta_adequacy_report.md)
105624,Parramatta_DCP_2023_(Amendment_4)__parramatta_dcp_2023_full__9_10_19_2,,generic,9.10.19,ref-prefix + pdf_page in part range (parramatta_adequacy_report.md)
105625,Parramatta_DCP_2023_(Amendment_4)__parramatta_dcp_2023_full__9_10_19_3,,generic,9.10.19,ref-prefix + pdf_page in part range (parramatta_adequacy_report.md)
105626,Parramatta_DCP_2023_(Amendment_4)__parramatta_dcp_2023_full__9_10_20_1,,generic,9.10.20,ref-prefix + pdf_page in part range (parramatta_adequacy_report.md)
105627,Parramatta_DCP_2023_(Amendment_4)__parramatta_dcp_2023_full__9_10_20_2,,generic,9.10.20,ref-prefix + pdf_page in part range (parramatta_adequacy_report.md)
105628,Parramatta_DCP_2023_(Amendment_4)__parramatta_dcp_2023_full__9_10_20_3,,generic,9.10.20,ref-prefix + pdf_page in part range (parramatta_adequacy_report.md)
