id,precinct_id_before,precinct_id_after,layer_before,rule
121480,,14N,,ku_ring_gai_part14_single_site
121481,,14N,,ku_ring_gai_part14_single_site
121482,,14N,,ku_ring_gai_part14_single_site
121483,,14N,,ku_ring_gai_part14_single_site
121484,,14N,,ku_ring_gai_part14_single_site
121485,,14N,,ku_ring_gai_part14_single_site
121486,,14O,,ku_ring_gai_part14_single_site
121487,,14O,,ku_ring_gai_part14_single_site
121488,,14O,,ku_ring_gai_part14_single_site
121489,,14O,,ku_ring_gai_part14_single_site
121490,,14O,,ku_ring_gai_part14_single_site
121491,,14O,,ku_ring_gai_part14_single_site
121444,,E2,precinct,waverley_part_e
121447,,E2,precinct,waverley_part_e
121452,,E3,precinct,waverley_part_e
121457,,E3,precinct,waverley_part_e
121449,,E2,precinct,waverley_part_e
121468,,E3,precinct,waverley_part_e
121434,,E1,precinct,waverley_part_e
121443,,E2,precinct,waverley_part_e
121243,,E1,precinct,waverley_part_e
121244,,E1,precinct,waverley_part_e
121246,,E2,precinct,waverley_part_e
121249,,E2,precinct,waverley_part_e
121251,,E2,precinct,waverley_part_e
121252,,E2,precinct,waverley_part_e
121255,,E3,precinct,waverley_part_e
121256,,E3,precinct,waverley_part_e
121258,,E4,precinct,waverley_part_e
121261,,E5,precinct,waverley_part_e
121424,,E1,precinct,waverley_part_e
121428,,E1,precinct,waverley_part_e
121431,,E1,precinct,waverley_part_e
121437,,E1,precinct,waverley_part_e
121438,,E1,precinct,waverley_part_e
121440,,E1,precinct,waverley_part_e
121442,,E1,precinct,waverley_part_e
121445,,E2,precinct,waverley_part_e
121451,,E3,precinct,waverley_part_e
121456,,E3,precinct,waverley_part_e
121466,,E3,precinct,waverley_part_e
121467,,E3,precinct,waverley_part_e
121469,,E3,precinct,waverley_part_e
121473,,E5,precinct,waverley_part_e
121476,,E5,precinct,waverley_part_e
121478,,E6,precinct,waverley_part_e
121479,,E6,precinct,waverley_part_e
