id,ref_before,ref_after
104698,Blacktown_DCP_2015__blacktown_dcp_2015_part_c__1,Blacktown_DCP_2015__blacktown_dcp_2015_part_c__1__introduction
104892,Blacktown_DCP_2015__blacktown_dcp_2015_part_c__1,Blacktown_DCP_2015__blacktown_dcp_2015_part_c__1__internal_design
104700,Blacktown_DCP_2015__blacktown_dcp_2015_part_c__1_4,Blacktown_DCP_2015__blacktown_dcp_2015_part_c__1_4__types_of_residential_accommodation
104895,Blacktown_DCP_2015__blacktown_dcp_2015_part_c__1_4,Blacktown_DCP_2015__blacktown_dcp_2015_part_c__1_4__craft_preparation_facilities
104731,Blacktown_DCP_2015__blacktown_dcp_2015_part_c__1_7,Blacktown_DCP_2015__blacktown_dcp_2015_part_c__1_7__retaining_walls_and_ground
104897,Blacktown_DCP_2015__blacktown_dcp_2015_part_c__1_7,Blacktown_DCP_2015__blacktown_dcp_2015_part_c__1_7__hot_water
104741,Blacktown_DCP_2015__blacktown_dcp_2015_part_c__3,Blacktown_DCP_2015__blacktown_dcp_2015_part_c__3__dwelling_houses
104907,Blacktown_DCP_2015__blacktown_dcp_2015_part_c__3,Blacktown_DCP_2015__blacktown_dcp_2015_part_c__3__safety_provisions
104749,Campbelltown_(Sustainable_City)_DCP_2015__campbelltown_dcp_part3_low_medium__3_3,Campbelltown_(Sustainable_City)_DCP_2015__campbelltown_dcp_part3_low_medium__3_3__fencing_dwelling_houses_r2
104755,Campbelltown_(Sustainable_City)_DCP_2015__campbelltown_dcp_part3_low_medium__3_3,Campbelltown_(Sustainable_City)_DCP_2015__campbelltown_dcp_part3_low_medium__3_3__desired_future_character_for
104697,Cumberland_DCP_Part_B_—_Residential_Zones_2021__cumberland_dcp_part_b_residential__2_2,Cumberland_DCP_Part_B_—_Residential_Zones_2021__cumberland_dcp_part_b_residential__2_2__housing_mix_b53_this
104701,Cumberland_DCP_Part_B_—_Residential_Zones_2021__cumberland_dcp_part_b_residential__2_2,Cumberland_DCP_Part_B_—_Residential_Zones_2021__cumberland_dcp_part_b_residential__2_2__height_objectives
104704,Cumberland_DCP_Part_B_—_Residential_Zones_2021__cumberland_dcp_part_b_residential__2_4,Cumberland_DCP_Part_B_—_Residential_Zones_2021__cumberland_dcp_part_b_residential__2_4__streetscape_objectives
104729,Cumberland_DCP_Part_B_—_Residential_Zones_2021__cumberland_dcp_part_b_residential__2_4,Cumberland_DCP_Part_B_—_Residential_Zones_2021__cumberland_dcp_part_b_residential__2_4__visual_privacy_objective
104705,Cumberland_DCP_Part_B_—_Residential_Zones_2021__cumberland_dcp_part_b_residential__2_5,Cumberland_DCP_Part_B_—_Residential_Zones_2021__cumberland_dcp_part_b_residential__2_5__building_materials_objective
104730,Cumberland_DCP_Part_B_—_Residential_Zones_2021__cumberland_dcp_part_b_residential__2_5,Cumberland_DCP_Part_B_—_Residential_Zones_2021__cumberland_dcp_part_b_residential__2_5__general_design_objective
104706,Cumberland_DCP_Part_B_—_Residential_Zones_2021__cumberland_dcp_part_b_residential__2_7,Cumberland_DCP_Part_B_—_Residential_Zones_2021__cumberland_dcp_part_b_residential__2_7__landscaping_objectives
104732,Cumberland_DCP_Part_B_—_Residential_Zones_2021__cumberland_dcp_part_b_residential__2_7,Cumberland_DCP_Part_B_—_Residential_Zones_2021__cumberland_dcp_part_b_residential__2_7__car_parking
104723,Cumberland_DCP_Part_B_—_Residential_Zones_2021__cumberland_dcp_part_b_residential__3_1,Cumberland_DCP_Part_B_—_Residential_Zones_2021__cumberland_dcp_part_b_residential__3_1__site_frontage_objective
104726,Cumberland_DCP_Part_B_—_Residential_Zones_2021__cumberland_dcp_part_b_residential__3_1,Cumberland_DCP_Part_B_—_Residential_Zones_2021__cumberland_dcp_part_b_residential__3_1__building_envelope_objectives
98256,Ku-ring-gai_DCP_2024__section_a_part_12_signage__12_1,Ku-ring-gai_DCP_2024__section_a_part_12_signage__12_1__signage_design
98257,Ku-ring-gai_DCP_2024__section_a_part_12_signage__12_1,Ku-ring-gai_DCP_2024__section_a_part_12_signage__12_1__signage_design_objectives_1
98278,Ku-ring-gai_DCP_2024__section_b_part_15_contamination__15_1,Ku-ring-gai_DCP_2024__section_b_part_15_contamination__15_1__land_contamination
98279,Ku-ring-gai_DCP_2024__section_b_part_15_contamination__15_1,Ku-ring-gai_DCP_2024__section_b_part_15_contamination__15_1__land_contamination_objectives_1
98297,Ku-ring-gai_DCP_2024__section_b_part_18_biodiversity__18_1,Ku-ring-gai_DCP_2024__section_b_part_18_biodiversity__18_1__all_greenweb_categories
98298,Ku-ring-gai_DCP_2024__section_b_part_18_biodiversity__18_1,Ku-ring-gai_DCP_2024__section_b_part_18_biodiversity__18_1__all_greenweb_categories_objectives
98299,Ku-ring-gai_DCP_2024__section_b_part_18_biodiversity__18_1,Ku-ring-gai_DCP_2024__section_b_part_18_biodiversity__18_1__all_greenweb_categories_continued
98340,Ku-ring-gai_DCP_2024__section_c_part_21_site_design__21_1,Ku-ring-gai_DCP_2024__section_c_part_21_site_design__21_1__earthworks_and_slope
98341,Ku-ring-gai_DCP_2024__section_c_part_21_site_design__21_1,Ku-ring-gai_DCP_2024__section_c_part_21_site_design__21_1__earthworks_and_slope_1
98342,Ku-ring-gai_DCP_2024__section_c_part_21_site_design__21_1,Ku-ring-gai_DCP_2024__section_c_part_21_site_design__21_1__earthworks_and_slope_continued
98343,Ku-ring-gai_DCP_2024__section_c_part_21_site_design__21_2,Ku-ring-gai_DCP_2024__section_c_part_21_site_design__21_2__landscape_design_objectives_1
98344,Ku-ring-gai_DCP_2024__section_c_part_21_site_design__21_2,Ku-ring-gai_DCP_2024__section_c_part_21_site_design__21_2__landscape_design_continued_objectives
98345,Ku-ring-gai_DCP_2024__section_c_part_21_site_design__21_2,Ku-ring-gai_DCP_2024__section_c_part_21_site_design__21_2__landscape_design_continued_controls
105200,Parramatta_DCP_2023_(Amendment_4)__parramatta_dcp_2023_full__1,Parramatta_DCP_2023_(Amendment_4)__parramatta_dcp_2023_full__1__bedroom_maximum_0_4
105292,Parramatta_DCP_2023_(Amendment_4)__parramatta_dcp_2023_full__1,Parramatta_DCP_2023_(Amendment_4)__parramatta_dcp_2023_full__1__bedroom_10_20_of
105478,Parramatta_DCP_2023_(Amendment_4)__parramatta_dcp_2023_full__1,Parramatta_DCP_2023_(Amendment_4)__parramatta_dcp_2023_full__1__bedroom_1_2_bedroom
105023,Parramatta_DCP_2023_(Amendment_4)__parramatta_dcp_2023_full__2,Parramatta_DCP_2023_(Amendment_4)__parramatta_dcp_2023_full__2__part_10_introduction_of
105536,Parramatta_DCP_2023_(Amendment_4)__parramatta_dcp_2023_full__2,Parramatta_DCP_2023_(Amendment_4)__parramatta_dcp_2023_full__2__source_australian_disaster_resilience
105106,Parramatta_DCP_2023_(Amendment_4)__parramatta_dcp_2023_full__3_6,Parramatta_DCP_2023_(Amendment_4)__parramatta_dcp_2023_full__3_6__residential_subdivision
105650,Parramatta_DCP_2023_(Amendment_4)__parramatta_dcp_2023_full__3_6,Parramatta_DCP_2023_(Amendment_4)__parramatta_dcp_2023_full__3_6__council_does_not_support
105115,Parramatta_DCP_2023_(Amendment_4)__parramatta_dcp_2023_full__4_5,Parramatta_DCP_2023_(Amendment_4)__parramatta_dcp_2023_full__4_5__educational_establishments
105652,Parramatta_DCP_2023_(Amendment_4)__parramatta_dcp_2023_full__4_5,Parramatta_DCP_2023_(Amendment_4)__parramatta_dcp_2023_full__4_5__for_developments_of_less
105135,Parramatta_DCP_2023_(Amendment_4)__parramatta_dcp_2023_full__6_3,Parramatta_DCP_2023_(Amendment_4)__parramatta_dcp_2023_full__6_3__bicycle_parking
105654,Parramatta_DCP_2023_(Amendment_4)__parramatta_dcp_2023_full__6_3,Parramatta_DCP_2023_(Amendment_4)__parramatta_dcp_2023_full__6_3__a_waste_storage_room
105119,Parramatta_DCP_2023_(Amendment_4)__parramatta_dcp_2023_full__R4,Parramatta_DCP_2023_(Amendment_4)__parramatta_dcp_2023_full__R4__high_1_metre_wide
105189,Parramatta_DCP_2023_(Amendment_4)__parramatta_dcp_2023_full__R4,Parramatta_DCP_2023_(Amendment_4)__parramatta_dcp_2023_full__R4__high_density_residential_11
104878,Penrith_DCP_2014__penrith_dcp_2014_part_d2__D2,Penrith_DCP_2014__penrith_dcp_2014_part_d2__D2__residential_development
104885,Penrith_DCP_2014__penrith_dcp_2014_part_d2__D2,Penrith_DCP_2014__penrith_dcp_2014_part_d2__D2__residential_development_d2_5
104902,Penrith_DCP_2014__penrith_dcp_2014_part_d2__D2,Penrith_DCP_2014__penrith_dcp_2014_part_d2__D2__residential_development_d2_13
104910,Penrith_DCP_2014__penrith_dcp_2014_part_d2__D2,Penrith_DCP_2014__penrith_dcp_2014_part_d2__D2__residential_development_d2_17
104924,Penrith_DCP_2014__penrith_dcp_2014_part_d2__D2,Penrith_DCP_2014__penrith_dcp_2014_part_d2__D2__residential_development_d2_31
104927,Penrith_DCP_2014__penrith_dcp_2014_part_d2__D2,Penrith_DCP_2014__penrith_dcp_2014_part_d2__D2__residential_development_d2_34
104940,Penrith_DCP_2014__penrith_dcp_2014_part_d2__D2,Penrith_DCP_2014__penrith_dcp_2014_part_d2__D2__residential_development_d2_48
104942,Penrith_DCP_2014__penrith_dcp_2014_part_d2__D2,Penrith_DCP_2014__penrith_dcp_2014_part_d2__D2__residential_development_d2_51
104960,Penrith_DCP_2014__penrith_dcp_2014_part_d2__D2,Penrith_DCP_2014__penrith_dcp_2014_part_d2__D2__residential_development_d2_62
104996,Penrith_DCP_2014__penrith_dcp_2014_part_d2__D2,Penrith_DCP_2014__penrith_dcp_2014_part_d2__D2__residential_development_d2_81
104915,Penrith_DCP_2014__penrith_dcp_2014_part_d2__R3,Penrith_DCP_2014__penrith_dcp_2014_part_d2__R3__medium_density_residential
104931,Penrith_DCP_2014__penrith_dcp_2014_part_d2__R3,Penrith_DCP_2014__penrith_dcp_2014_part_d2__R3__medium_density_40_residential
96030,Sydney_DCP_2012__schedules__1,Sydney_DCP_2012__schedules__1__pre_development_application_lodgement
96036,Sydney_DCP_2012__schedules__1,Sydney_DCP_2012__schedules__1__figure_12_1_3
95991,Sydney_DCP_2012__schedules__6_7,Sydney_DCP_2012__schedules__6_7__g_restaurant_menus_s6
96005,Sydney_DCP_2012__schedules__6_7,Sydney_DCP_2012__schedules__6_7__g_restaurant_menus
95297,Sydney_DCP_2012__section_1_introduction__1,Sydney_DCP_2012__section_1_introduction__1__introduction
95300,Sydney_DCP_2012__section_1_introduction__1,Sydney_DCP_2012__section_1_introduction__1__cahillexpressw
95312,Sydney_DCP_2012__section_2_locality_statements__2_13_6,Sydney_DCP_2012__section_2_locality_statements__2_13_6__kettle_street_2_13
95406,Sydney_DCP_2012__section_2_locality_statements__2_13_6,Sydney_DCP_2012__section_2_locality_statements__2_13_6__kettle_street
95313,Sydney_DCP_2012__section_2_locality_statements__2_6,Sydney_DCP_2012__section_2_locality_statements__2_6__woollahra_municipal_council
95357,Sydney_DCP_2012__section_2_locality_statements__2_6,Sydney_DCP_2012__section_2_locality_statements__2_6__glebe_and_forest_lodge
95418,Sydney_DCP_2012__section_3_general_provisions__3_11,Sydney_DCP_2012__section_3_general_provisions__3_11__transport_and_parking_3
95468,Sydney_DCP_2012__section_3_general_provisions__3_11,Sydney_DCP_2012__section_3_general_provisions__3_11__transport_and_parking
95419,Sydney_DCP_2012__section_3_general_provisions__3_16,Sydney_DCP_2012__section_3_general_provisions__3_16__signs_and_advertisements_3
95490,Sydney_DCP_2012__section_3_general_provisions__3_16,Sydney_DCP_2012__section_3_general_provisions__3_16__signs_and_advertisements
95417,Sydney_DCP_2012__section_3_general_provisions__3_5,Sydney_DCP_2012__section_3_general_provisions__3_5__urban_ecology_3_5
95443,Sydney_DCP_2012__section_3_general_provisions__3_5,Sydney_DCP_2012__section_3_general_provisions__3_5__urban_ecology
95613,Sydney_DCP_2012__section_5_specific_areas__0,Sydney_DCP_2012__section_5_specific_areas__0__figure_5_38
95615,Sydney_DCP_2012__section_5_specific_areas__0,Sydney_DCP_2012__section_5_specific_areas__0__rl_300m
95726,Sydney_DCP_2012__section_5_specific_areas__1,Sydney_DCP_2012__section_5_specific_areas__1__bourke
95753,Sydney_DCP_2012__section_5_specific_areas__1,Sydney_DCP_2012__section_5_specific_areas__1__storey_6_storeys
95635,Sydney_DCP_2012__section_5_specific_areas__1_4,Sydney_DCP_2012__section_5_specific_areas__1_4__metre_footpath_widening_landscape
95704,Sydney_DCP_2012__section_5_specific_areas__1_4,Sydney_DCP_2012__section_5_specific_areas__1_4__metres_easement_for_public
95687,Sydney_DCP_2012__section_5_specific_areas__2,Sydney_DCP_2012__section_5_specific_areas__2__storeys_5_storeys
95727,Sydney_DCP_2012__section_5_specific_areas__2,Sydney_DCP_2012__section_5_specific_areas__2__u_e_s_t
95751,Sydney_DCP_2012__section_5_specific_areas__2,Sydney_DCP_2012__section_5_specific_areas__2__s_t
95662,Sydney_DCP_2012__section_5_specific_areas__3,Sydney_DCP_2012__section_5_specific_areas__3__sydney_dcp_2012_december
95674,Sydney_DCP_2012__section_5_specific_areas__3,Sydney_DCP_2012__section_5_specific_areas__3__metre_landscaped_setback_public
95706,Sydney_DCP_2012__section_5_specific_areas__3,Sydney_DCP_2012__section_5_specific_areas__3__storeys
95618,Sydney_DCP_2012__section_5_specific_areas__4,Sydney_DCP_2012__section_5_specific_areas__4__clear_to
95643,Sydney_DCP_2012__section_5_specific_areas__4,Sydney_DCP_2012__section_5_specific_areas__4__storeys
95728,Sydney_DCP_2012__section_5_specific_areas__4,Sydney_DCP_2012__section_5_specific_areas__4__s_w
95731,Sydney_DCP_2012__section_5_specific_areas__4,Sydney_DCP_2012__section_5_specific_areas__4__se
95579,Sydney_DCP_2012__section_5_specific_areas__5,Sydney_DCP_2012__section_5_specific_areas__5__specific_areas
95668,Sydney_DCP_2012__section_5_specific_areas__5,Sydney_DCP_2012__section_5_specific_areas__5__storey_street_frontage_height
95580,Sydney_DCP_2012__section_5_specific_areas__5_4,Sydney_DCP_2012__section_5_specific_areas__5_4__green_square_lachlan_5
95652,Sydney_DCP_2012__section_5_specific_areas__5_4,Sydney_DCP_2012__section_5_specific_areas__5_4__green_square_lachlan
95638,Sydney_DCP_2012__section_5_specific_areas__A2,Sydney_DCP_2012__section_5_specific_areas__A2__g1
95756,Sydney_DCP_2012__section_5_specific_areas__A2,Sydney_DCP_2012__section_5_specific_areas__A2__d1_a
95843,Sydney_DCP_2012__section_6_specific_sites__14,Sydney_DCP_2012__section_6_specific_sites__14__s_t_6_st
95929,Sydney_DCP_2012__section_6_specific_sites__14,Sydney_DCP_2012__section_6_specific_sites__14__wentworth_avenue_which_is
95828,Sydney_DCP_2012__section_6_specific_sites__18,Sydney_DCP_2012__section_6_specific_sites__18__huntley_street_principles_august
95832,Sydney_DCP_2012__section_6_specific_sites__18,Sydney_DCP_2012__section_6_specific_sites__18__huntley_street_setbacks_residential
95834,Sydney_DCP_2012__section_6_specific_sites__18,Sydney_DCP_2012__section_6_specific_sites__18__huntley_street_landscape_august
95835,Sydney_DCP_2012__section_6_specific_sites__18,Sydney_DCP_2012__section_6_specific_sites__18__huntley_street_uses_august
95837,Sydney_DCP_2012__section_6_specific_sites__3,Sydney_DCP_2012__section_6_specific_sites__3__existing_site_boundary
95842,Sydney_DCP_2012__section_6_specific_sites__3,Sydney_DCP_2012__section_6_specific_sites__3__cleveland_street
95888,Sydney_DCP_2012__section_6_specific_sites__3,Sydney_DCP_2012__section_6_specific_sites__3__bourke
95878,Sydney_DCP_2012__section_6_specific_sites__4,Sydney_DCP_2012__section_6_specific_sites__4__storeys_r_e_e
95973,Sydney_DCP_2012__section_6_specific_sites__4,Sydney_DCP_2012__section_6_specific_sites__4__tree_retention
104949,Warringah_DCP_2011__warringah_dcp_2011_full__R2,Warringah_DCP_2011__warringah_dcp_2011_full__R2__side_boundary_envelope_exceptions
104955,Warringah_DCP_2011__warringah_dcp_2011_full__R2,Warringah_DCP_2011__warringah_dcp_2011_full__R2__land_within_madison_estate
