id,pdf_page,page_range,printed_page_label,page_check,page_source_path
81497,22,null,,,
81549,33,null,,,
81434,9,null,,,
81510,26,null,,,
81514,26,null,,,
81539,32,null,,,
81547,33,null,,,
81462,15,null,,,
81495,21,null,,,
81513,26,null,,,
81422,8,null,,,
81439,10,null,,,
81442,11,null,,,
81519,27,null,,,
81524,27,null,,,
81564,40,null,,,
81572,41,null,,,
81688,88,null,,,
81692,89,null,,,
82235,279,null,,,
82320,311,null,,,
81566,40,null,,,
81437,10,null,,,
81423,8,null,,,
81430,9,null,,,
81445,11,null,,,
81446,11,null,,,
81460,14,null,,,
81461,14,null,,,
81485,19,null,,,
81502,22,null,,,
81504,22,null,,,
81507,23,null,,,
81521,27,null,,,
81525,27,null,,,
81527,28,null,,,
81532,29,null,,,
81545,33,null,,,
81558,38,null,,,
81573,41,null,,,
81693,89,null,,,
82427,361,null,,,
81496,22,null,,,
81551,36,null,,,
81405,7,null,,,
81449,11,null,,,
81450,12,null,,,
81458,14,null,,,
81562,40,null,,,
81567,40,null,,,
81553,36,null,,,
81550,33,null,,,
81696,90,null,,,
81538,32,null,,,
81431,9,null,,,
81452,12,null,,,
81498,22,null,,,
81390,6,null,,,
81391,6,null,,,
81392,6,null,,,
81397,6,null,,,
81398,6,null,,,
81399,6,null,,,
81402,7,null,,,
81403,7,null,,,
81404,7,null,,,
81411,7,null,,,
81413,7,null,,,
81416,8,null,,,
81417,8,null,,,
81418,8,null,,,
81419,8,null,,,
81426,9,null,,,
81427,9,null,,,
81429,9,null,,,
81436,9,null,,,
81440,10,null,,,
81441,10,null,,,
81443,11,null,,,
81444,11,null,,,
81448,11,null,,,
81454,12,null,,,
81457,14,null,,,
81459,14,null,,,
81465,15,null,,,
81494,21,null,,,
81499,22,null,,,
81500,22,null,,,
81508,25,null,,,
81511,26,null,,,
81512,26,null,,,
81516,26,null,,,
81522,27,null,,,
81523,27,null,,,
81529,28,null,,,
81530,29,null,,,
81531,29,null,,,
81533,29,null,,,
81540,32,null,,,
81541,32,null,,,
81542,32,null,,,
81543,32,null,,,
81548,33,null,,,
81552,36,null,,,
81554,36,null,,,
81557,38,null,,,
81563,40,null,,,
81565,40,null,,,
81575,45,null,,,
81685,87,null,,,
81686,88,null,,,
81690,89,null,,,
81691,89,null,,,
81694,89,null,,,
81695,89,null,,,
81727,104,null,,,
81870,152,null,,,
82207,269,null,,,
81451,12,null,,,
81520,27,null,,,
81409,7,null,,,
81438,10,null,,,
81400,6,null,,,
81559,38,null,,,
81487,20,null,,,
81428,9,null,,,
81425,9,null,,,
81503,22,null,,,
81684,87,null,,,
81412,7,null,,,
81410,7,null,,,
81407,7,null,,,
81406,7,null,,,
81408,7,null,,,
81393,6,null,,,
81395,6,null,,,
81396,6,null,,,
81415,8,null,,,
81424,8,null,,,
81401,7,null,,,
81388,6,null,,,
81546,33,null,,,
81544,33,null,,,
81157,4,null,,,
87167,30,null,,,
87208,76,null,,,
87187,52,null,,,
87156,17,null,,,
87153,13,null,,,
87159,21,null,,,
87161,24,null,,,
87204,72,null,,,
87152,12,null,,,
87184,48,null,,,
87207,75,null,,,
87158,20,null,,,
87151,11,null,,,
87200,67,null,,,
87148,8,null,,,
87149,9,null,,,
87150,10,null,,,
87154,14,null,,,
87155,16,null,,,
87157,19,null,,,
87162,25,null,,,
87163,26,null,,,
87169,32,null,,,
87170,33,null,,,
87171,34,null,,,
87183,47,null,,,
87186,51,null,,,
87190,55,null,,,
87193,59,null,,,
87198,65,null,,,
87209,77,null,,,
87210,79,null,,,
87212,81,null,,,
87146,6,null,,,
87185,49,null,,,
87178,42,null,,,
87205,73,null,,,
87160,23,null,,,
87172,36,null,,,
87173,37,null,,,
87179,43,null,,,
87174,38,null,,,
87175,39,null,,,
87176,40,null,,,
87177,41,null,,,
87191,57,null,,,
87182,46,null,,,
87195,62,null,,,
87214,84,null,,,
87203,71,null,,,
87166,29,null,,,
87181,45,null,,,
87180,44,null,,,
87189,54,null,,,
87196,63,null,,,
87201,68,null,,,
87211,80,null,,,
87147,7,null,,,
87192,58,null,,,
81289,63,null,,,
81337,81,null,,,
81279,60,null,,,
81325,79,null,,,
81342,81,null,,,
81229,19,null,,,
81230,19,null,,,
81296,65,null,,,
81348,82,null,,,
81358,83,null,,,
81377,84,null,,,
81169,4,null,,,
81202,14,null,,,
81242,29,null,,,
81252,44,null,,,
81271,57,null,,,
81294,65,null,,,
81313,78,null,,,
81346,81,null,,,
81166,4,null,,,
81262,47,null,,,
81177,4,null,,,
81221,17,null,,,
81237,25,null,,,
81324,79,null,,,
81168,4,null,,,
81363,83,null,,,
81356,83,null,,,
81173,4,null,,,
81187,9,null,,,
81206,14,null,,,
81320,79,null,,,
81355,83,null,,,
81171,4,null,,,
81297,66,null,,,
81176,4,null,,,
81236,25,null,,,
81250,44,null,,,
81331,80,null,,,
81172,4,null,,,
81174,4,null,,,
81175,4,null,,,
81184,8,null,,,
81185,8,null,,,
81186,8,null,,,
81188,9,null,,,
81198,14,null,,,
81199,14,null,,,
81200,14,null,,,
81201,14,null,,,
81203,14,null,,,
81204,14,null,,,
81205,14,null,,,
81218,16,null,,,
81226,18,null,,,
81227,18,null,,,
81235,25,null,,,
81238,25,null,,,
81239,25,null,,,
81241,29,null,,,
81245,40,null,,,
81246,40,null,,,
81251,44,null,,,
81264,47,null,,,
81265,47,null,,,
81266,47,null,,,
81268,53,null,,,
81272,57,null,,,
81274,57,null,,,
81275,57,null,,,
81276,59,null,,,
81277,59,null,,,
81278,59,null,,,
81280,60,null,,,
81283,60,null,,,
81285,60,null,,,
81288,63,null,,,
81292,63,null,,,
81293,64,null,,,
81299,66,null,,,
81301,69,null,,,
81302,69,null,,,
81312,78,null,,,
81314,78,null,,,
81316,78,null,,,
81318,79,null,,,
81319,79,null,,,
81321,79,null,,,
81326,79,null,,,
81327,79,null,,,
81328,79,null,,,
81329,80,null,,,
81336,81,null,,,
81338,81,null,,,
81339,81,null,,,
81340,81,null,,,
81344,81,null,,,
81347,82,null,,,
81349,82,null,,,
81351,82,null,,,
81352,82,null,,,
81353,82,null,,,
81354,82,null,,,
81357,83,null,,,
81359,83,null,,,
81360,83,null,,,
81361,83,null,,,
81362,83,null,,,
81365,84,null,,,
81366,84,null,,,
81368,84,null,,,
81369,84,null,,,
81370,84,null,,,
81371,84,null,,,
81372,84,null,,,
81373,84,null,,,
81375,84,null,,,
81380,86,null,,,
81376,84,null,,,
81170,4,null,,,
81333,81,null,,,
81298,66,null,,,
81273,57,null,,,
81322,79,null,,,
81323,79,null,,,
81334,81,null,,,
81378,84,null,,,
81282,60,null,,,
81281,60,null,,,
81300,69,null,,,
81367,84,null,,,
80944,22,null,,,
81069,83,null,,,
81073,83,null,,,
80942,14,null,,,
81062,79,null,,,
81078,88,null,,,
80901,5,null,,,
80999,40,null,,,
81070,83,null,,,
81154,125,null,,,
81156,125,null,,,
80980,32,null,,,
81064,79,null,,,
81145,118,null,,,
80946,22,null,,,
81029,56,null,,,
81071,83,null,,,
81091,91,null,,,
81077,88,null,,,
81061,77,null,,,
80902,5,null,,,
80903,5,null,,,
80931,14,null,,,
80932,14,null,,,
80933,14,null,,,
80934,14,null,,,
80947,22,null,,,
80949,22,null,,,
80950,22,null,,,
80951,22,null,,,
80952,25,null,,,
80954,25,null,,,
80964,28,null,,,
80972,28,null,,,
80981,35,null,,,
80989,35,null,,,
80991,36,null,,,
81001,40,null,,,
81003,46,null,,,
81005,52,null,,,
81014,54,null,,,
81051,68,null,,,
81058,75,null,,,
81060,77,null,,,
81065,81,null,,,
81067,82,null,,,
81068,83,null,,,
81074,83,null,,,
81076,87,null,,,
81079,88,null,,,
81081,88,null,,,
81082,88,null,,,
81083,88,null,,,
81092,91,null,,,
81094,95,null,,,
81101,95,null,,,
81104,106,null,,,
81105,106,null,,,
81128,112,null,,,
81146,122,null,,,
80930,14,null,,,
81056,71,null,,,
80945,22,null,,,
81027,55,null,,,
80948,22,null,,,
81066,81,null,,,
80943,22,null,,,
80961,25,null,,,
80962,28,null,,,
81059,76,null,,,
81080,88,null,,,
87451,182,null,,,
87453,182,null,,,
87297,59,null,,,
