id,v2_land_condition
23233,
23237,
23239,
23244,
23283,
23285,
23292,
23293,
23301,
23302,
23303,
23304,
23324,
23327,
23331,
23332,
23334,
23336,
23337,
23338,
23339,
23341,
23348,
23349,
23350,
23352,
23382,
23383,
23385,
23387,
23389,
23391,
23392,
23393,
23394,
23396,
23398,
23401,
23403,
23404,
23405,
23406,
23408,
23409,
23410,
23411,
23414,
23416,
23417,
23422,
23424,
23425,
23426,
23427,
23432,
23434,
23435,
23437,
23439,
23441,
23444,
23447,
23448,
23451,
23452,
23455,
23457,
23459,
23461,
23463,
23468,
23471,
23472,
23474,
23475,
23476,
23477,
23485,
23486,
23488,
23490,
23492,
23500,
23504,
23506,
23507,
23508,
23514,
23520,
23521,
23522,
23523,
23525,
23528,
23529,
23530,
23531,
23535,
23536,
23537,
23539,
23540,
23560,
23562,
23568,
23570,
23572,
23574,
23577,
23579,
23581,
23585,
23589,
23591,
23599,
23606,
23609,
23611,
23613,
23621,
23627,
23633,
23635,
23637,
23641,
23645,
23647,
23649,
23652,
23654,
23656,
23658,
23660,
23662,
23664,
23666,
23671,
23673,
23677,
23683,
23689,
23691,
23693,
23695,
23702,
23704,
30170,
30172,
30173,
30190,
30208,
30233,
30235,
30240,
30250,
30251,
30259,
30260,
30264,
30265,
30269,
30275,
30276,
30277,
30279,
30280,
30282,
30294,
30295,
8540,
8541,
8543,
8544,
8547,
8549,
8553,
8581,
8588,
8589,
8590,
8593,
8594,
8595,
8597,
8598,
8599,
8600,
8601,
8602,
8604,
8605,
8606,
8607,
8609,
8610,
8623,
8624,
8625,
8626,
8627,
8628,
8629,
8630,
8631,
8632,
8635,
8636,
8639,
8641,
8644,
8646,
8650,
8659,
8660,
8662,
8663,
8664,
8665,
8667,
8669,
8673,
8674,
8692,
8728,
8729,
8732,
8733,
8736,
8738,
8739,
8745,
8746,
8747,
8749,
8751,
8752,
8753,
8754,
8755,
8756,
8757,
8758,
8759,
8760,
8761,
8762,
8765,
8767,
8769,
8771,
8772,
7648,
7649,
7652,
7655,
7656,
7687,
9093,
9094,
9097,
9192,
9247,
9323,
9327,
9388,
22799,
22803,
22804,
22805,
22807,
22812,
22813,
22814,
22816,
22817,
22818,
22819,
22820,
22822,
22823,
22825,
22826,
22835,
22836,
22838,
22867,
22869,
22876,
22878,
22880,
22914,
22932,
