id,is_current,provision_text,current_version_id,version_count,text_hash,text_hash_current
34927,True,"(b) as amended or replaced from time to time by maps declared by environmental planning instruments to amend or replace the map, and approved by the Minister when the instruments are made. (2) Two or more named maps may be combined into a single map and a reference in this Chapter to the named map is a reference to the relevant part or aspect of the single map. (3) The maps adopted by this Chapter are to be kept in electronic form and made available for public access in accordance with arrangements approved by the Minister.",71820,2,,eae73a3f61aeab9c5dc923b532f479db6f809c5510568bb4d1d235795cad7b86
35436,True,ks; Eco-tourist facilities; Floating boat platforms; Houseboats; Intertidal dredging; Manufactured home estates; Mooring pens; Private landing facilities; Private swimming enclosures; Reclamation works; Residential accommodation; Short-term rental accommodation; Slipways; Swimming pools; Tourist and visitor accommodation; Tourist facilities; Water-based restaurants and entertainment facilities; Waterfront access stairs,72958,2,,aa18820362b897ca5dd5ab8f7f6f3a51ac5901a52c6e31fb829ad415c20f538b
42118,True,1) This section applies to a development application (an existing application ) if the applicatio,73152,2,,afd1009df337c6059de570ded7a76ce280fd1ef08ad4cac2da69675cd1834d67
42131,True,"NorBE Guideline has the same meaning as in State Environmental Planning Policy (Biodiversity and Conservation) 2021, Part 6.5.",71912,2,,946fa73800f8a91d4798e238b24f8924db19dd10d2624a9ea9375efc0e94f609
43677,True,2.47 Excavation—corridors and transmission circuits,,1,,
43683,True,2.48 Determination of development applications—other development,,1,,
43685,True,"(a) the penetration of ground within 2 m of an underground electricity power line or an electricity distribution pole or within 10 m of any part of an electricity tower,",,1,,
44073,True,2.102 Major development within Interim Metro Corridor,,1,,
44209,True,2.122A Traffic-generating development—exemption for Accelerated TOD Precincts,,1,,
44557,True,e) no more than 250m 2 of native vegetation is remo,73164,2,,a2e2ef1f83ebceb324360d62a13ecac73b184dc8f0cd776f5a39242a8de128f3
45825,True,"The building height of a building (whether a new building, or an existing building asa result of an addition or alteration) must not exceed 15 m from ground level (mean).",,1,,
45830,True,(1) A new building must be located at least 5 m from any side or rear property boundary with land in a residential or conservation zone or at least 1m from any side or rear property boundary with land in any other zone.,,1,,
45832,True,"(a) if the existing setback is less than 5 m from a side or rear boundary— result in any decrease in the existing set back of the building from that boundary, or   
(b) if the existing setback is 5 m or more from a side or rear boundary—result in the building being located less than 5 m from any side or rear property boundary with land in a residential or conservation zone or less than 1m from any side or rear property boundary with land in any other zone.",,1,,
46345,True,"<table><tr><td>• Stormwater drainage or run-of must be via connection to existing stormwater</td><td>• Must be no part of structure within 500mm of any side or rear boundary.</td></tr><tr><td></td><td>system.</td></tr><tr><td>Decks (unroofed and attached to a building that is • Surface area must not exceed 10m2. not located on bush fire prone land)</td><td></td></tr><tr><td></td><td>• Finished surface level must not be more than 1m above ground level (existing).</td></tr><tr><td></td><td>• Boundary setbacks for existing building to be maintained.</td></tr><tr><td>heritage item or within a heritage conservation area</td><td>Demolition of building or trctures that are not a·Must be caied out in accordance withA 61201, Demolition f tctes.</td></tr><tr><td></td><td>• Must not cover an area of more than 250m2.</td></tr><tr><td>Fences— erection of security fences</td><td>• Height must not exceed 3m above ground level (existing).</td></tr><tr><td>by theSwimming Pools Act 1992)</td><td>Fences (other than securit feces or fences cvered ·Must be constructed so as not toprevent natral fwof stowater drainage or off.</td></tr><tr><td></td><td>• If in a residential zone, height of boundary fence must not exceed 1.8m above ground level (existing) if behind front building line and 1.2m if forward of that line.</td></tr><tr><td></td><td>• Must not include masonry construction to a height of more than 90mm above ground level (existing).</td></tr><tr><td>Fire fighting emergency equipment——construction or maintenance of emergency equipment including replacement or augmentation of fire systems and</td><td></td></tr><tr><td>fire water tanks Flagpoles</td><td>• Height must not exceed 6m above ground level (existing) or above an existing</td></tr><tr><td></td><td>building.</td></tr><tr><td></td><td>• Must not display commercial advertising.</td></tr><tr><td></td><td>• Flagpole structure and any atached flag must not project over public road.</td></tr><tr><td>Geotechnical investigations and other testing, surveying and sampling for the purposes of the</td><td>• Must not involve greater disturbance of the ground or vegetation than is necessary</td></tr><tr><td>design or assessment of proposed development or for the purposes of system development or</td><td>• Must not result in an increase in stormwater drainage or run-off from the site concerned.</td></tr><tr><td>determining the safety or condition of infrastructure Hoardings to restrict unauthorised entry to</td><td>• Must not encroach onto footpath or public thoroughfare.</td></tr><tr><td>construction sites—erection in conjunction with</td><td></td></tr><tr><td>erection or demolition of, or carrying out of alterations or additions to, a building or carrying out</td><td>• Must be removed immediately on completion of work if removal will not give ris to safety risk.</td></tr><tr><td>of maintenance or repairs (for which, in each case,</td><td></td></tr><tr><td></td><td></td></tr><tr><td></td><td></td></tr><tr><td>any required consent has been obtained)</td><td></td></tr></table>",,1,,
46346,True,"<table><tr><td>Skylight or roof windows</td><td>• Area of skylight must not exceed 2m2.</td></tr><tr><td></td><td>• Must not be located within 900mm of any property boundary or within 90mm of any wall separating attached dwellings.</td></tr><tr><td>alterations.</td><td>• Work must not reduce structural integrity of building or involve structural</td></tr><tr><td>Signs</td><td></td></tr><tr><td>Existing signsmaintenance, replacement or</td><td>• Must not involve a change in area, form or shape.</td></tr><tr><td>change in display if existing sign is exempt development under Chapter 3</td><td>• Distance between ground level (existing) and top edge of sign must not be more</td></tr><tr><td></td><td>than 6m.</td></tr><tr><td>Identification, directional, community information • Surface area must not exceed 8m2. or safety signs but not including roof-top signs or</td><td></td></tr><tr><td>use of road infrastructure (including signs associated</td><td>commercial advertisig or signs associated with the·Must be located wholly within roperty bounday or be aached o existig boundary fence and not projecting more than 100mm from fence.</td></tr><tr><td>with level crossings)</td><td>• Obtrusive effects of outdoor lighting must be controlled in accordance with AS</td></tr><tr><td></td><td>4282–1997, Control of the obtrusive effects of outdoor lighting.</td></tr><tr><td></td><td>• Distance between ground level (existing) and bottom edge of sign must not be more than 6m.</td></tr><tr><td></td><td>• Must not involve electronic signage or moving displays.</td></tr><tr><td></td><td>Identification direcional, cunit nfoation·Distance between ground level (existig) and boom ee of ig must not be ore</td></tr><tr><td>or safety signs associated with the use of road infrastructure</td><td>than 6m.</td></tr><tr><td></td><td>• Must not involve electronic signage or moving displays.</td></tr><tr><td>Temporary signs advertising an event and associated • Surface area must not exceed 8m2.</td><td></td></tr><tr><td>relevant details including sponsorship of the event</td><td>• Must be located wholly within property boundary.</td></tr><tr><td></td><td>• Must not be displayed earlier than 28 days before event and must be removed within 14 days after event.</td></tr><tr><td></td><td>• Obtrusive effects of outdoor lighting must be controlled in accordance with AS</td></tr><tr><td></td><td>4282–1997Control of the obtrusive effects of outdoor lighting.</td></tr><tr><td></td><td>• Distance between ground level (existing) and bottom edge of sign must not be more</td></tr><tr><td></td><td>than 6m.</td></tr></table>",,1,,
