id,action
31778,pending->superseded (proposal rejected)
31779,pending->superseded (proposal rejected)
31780,pending->superseded (proposal rejected)
31781,pending->superseded (proposal rejected)
31785,pending->superseded (proposal rejected)
31786,pending->superseded (proposal rejected)
31787,pending->superseded (proposal rejected)
31789,pending->superseded (proposal rejected)
31790,pending->superseded (proposal rejected)
31791,pending->superseded (proposal rejected)
31792,pending->superseded (proposal rejected)
31794,pending->superseded (proposal rejected)
31795,pending->superseded (proposal rejected)
31797,pending->superseded (proposal rejected)
31798,pending->superseded (proposal rejected)
31800,pending->superseded (proposal rejected)
31801,pending->superseded (proposal rejected)
31802,pending->superseded (proposal rejected)
31803,pending->superseded (proposal rejected)
31804,pending->superseded (proposal rejected)
31810,pending->superseded (proposal rejected)
31811,pending->superseded (proposal rejected)
31812,pending->superseded (proposal rejected)
31814,pending->superseded (proposal rejected)
31815,pending->superseded (proposal rejected)
31816,pending->superseded (proposal rejected)
31817,pending->superseded (proposal rejected)
31818,pending->superseded (proposal rejected)
31819,pending->superseded (proposal rejected)
31820,pending->superseded (proposal rejected)
31821,pending->superseded (proposal rejected)
31830,pending->superseded (proposal rejected)
31832,pending->superseded (proposal rejected)
31833,pending->superseded (proposal rejected)
31834,pending->superseded (proposal rejected)
31836,pending->superseded (proposal rejected)
31838,pending->superseded (proposal rejected)
31839,pending->superseded (proposal rejected)
31840,pending->superseded (proposal rejected)
31841,pending->superseded (proposal rejected)
31842,pending->superseded (proposal rejected)
31843,pending->superseded (proposal rejected)
31844,pending->superseded (proposal rejected)
31845,pending->superseded (proposal rejected)
31846,pending->superseded (proposal rejected)
31847,pending->superseded (proposal rejected)
31849,pending->superseded (proposal rejected)
31852,pending->superseded (proposal rejected)
31853,pending->superseded (proposal rejected)
31854,pending->superseded (proposal rejected)
31855,pending->superseded (proposal rejected)
31856,pending->superseded (proposal rejected)
31857,pending->superseded (proposal rejected)
31858,pending->superseded (proposal rejected)
31859,pending->superseded (proposal rejected)
31860,pending->superseded (proposal rejected)
31861,pending->superseded (proposal rejected)
31862,pending->superseded (proposal rejected)
31863,pending->superseded (proposal rejected)
31864,pending->superseded (proposal rejected)
31865,pending->superseded (proposal rejected)
31866,pending->superseded (proposal rejected)
31868,pending->superseded (proposal rejected)
31869,pending->superseded (proposal rejected)
31870,pending->superseded (proposal rejected)
31871,pending->superseded (proposal rejected)
31872,pending->superseded (proposal rejected)
31873,pending->superseded (proposal rejected)
31874,pending->superseded (proposal rejected)
31875,pending->superseded (proposal rejected)
31876,pending->superseded (proposal rejected)
31877,pending->superseded (proposal rejected)
31879,pending->superseded (proposal rejected)
31880,pending->superseded (proposal rejected)
31881,pending->superseded (proposal rejected)
31885,pending->superseded (proposal rejected)
31890,pending->superseded (proposal rejected)
31893,pending->superseded (proposal rejected)
31894,pending->superseded (proposal rejected)
31901,pending->superseded (proposal rejected)
31902,pending->superseded (proposal rejected)
31903,pending->superseded (proposal rejected)
31907,pending->superseded (proposal rejected)
31908,pending->superseded (proposal rejected)
31909,pending->superseded (proposal rejected)
31910,pending->superseded (proposal rejected)
31911,pending->superseded (proposal rejected)
31912,pending->superseded (proposal rejected)
31915,pending->superseded (proposal rejected)
31916,pending->superseded (proposal rejected)
31917,pending->superseded (proposal rejected)
31919,pending->superseded (proposal rejected)
31920,pending->superseded (proposal rejected)
31924,pending->superseded (proposal rejected)
31926,pending->superseded (proposal rejected)
31930,pending->superseded (proposal rejected)
31932,pending->superseded (proposal rejected)
31934,pending->superseded (proposal rejected)
31937,pending->superseded (proposal rejected)
31940,pending->superseded (proposal rejected)
31941,pending->superseded (proposal rejected)
31943,pending->superseded (proposal rejected)
31946,pending->superseded (proposal rejected)
31955,pending->superseded (proposal rejected)
31957,pending->superseded (proposal rejected)
31959,pending->superseded (proposal rejected)
31961,pending->superseded (proposal rejected)
31965,pending->superseded (proposal rejected)
31968,pending->superseded (proposal rejected)
31972,pending->superseded (proposal rejected)
31979,pending->superseded (proposal rejected)
31985,pending->superseded (proposal rejected)
31987,pending->superseded (proposal rejected)
31990,pending->superseded (proposal rejected)
31994,pending->superseded (proposal rejected)
31996,pending->superseded (proposal rejected)
32009,pending->superseded (proposal rejected)
32010,pending->superseded (proposal rejected)
32011,pending->superseded (proposal rejected)
32019,pending->superseded (proposal rejected)
32021,pending->superseded (proposal rejected)
32022,pending->superseded (proposal rejected)
32024,pending->superseded (proposal rejected)
32029,pending->superseded (proposal rejected)
32039,pending->superseded (proposal rejected)
32047,pending->superseded (proposal rejected)
32052,pending->superseded (proposal rejected)
32067,pending->superseded (proposal rejected)
32068,pending->superseded (proposal rejected)
32070,pending->superseded (proposal rejected)
32073,pending->superseded (proposal rejected)
32074,pending->superseded (proposal rejected)
32075,pending->superseded (proposal rejected)
32076,pending->superseded (proposal rejected)
32077,pending->superseded (proposal rejected)
32081,pending->superseded (proposal rejected)
32082,pending->superseded (proposal rejected)
32084,pending->superseded (proposal rejected)
32088,pending->superseded (proposal rejected)
32093,pending->superseded (proposal rejected)
32096,pending->superseded (proposal rejected)
32101,pending->superseded (proposal rejected)
32105,pending->superseded (proposal rejected)
32114,pending->superseded (proposal rejected)
32118,pending->superseded (proposal rejected)
32122,pending->superseded (proposal rejected)
32124,pending->superseded (proposal rejected)
32127,pending->superseded (proposal rejected)
32129,pending->superseded (proposal rejected)
32130,pending->superseded (proposal rejected)
32131,pending->superseded (proposal rejected)
32132,pending->superseded (proposal rejected)
32133,pending->superseded (proposal rejected)
32136,pending->superseded (proposal rejected)
32137,pending->superseded (proposal rejected)
32138,pending->superseded (proposal rejected)
32139,pending->superseded (proposal rejected)
32140,pending->superseded (proposal rejected)
32141,pending->superseded (proposal rejected)
32142,pending->superseded (proposal rejected)
32143,pending->superseded (proposal rejected)
32144,pending->superseded (proposal rejected)
32145,pending->superseded (proposal rejected)
32146,pending->superseded (proposal rejected)
32147,pending->superseded (proposal rejected)
32148,pending->superseded (proposal rejected)
32149,pending->superseded (proposal rejected)
32150,pending->superseded (proposal rejected)
32151,pending->superseded (proposal rejected)
32152,pending->superseded (proposal rejected)
32153,pending->superseded (proposal rejected)
32155,pending->superseded (proposal rejected)
32157,pending->superseded (proposal rejected)
32161,pending->superseded (proposal rejected)
32162,pending->superseded (proposal rejected)
32164,pending->superseded (proposal rejected)
32165,pending->superseded (proposal rejected)
32166,pending->superseded (proposal rejected)
32167,pending->superseded (proposal rejected)
32168,pending->superseded (proposal rejected)
32169,pending->superseded (proposal rejected)
32173,pending->superseded (proposal rejected)
32177,pending->superseded (proposal rejected)
32178,pending->superseded (proposal rejected)
32182,pending->superseded (proposal rejected)
32183,pending->superseded (proposal rejected)
32186,pending->superseded (proposal rejected)
32189,pending->superseded (proposal rejected)
32195,pending->superseded (proposal rejected)
32200,pending->superseded (proposal rejected)
32202,pending->superseded (proposal rejected)
32206,pending->superseded (proposal rejected)
32207,pending->superseded (proposal rejected)
32208,pending->superseded (proposal rejected)
32210,pending->superseded (proposal rejected)
32211,pending->superseded (proposal rejected)
32215,pending->superseded (proposal rejected)
32217,pending->superseded (proposal rejected)
32220,pending->superseded (proposal rejected)
32223,pending->superseded (proposal rejected)
32225,pending->superseded (proposal rejected)
32227,pending->superseded (proposal rejected)
32229,pending->superseded (proposal rejected)
32233,pending->superseded (proposal rejected)
32235,pending->superseded (proposal rejected)
32242,pending->superseded (proposal rejected)
32246,pending->superseded (proposal rejected)
32249,pending->superseded (proposal rejected)
32250,pending->superseded (proposal rejected)
32262,pending->superseded (proposal rejected)
32264,pending->superseded (proposal rejected)
32265,pending->superseded (proposal rejected)
32266,pending->superseded (proposal rejected)
32267,pending->superseded (proposal rejected)
32268,pending->superseded (proposal rejected)
32269,pending->superseded (proposal rejected)
32270,pending->superseded (proposal rejected)
32271,pending->superseded (proposal rejected)
32272,pending->superseded (proposal rejected)
32282,pending->superseded (proposal rejected)
32286,pending->superseded (proposal rejected)
32288,pending->superseded (proposal rejected)
32290,pending->superseded (proposal rejected)
32291,pending->superseded (proposal rejected)
32293,pending->superseded (proposal rejected)
32294,pending->superseded (proposal rejected)
32295,pending->superseded (proposal rejected)
32302,pending->superseded (proposal rejected)
32310,pending->superseded (proposal rejected)
32312,pending->superseded (proposal rejected)
32323,pending->superseded (proposal rejected)
32324,pending->superseded (proposal rejected)
32325,pending->superseded (proposal rejected)
32329,pending->superseded (proposal rejected)
32331,pending->superseded (proposal rejected)
32334,pending->superseded (proposal rejected)
32349,pending->superseded (proposal rejected)
32353,pending->superseded (proposal rejected)
32354,pending->superseded (proposal rejected)
32355,pending->superseded (proposal rejected)
32356,pending->superseded (proposal rejected)
32357,pending->superseded (proposal rejected)
32358,pending->superseded (proposal rejected)
32359,pending->superseded (proposal rejected)
32360,pending->superseded (proposal rejected)
32361,pending->superseded (proposal rejected)
32362,pending->superseded (proposal rejected)
32363,pending->superseded (proposal rejected)
32364,pending->superseded (proposal rejected)
32365,pending->superseded (proposal rejected)
32366,pending->superseded (proposal rejected)
32367,pending->superseded (proposal rejected)
32368,pending->superseded (proposal rejected)
32369,pending->superseded (proposal rejected)
32370,pending->superseded (proposal rejected)
32371,pending->superseded (proposal rejected)
32372,pending->superseded (proposal rejected)
32373,pending->superseded (proposal rejected)
32374,pending->superseded (proposal rejected)
32402,pending->superseded (proposal rejected)
32403,pending->superseded (proposal rejected)
32405,pending->superseded (proposal rejected)
32406,pending->superseded (proposal rejected)
32410,pending->superseded (proposal rejected)
32411,pending->superseded (proposal rejected)
32412,pending->superseded (proposal rejected)
32413,pending->superseded (proposal rejected)
32418,pending->superseded (proposal rejected)
32425,pending->superseded (proposal rejected)
32433,pending->superseded (proposal rejected)
32434,pending->superseded (proposal rejected)
32436,pending->superseded (proposal rejected)
32438,pending->superseded (proposal rejected)
32464,pending->superseded (proposal rejected)
32466,pending->superseded (proposal rejected)
32471,pending->superseded (proposal rejected)
32475,pending->superseded (proposal rejected)
32476,pending->superseded (proposal rejected)
32477,pending->superseded (proposal rejected)
32478,pending->superseded (proposal rejected)
32479,pending->superseded (proposal rejected)
32480,pending->superseded (proposal rejected)
32481,pending->superseded (proposal rejected)
32482,pending->superseded (proposal rejected)
32483,pending->superseded (proposal rejected)
32484,pending->superseded (proposal rejected)
32485,pending->superseded (proposal rejected)
32486,pending->superseded (proposal rejected)
32487,pending->superseded (proposal rejected)
32488,pending->superseded (proposal rejected)
32489,pending->superseded (proposal rejected)
32490,pending->superseded (proposal rejected)
32491,pending->superseded (proposal rejected)
32492,pending->superseded (proposal rejected)
32493,pending->superseded (proposal rejected)
32494,pending->superseded (proposal rejected)
32495,pending->superseded (proposal rejected)
32496,pending->superseded (proposal rejected)
32497,pending->superseded (proposal rejected)
32498,pending->superseded (proposal rejected)
32499,pending->superseded (proposal rejected)
32500,pending->superseded (proposal rejected)
32501,pending->superseded (proposal rejected)
32502,pending->superseded (proposal rejected)
32503,pending->superseded (proposal rejected)
32504,pending->superseded (proposal rejected)
32505,pending->superseded (proposal rejected)
32506,pending->superseded (proposal rejected)
32507,pending->superseded (proposal rejected)
32508,pending->superseded (proposal rejected)
32509,pending->superseded (proposal rejected)
32510,pending->superseded (proposal rejected)
32511,pending->superseded (proposal rejected)
32512,pending->superseded (proposal rejected)
32513,pending->superseded (proposal rejected)
32514,pending->superseded (proposal rejected)
32515,pending->superseded (proposal rejected)
32516,pending->superseded (proposal rejected)
32517,pending->superseded (proposal rejected)
32518,pending->superseded (proposal rejected)
32519,pending->superseded (proposal rejected)
