id,sample_id,sample_seed,sample_method,address,lat,lng,lotidstring,lga_name,zone_code,lot_area_m2,tile_sha256,tile_width,tile_height,tile_licence,tile_zoom,tile_grid,tile_centre_x,tile_centre_y,status,labels,skip_reason,labelled_by,labelled_at,seconds_spent,created_at
7,gf-recall-001,42,"stratified: zone in R1,R2,R3, lot_area_m2 in [300.0,1200.0], lga in inner_west,canterbury_bankstown,ku_ring_gai,blacktown; ordered by md5(lotidstring || seed); equal quota per LGA",30/B1/DP3129,-33.8892681273814,151.165763625973,30/B1/DP3129,INNER WEST,R2,337.353021697479,caaff2793da04501f9d89f2570f0a17ec6831f5cfe26c5d6635c3b425a119af5,768,768,CC-BY 4.0 NSW Government — Six Maps LPI Imagery,20,3,964590,629314,labelled,"[{'bbox_pixel': [499, 147, 584, 265], 'structure_type': 'shed', 'is_main_dwelling': False}]",,lawrence,2026-08-09 18:48:49.056606+00:00,48,2026-08-09 07:20:28.884653+00:00
8,gf-recall-001,42,"stratified: zone in R1,R2,R3, lot_area_m2 in [300.0,1200.0], lga in inner_west,canterbury_bankstown,ku_ring_gai,blacktown; ordered by md5(lotidstring || seed); equal quota per LGA",19//DP20459,-33.9133607387652,151.138995663119,19//DP20459,INNER WEST,R2,780.698296605033,214cf1e70d5e41ca633bcfa45e431b287f8a9862a3ca3b5516a8bfe1221d9a2f,768,768,CC-BY 4.0 NSW Government — Six Maps LPI Imagery,20,3,964512,629398,labelled,"[{'bbox_pixel': [393, 206, 561, 386], 'structure_type': 'shed', 'is_main_dwelling': False}]",,lawrence,2026-08-09 18:53:22.161448+00:00,142,2026-08-09 07:20:28.884653+00:00
9,gf-recall-001,42,"stratified: zone in R1,R2,R3, lot_area_m2 in [300.0,1200.0], lga in inner_west,canterbury_bankstown,ku_ring_gai,blacktown; ordered by md5(lotidstring || seed); equal quota per LGA",55/A/DP1663,-33.8787994099206,151.155826920553,55/A/DP1663,INNER WEST,R1,342.342609988509,7d8b8d270adfae47586aa860ecee91f1e614283f8ffabb755c7b61129219bfcf,768,768,CC-BY 4.0 NSW Government — Six Maps LPI Imagery,20,3,964561,629277,labelled,"[{'bbox_pixel': [154, 142, 420, 195], 'structure_type': 'main_dwelling', 'is_main_dwelling': True}]",,lawrence,2026-08-09 18:53:39.518234+00:00,16,2026-08-09 07:20:28.884653+00:00
10,gf-recall-001,42,"stratified: zone in R1,R2,R3, lot_area_m2 in [300.0,1200.0], lga in inner_west,canterbury_bankstown,ku_ring_gai,blacktown; ordered by md5(lotidstring || seed); equal quota per LGA",47//DP660210,-33.9130145065245,151.148410633315,47//DP660210,INNER WEST,R2,342.004650375132,af881924751cab84109c85cb15509acec8ebb08a33d54350a31f47bfe79a1913,768,768,CC-BY 4.0 NSW Government — Six Maps LPI Imagery,20,3,964539,629397,labelled,"[{'bbox_pixel': [266, 247, 347, 464], 'structure_type': 'main_dwelling', 'is_main_dwelling': True}]",,lawrence,2026-08-09 18:54:14.936659+00:00,34,2026-08-09 07:20:28.884653+00:00
11,gf-recall-001,42,"stratified: zone in R1,R2,R3, lot_area_m2 in [300.0,1200.0], lga in inner_west,canterbury_bankstown,ku_ring_gai,blacktown; ordered by md5(lotidstring || seed); equal quota per LGA",17/A/DP979498,-33.8533986180113,151.179801894772,17/A/DP979498,INNER WEST,R1,330.059102497062,ed3f16e19225799199fef4a10114d49f1fe2f976110549c9b83dc2daa386d90c,768,768,CC-BY 4.0 NSW Government — Six Maps LPI Imagery,20,3,964631,629188,labelled,"[{'bbox_pixel': [280, 498, 388, 609], 'structure_type': 'main_dwelling', 'is_main_dwelling': True}]",,lawrence,2026-08-09 18:54:28.683378+00:00,13,2026-08-09 07:20:28.884653+00:00
12,gf-recall-001,42,"stratified: zone in R1,R2,R3, lot_area_m2 in [300.0,1200.0], lga in inner_west,canterbury_bankstown,ku_ring_gai,blacktown; ordered by md5(lotidstring || seed); equal quota per LGA",1//DP304516,-33.8908878000023,151.164809813901,1//DP304516,INNER WEST,R2,334.805684232147,c45ee633936efbef1523cc0f418d57c8278fc7b9c6a38fb064b5ccaab8a72eec,768,768,CC-BY 4.0 NSW Government — Six Maps LPI Imagery,20,3,964587,629319,labelled,"[{'point_pixel': [443, 317], 'structure_type': 'main_dwelling', 'is_main_dwelling': True}, {'point_pixel': [441, 379], 'structure_type': 'main_dwelling', 'is_main_dwelling': True}, {'point_pixel': [403, 418], 'structure_type': 'main_dwelling', 'is_main_dwelling': True}, {'point_pixel': [341, 478], 'structure_type': 'main_dwelling', 'is_main_dwelling': True}, {'point_pixel': [331, 577], 'structure_type': 'main_dwelling', 'is_main_dwelling': True}, {'point_pixel': [364, 662], 'structure_type': 'main_dwelling', 'is_main_dwelling': True}, {'point_pixel': [298, 730], 'structure_type': 'main_dwelling', 'is_main_dwelling': True}]",,lawrence,2026-08-09 21:34:30.919733+00:00,846,2026-08-09 07:20:28.884653+00:00
13,gf-recall-001,42,"stratified: zone in R1,R2,R3, lot_area_m2 in [300.0,1200.0], lga in inner_west,canterbury_bankstown,ku_ring_gai,blacktown; ordered by md5(lotidstring || seed); equal quota per LGA",//SP22177,-33.8778791145375,151.128229877216,//SP22177,INNER WEST,R2,1106.76033692525,0476a1f00f05db5870a9c3fb76f73652117a754e216794e55b039cb9dac4ebe6,768,768,CC-BY 4.0 NSW Government — Six Maps LPI Imagery,20,3,964480,629274,labelled,"[{'point_pixel': [468, 309], 'structure_type': 'main_dwelling', 'is_main_dwelling': True}, {'point_pixel': [693, 235], 'structure_type': 'main_dwelling', 'is_main_dwelling': True}, {'point_pixel': [46, 196], 'structure_type': 'main_dwelling', 'is_main_dwelling': True}, {'point_pixel': [162, 400], 'structure_type': 'main_dwelling', 'is_main_dwelling': True}, {'point_pixel': [278, 573], 'structure_type': 'main_dwelling', 'is_main_dwelling': True}]",,lawrence,2026-08-09 21:34:49.053787+00:00,18,2026-08-09 07:20:28.884653+00:00
14,gf-recall-001,42,"stratified: zone in R1,R2,R3, lot_area_m2 in [300.0,1200.0], lga in inner_west,canterbury_bankstown,ku_ring_gai,blacktown; ordered by md5(lotidstring || seed); equal quota per LGA",51//DP136,-33.8976209785152,151.172779295103,51//DP136,INNER WEST,R2,513.518601368655,fcf3b570a4cdf1d83c0bc861366958da0d14f1bf3bebbea5f6bc745ff742ff90,768,768,CC-BY 4.0 NSW Government — Six Maps LPI Imagery,20,3,964610,629343,labelled,"[{'point_pixel': [117, 689], 'structure_type': 'main_dwelling', 'is_main_dwelling': True}, {'point_pixel': [202, 686], 'structure_type': 'main_dwelling', 'is_main_dwelling': True}, {'point_pixel': [255, 687], 'structure_type': 'main_dwelling', 'is_main_dwelling': True}, {'point_pixel': [327, 673], 'structure_type': 'main_dwelling', 'is_main_dwelling': True}, {'point_pixel': [376, 667], 'structure_type': 'main_dwelling', 'is_main_dwelling': True}, {'point_pixel': [474, 663], 'structure_type': 'main_dwelling', 'is_main_dwelling': True}, {'point_pixel': [336, 365], 'structure_type': 'main_dwelling', 'is_main_dwelling': True}, {'point_pixel': [717, 177], 'structure_type': 'main_dwelling', 'is_main_dwelling': True}, {'point_pixel': [164, 384], 'structure_type': 'main_dwelling', 'is_main_dwelling': True}, {'point_pixel': [245, 321], 'structure_type': 'main_dwelling', 'is_main_dwelling': True}, {'point_pixel': [55, 485], 'structure_type': 'main_dwelling', 'is_main_dwelling': True}, {'point_pixel': [571, 552], 'structure_type': 'main_dwelling', 'is_main_dwelling': True}]",,lawrence,2026-08-09 21:35:32.811324+00:00,43,2026-08-09 07:20:28.884653+00:00
15,gf-recall-001,42,"stratified: zone in R1,R2,R3, lot_area_m2 in [300.0,1200.0], lga in inner_west,canterbury_bankstown,ku_ring_gai,blacktown; ordered by md5(lotidstring || seed); equal quota per LGA",6//DP1280,-33.9034249286864,151.147927906672,6//DP1280,INNER WEST,R2,673.979360546482,b8225c2358d6a79a5a6128f34b19f59a7d95ebdb8fe1a483de4ab676de318e89,768,768,CC-BY 4.0 NSW Government — Six Maps LPI Imagery,20,3,964538,629363,labelled,"[{'point_pixel': [438, 353], 'structure_type': 'secondary_dwelling', 'is_main_dwelling': False}, {'point_pixel': [241, 337], 'structure_type': 'pool', 'is_main_dwelling': False}]",,lawrence,2026-08-09 21:36:13.690870+00:00,40,2026-08-09 07:20:28.884653+00:00
16,gf-recall-001,42,"stratified: zone in R1,R2,R3, lot_area_m2 in [300.0,1200.0], lga in inner_west,canterbury_bankstown,ku_ring_gai,blacktown; ordered by md5(lotidstring || seed); equal quota per LGA",13//DP2318,-33.9096999910578,151.14888105535,13//DP2318,INNER WEST,R2,569.213479755527,f9f575e0adc53b9bba1a1fc9606536e3a1c08b4bc4ff12dcf95fd028ccb2c717,768,768,CC-BY 4.0 NSW Government — Six Maps LPI Imagery,20,3,964541,629385,labelled,"[{'point_pixel': [125, 98], 'structure_type': 'main_dwelling', 'is_main_dwelling': True}, {'point_pixel': [186, 194], 'structure_type': 'main_dwelling', 'is_main_dwelling': True}, {'point_pixel': [240, 267], 'structure_type': 'main_dwelling', 'is_main_dwelling': True}, {'point_pixel': [260, 358], 'structure_type': 'main_dwelling', 'is_main_dwelling': True}, {'point_pixel': [297, 430], 'structure_type': 'main_dwelling', 'is_main_dwelling': True}, {'point_pixel': [501, 82], 'structure_type': 'main_dwelling', 'is_main_dwelling': True}, {'point_pixel': [522, 170], 'structure_type': 'main_dwelling', 'is_main_dwelling': True}, {'point_pixel': [726, 196], 'structure_type': 'shed', 'is_main_dwelling': False}, {'point_pixel': [28, 183], 'structure_type': 'shed', 'is_main_dwelling': False}]",,lawrence,2026-08-09 21:36:58.680928+00:00,44,2026-08-09 07:20:28.884653+00:00
17,gf-recall-001,42,"stratified: zone in R1,R2,R3, lot_area_m2 in [300.0,1200.0], lga in inner_west,canterbury_bankstown,ku_ring_gai,blacktown; ordered by md5(lotidstring || seed); equal quota per LGA",4/2/DP529,-33.9012956416416,151.124626759296,4/2/DP529,INNER WEST,R2,755.005481432028,e7d6a3cc04d67a2421456e59ac1312c2d0221d36d87a8322c869601926106a06,768,768,CC-BY 4.0 NSW Government — Six Maps LPI Imagery,20,3,964470,629356,labelled,"[{'point_pixel': [380, 721], 'structure_type': 'pool', 'is_main_dwelling': False}, {'point_pixel': [449, 614], 'structure_type': 'shed', 'is_main_dwelling': False}, {'point_pixel': [493, 382], 'structure_type': 'secondary_dwelling', 'is_main_dwelling': False}, {'point_pixel': [226, 486], 'structure_type': 'main_dwelling', 'is_main_dwelling': True}, {'point_pixel': [247, 383], 'structure_type': 'main_dwelling', 'is_main_dwelling': True}, {'point_pixel': [221, 572], 'structure_type': 'main_dwelling', 'is_main_dwelling': True}, {'point_pixel': [255, 314], 'structure_type': 'main_dwelling', 'is_main_dwelling': True}, {'point_pixel': [160, 645], 'structure_type': 'main_dwelling', 'is_main_dwelling': True}]",,lawrence,2026-08-09 21:37:43.163233+00:00,44,2026-08-09 07:20:28.884653+00:00
18,gf-recall-001,42,"stratified: zone in R1,R2,R3, lot_area_m2 in [300.0,1200.0], lga in inner_west,canterbury_bankstown,ku_ring_gai,blacktown; ordered by md5(lotidstring || seed); equal quota per LGA",20/H/DP1474,-33.8703056748621,151.164597892953,20/H/DP1474,INNER WEST,R1,323.00367791589,1b314ee295ebcb0f6616b44be1a0fb7d5d82a5c70040826601df4bf58d659b1f,768,768,CC-BY 4.0 NSW Government — Six Maps LPI Imagery,20,3,964586,629247,labelled,"[{'point_pixel': [277, 317], 'structure_type': 'garage_carport', 'is_main_dwelling': False}, {'point_pixel': [452, 110], 'structure_type': 'main_dwelling', 'is_main_dwelling': True}, {'point_pixel': [380, 117], 'structure_type': 'main_dwelling', 'is_main_dwelling': True}, {'point_pixel': [311, 173], 'structure_type': 'main_dwelling', 'is_main_dwelling': True}, {'point_pixel': [247, 196], 'structure_type': 'main_dwelling', 'is_main_dwelling': True}]",,lawrence,2026-08-09 23:56:51.216774+00:00,93,2026-08-09 07:20:28.884653+00:00
19,gf-recall-001,42,"stratified: zone in R1,R2,R3, lot_area_m2 in [300.0,1200.0], lga in inner_west,canterbury_bankstown,ku_ring_gai,blacktown; ordered by md5(lotidstring || seed); equal quota per LGA",1//DP301527,-33.9005825025157,151.141708614646,1//DP301527,INNER WEST,R2,427.730035039882,98c29b9bb52f1758c58156b96a16e85bce5037503dc9c978448d410785e06aa5,768,768,CC-BY 4.0 NSW Government — Six Maps LPI Imagery,20,3,964520,629353,labelled,"[{'point_pixel': [541, 557], 'structure_type': 'main_dwelling', 'is_main_dwelling': True}, {'point_pixel': [319, 423], 'structure_type': 'main_dwelling', 'is_main_dwelling': True}, {'point_pixel': [600, 421], 'structure_type': 'main_dwelling', 'is_main_dwelling': True}, {'point_pixel': [369, 655], 'structure_type': 'other', 'is_main_dwelling': False}, {'point_pixel': [312, 752], 'structure_type': 'other', 'is_main_dwelling': False}, {'point_pixel': [176, 753], 'structure_type': 'other', 'is_main_dwelling': False}, {'point_pixel': [664, 647], 'structure_type': 'other', 'is_main_dwelling': False}]",,lawrence,2026-08-09 23:58:02.520624+00:00,70,2026-08-09 07:20:28.884653+00:00
20,gf-recall-001,42,"stratified: zone in R1,R2,R3, lot_area_m2 in [300.0,1200.0], lga in inner_west,canterbury_bankstown,ku_ring_gai,blacktown; ordered by md5(lotidstring || seed); equal quota per LGA",1//DP504634,-33.9141128463902,151.173506957548,1//DP504634,INNER WEST,R2,302.847642424864,75c24d20968dd7bf86e6068bacb9501706079883fac88db5a1e4ef00bcec4c4c,768,768,CC-BY 4.0 NSW Government — Six Maps LPI Imagery,20,3,964612,629401,labelled,"[{'point_pixel': [393, 134], 'structure_type': 'shed', 'is_main_dwelling': False}, {'point_pixel': [167, 697], 'structure_type': 'shed', 'is_main_dwelling': False}, {'point_pixel': [141, 647], 'structure_type': 'shed', 'is_main_dwelling': False}, {'point_pixel': [724, 343], 'structure_type': 'shed', 'is_main_dwelling': False}, {'point_pixel': [267, 160], 'structure_type': 'main_dwelling', 'is_main_dwelling': True}, {'point_pixel': [300, 238], 'structure_type': 'main_dwelling', 'is_main_dwelling': True}, {'point_pixel': [373, 308], 'structure_type': 'main_dwelling', 'is_main_dwelling': True}, {'point_pixel': [400, 401], 'structure_type': 'main_dwelling', 'is_main_dwelling': True}, {'point_pixel': [474, 473], 'structure_type': 'main_dwelling', 'is_main_dwelling': True}, {'point_pixel': [586, 522], 'structure_type': 'main_dwelling', 'is_main_dwelling': True}, {'point_pixel': [648, 248], 'structure_type': 'main_dwelling', 'is_main_dwelling': True}, {'point_pixel': [187, 413], 'structure_type': 'main_dwelling', 'is_main_dwelling': True}, {'point_pixel': [88, 286], 'structure_type': 'main_dwelling', 'is_main_dwelling': True}]",,lawrence,2026-08-09 23:59:49.723474+00:00,106,2026-08-09 07:20:28.884653+00:00
21,gf-recall-001,42,"stratified: zone in R1,R2,R3, lot_area_m2 in [300.0,1200.0], lga in inner_west,canterbury_bankstown,ku_ring_gai,blacktown; ordered by md5(lotidstring || seed); equal quota per LGA",1//DP913058,-33.8854421911947,151.139577505414,1//DP913058,INNER WEST,R2,947.088285784517,d2300cf416e8241e94d9799337b67b628acc49bb4378ca8ee86da1808bf6c1b2,768,768,CC-BY 4.0 NSW Government — Six Maps LPI Imagery,20,3,964513,629300,labelled,"[{'point_pixel': [204, 460], 'structure_type': 'shed', 'is_main_dwelling': False}, {'point_pixel': [269, 490], 'structure_type': 'shed', 'is_main_dwelling': False}, {'point_pixel': [324, 624], 'structure_type': 'shed', 'is_main_dwelling': False}, {'point_pixel': [595, 641], 'structure_type': 'shed', 'is_main_dwelling': False}, {'point_pixel': [453, 686], 'structure_type': 'secondary_dwelling', 'is_main_dwelling': False}, {'point_pixel': [130, 483], 'structure_type': 'secondary_dwelling', 'is_main_dwelling': False}, {'point_pixel': [21, 417], 'structure_type': 'secondary_dwelling', 'is_main_dwelling': False}, {'point_pixel': [438, 568], 'structure_type': 'pool', 'is_main_dwelling': False}, {'point_pixel': [533, 605], 'structure_type': 'pool', 'is_main_dwelling': False}]",,lawrence,2026-08-10 00:00:41.603035+00:00,51,2026-08-09 07:20:28.884653+00:00
22,gf-recall-001,42,"stratified: zone in R1,R2,R3, lot_area_m2 in [300.0,1200.0], lga in inner_west,canterbury_bankstown,ku_ring_gai,blacktown; ordered by md5(lotidstring || seed); equal quota per LGA",8/J/DP876,-33.9010870480377,151.101007967659,8/J/DP876,CANTERBURY-BANKSTOWN,R3,669.162783402267,7db397c25cc656802f7041029968e086a72a6d063bb9712edd8e8a2369dfcf97,768,768,CC-BY 4.0 NSW Government — Six Maps LPI Imagery,20,3,964401,629355,labelled,"[{'point_pixel': [174, 218], 'structure_type': 'pool', 'is_main_dwelling': False}, {'point_pixel': [137, 526], 'structure_type': 'pool', 'is_main_dwelling': False}, {'point_pixel': [422, 191], 'structure_type': 'shed', 'is_main_dwelling': False}, {'point_pixel': [298, 336], 'structure_type': 'shed', 'is_main_dwelling': False}, {'point_pixel': [343, 338], 'structure_type': 'shed', 'is_main_dwelling': False}, {'point_pixel': [266, 370], 'structure_type': 'shed', 'is_main_dwelling': False}, {'point_pixel': [281, 488], 'structure_type': 'shed', 'is_main_dwelling': False}, {'point_pixel': [227, 725], 'structure_type': 'shed', 'is_main_dwelling': False}, {'point_pixel': [235, 616], 'structure_type': 'shed', 'is_main_dwelling': False}, {'point_pixel': [152, 592], 'structure_type': 'shed', 'is_main_dwelling': False}]",,lawrence,2026-08-10 00:01:31.352535+00:00,44,2026-08-09 07:20:28.884653+00:00
23,gf-recall-001,42,"stratified: zone in R1,R2,R3, lot_area_m2 in [300.0,1200.0], lga in inner_west,canterbury_bankstown,ku_ring_gai,blacktown; ordered by md5(lotidstring || seed); equal quota per LGA",35//DP12677,-33.8982462290989,151.121299860311,35//DP12677,CANTERBURY-BANKSTOWN,R2,615.683516334365,4eb586eee095497e9fb49e3c772a495eb5acc31e30229aa7be58b1b57e598b7b,768,768,CC-BY 4.0 NSW Government — Six Maps LPI Imagery,20,3,964460,629345,labelled,"[{'point_pixel': [417, 722], 'structure_type': 'pool', 'is_main_dwelling': False}, {'point_pixel': [566, 516], 'structure_type': 'shed', 'is_main_dwelling': False}, {'point_pixel': [534, 636], 'structure_type': 'shed', 'is_main_dwelling': False}, {'point_pixel': [596, 361], 'structure_type': 'other', 'is_main_dwelling': False}, {'point_pixel': [493, 665], 'structure_type': 'other', 'is_main_dwelling': False}, {'point_pixel': [162, 736], 'structure_type': 'other', 'is_main_dwelling': False}, {'point_pixel': [416, 319], 'structure_type': 'main_dwelling', 'is_main_dwelling': True}, {'point_pixel': [376, 413], 'structure_type': 'main_dwelling', 'is_main_dwelling': True}, {'point_pixel': [344, 474], 'structure_type': 'main_dwelling', 'is_main_dwelling': True}, {'point_pixel': [322, 540], 'structure_type': 'main_dwelling', 'is_main_dwelling': True}, {'point_pixel': [275, 618], 'structure_type': 'main_dwelling', 'is_main_dwelling': True}, {'point_pixel': [254, 708], 'structure_type': 'main_dwelling', 'is_main_dwelling': True}]",,lawrence,2026-08-10 00:03:05.515674+00:00,94,2026-08-09 07:20:28.884653+00:00
24,gf-recall-001,42,"stratified: zone in R1,R2,R3, lot_area_m2 in [300.0,1200.0], lga in inner_west,canterbury_bankstown,ku_ring_gai,blacktown; ordered by md5(lotidstring || seed); equal quota per LGA",2//DP20193,-33.9413248213926,151.071650566168,2//DP20193,CANTERBURY-BANKSTOWN,R3,937.642663414776,,768,768,CC-BY 4.0 NSW Government — Six Maps LPI Imagery,20,3,964316,629496,labelled,[],,lawrence,2026-08-10 00:03:16.131798+00:00,10,2026-08-09 07:20:28.884653+00:00
25,gf-recall-001,42,"stratified: zone in R1,R2,R3, lot_area_m2 in [300.0,1200.0], lga in inner_west,canterbury_bankstown,ku_ring_gai,blacktown; ordered by md5(lotidstring || seed); equal quota per LGA",14/A/DP876,-33.8981074143009,151.100345709999,14/A/DP876,CANTERBURY-BANKSTOWN,R3,669.187423554622,677b9d7e140f86e28ae2abb6888d27a077a7ab2f7e2971a6443bec2449864acc,768,768,CC-BY 4.0 NSW Government — Six Maps LPI Imagery,20,3,964399,629345,labelled,"[{'point_pixel': [134, 227], 'structure_type': 'pool', 'is_main_dwelling': False}, {'point_pixel': [282, 175], 'structure_type': 'secondary_dwelling', 'is_main_dwelling': False}, {'point_pixel': [341, 230], 'structure_type': 'garage_carport', 'is_main_dwelling': False}, {'point_pixel': [353, 60], 'structure_type': 'secondary_dwelling', 'is_main_dwelling': False}, {'point_pixel': [137, 342], 'structure_type': 'shed', 'is_main_dwelling': False}, {'point_pixel': [198, 315], 'structure_type': 'secondary_dwelling', 'is_main_dwelling': False}, {'point_pixel': [428, 31], 'structure_type': 'shed', 'is_main_dwelling': False}, {'point_pixel': [591, 33], 'structure_type': 'shed', 'is_main_dwelling': False}, {'point_pixel': [563, 502], 'structure_type': 'garage_carport', 'is_main_dwelling': False}, {'point_pixel': [435, 206], 'structure_type': 'main_dwelling', 'is_main_dwelling': True}, {'point_pixel': [517, 304], 'structure_type': 'main_dwelling', 'is_main_dwelling': True}, {'point_pixel': [467, 385], 'structure_type': 'main_dwelling', 'is_main_dwelling': True}, {'point_pixel': [416, 440], 'structure_type': 'main_dwelling', 'is_main_dwelling': True}, {'point_pixel': [394, 307], 'structure_type': 'secondary_dwelling', 'is_main_dwelling': False}, {'point_pixel': [147, 496], 'structure_type': 'main_dwelling', 'is_main_dwelling': True}, {'point_pixel': [485, 542], 'structure_type': 'main_dwelling', 'is_main_dwelling': True}, {'point_pixel': [473, 639], 'structure_type': 'main_dwelling', 'is_main_dwelling': True}]",,lawrence,2026-08-10 00:04:53.829990+00:00,97,2026-08-09 07:20:28.884653+00:00
26,gf-recall-001,42,"stratified: zone in R1,R2,R3, lot_area_m2 in [300.0,1200.0], lga in inner_west,canterbury_bankstown,ku_ring_gai,blacktown; ordered by md5(lotidstring || seed); equal quota per LGA",1//DP123988,-33.9258770980536,151.125558518979,1//DP123988,CANTERBURY-BANKSTOWN,R2,907.615065250443,2782056eecd435c1b5fc87e47275810b9a5d4b72e26820b53cf474d2324a7723,768,768,CC-BY 4.0 NSW Government — Six Maps LPI Imagery,20,3,964473,629442,labelled,"[{'point_pixel': [474, 236], 'structure_type': 'garage_carport', 'is_main_dwelling': False}, {'point_pixel': [282, 262], 'structure_type': 'main_dwelling', 'is_main_dwelling': True}, {'point_pixel': [296, 167], 'structure_type': 'main_dwelling', 'is_main_dwelling': True}, {'point_pixel': [296, 57], 'structure_type': 'main_dwelling', 'is_main_dwelling': True}, {'point_pixel': [463, 71], 'structure_type': 'main_dwelling', 'is_main_dwelling': True}, {'point_pixel': [590, 171], 'structure_type': 'main_dwelling', 'is_main_dwelling': True}, {'point_pixel': [688, 158], 'structure_type': 'main_dwelling', 'is_main_dwelling': True}, {'point_pixel': [482, 206], 'structure_type': 'shed', 'is_main_dwelling': False}]",,lawrence,2026-08-10 00:06:31.205445+00:00,97,2026-08-09 07:20:28.884653+00:00
27,gf-recall-001,42,"stratified: zone in R1,R2,R3, lot_area_m2 in [300.0,1200.0], lga in inner_west,canterbury_bankstown,ku_ring_gai,blacktown; ordered by md5(lotidstring || seed); equal quota per LGA",96//DP13324,-33.9310709082856,151.078930302621,96//DP13324,CANTERBURY-BANKSTOWN,R3,713.712491593855,29b21ce7564691e091a14d492a253f3ad3974877c49745b7c1235bfd10657a0d,768,768,CC-BY 4.0 NSW Government — Six Maps LPI Imagery,20,3,964337,629460,labelled,"[{'point_pixel': [35, 358], 'structure_type': 'shed', 'is_main_dwelling': False}, {'point_pixel': [262, 466], 'structure_type': 'shed', 'is_main_dwelling': False}, {'point_pixel': [157, 517], 'structure_type': 'shed', 'is_main_dwelling': False}, {'point_pixel': [149, 587], 'structure_type': 'shed', 'is_main_dwelling': False}, {'point_pixel': [138, 465], 'structure_type': 'shed', 'is_main_dwelling': False}, {'point_pixel': [76, 323], 'structure_type': 'shed', 'is_main_dwelling': False}, {'point_pixel': [135, 720], 'structure_type': 'shed', 'is_main_dwelling': False}, {'point_pixel': [236, 180], 'structure_type': 'main_dwelling', 'is_main_dwelling': True}, {'point_pixel': [290, 273], 'structure_type': 'main_dwelling', 'is_main_dwelling': True}, {'point_pixel': [326, 354], 'structure_type': 'main_dwelling', 'is_main_dwelling': True}, {'point_pixel': [371, 450], 'structure_type': 'main_dwelling', 'is_main_dwelling': True}, {'point_pixel': [397, 556], 'structure_type': 'main_dwelling', 'is_main_dwelling': True}, {'point_pixel': [446, 646], 'structure_type': 'main_dwelling', 'is_main_dwelling': True}, {'point_pixel': [677, 221], 'structure_type': 'main_dwelling', 'is_main_dwelling': True}, {'point_pixel': [722, 305], 'structure_type': 'main_dwelling', 'is_main_dwelling': True}, {'point_pixel': [514, 719], 'structure_type': 'main_dwelling', 'is_main_dwelling': True}]",,lawrence,2026-08-10 00:13:10.657990+00:00,399,2026-08-09 07:20:28.884653+00:00
28,gf-recall-001,42,"stratified: zone in R1,R2,R3, lot_area_m2 in [300.0,1200.0], lga in inner_west,canterbury_bankstown,ku_ring_gai,blacktown; ordered by md5(lotidstring || seed); equal quota per LGA",16/9/DP11234,-33.9246884443665,151.050073402023,16/9/DP11234,CANTERBURY-BANKSTOWN,R2,1014.98384302956,c244fffc676eb95079b55aaf2eaa2a08b6ff6a1584df43ce745bf0bed2c986b9,768,768,CC-BY 4.0 NSW Government — Six Maps LPI Imagery,20,3,964253,629438,labelled,"[{'point_pixel': [390, 741], 'structure_type': 'pool', 'is_main_dwelling': False}, {'point_pixel': [222, 634], 'structure_type': 'pool', 'is_main_dwelling': False}, {'point_pixel': [528, 646], 'structure_type': 'pool', 'is_main_dwelling': False}, {'point_pixel': [325, 476], 'structure_type': 'shed', 'is_main_dwelling': False}, {'point_pixel': [356, 452], 'structure_type': 'other', 'is_main_dwelling': False}, {'point_pixel': [503, 411], 'structure_type': 'other', 'is_main_dwelling': False}, {'point_pixel': [64, 318], 'structure_type': 'secondary_dwelling', 'is_main_dwelling': False}, {'point_pixel': [154, 509], 'structure_type': 'secondary_dwelling', 'is_main_dwelling': False}, {'point_pixel': [190, 371], 'structure_type': 'garage_carport', 'is_main_dwelling': False}, {'point_pixel': [232, 409], 'structure_type': 'garage_carport', 'is_main_dwelling': False}, {'point_pixel': [146, 423], 'structure_type': 'secondary_dwelling', 'is_main_dwelling': False}, {'point_pixel': [222, 490], 'structure_type': 'secondary_dwelling', 'is_main_dwelling': False}, {'point_pixel': [262, 605], 'structure_type': 'secondary_dwelling', 'is_main_dwelling': False}, {'point_pixel': [394, 646], 'structure_type': 'secondary_dwelling', 'is_main_dwelling': False}, {'point_pixel': [476, 722], 'structure_type': 'secondary_dwelling', 'is_main_dwelling': False}]",,lawrence,2026-08-10 00:14:33.194330+00:00,82,2026-08-09 07:20:28.884653+00:00
