id,ref_number,action,reason
116685,Woollahra_DCP_2015__chapter_c1_paddington_hca__C1_1_6,is_current true->false,older-vintage Paddington duplicate (Amdt-7) of chapter_a1_introduction (Amdt-13)
116686,Woollahra_DCP_2015__chapter_c1_paddington_hca__C1_2_2,is_current true->false,older-vintage Paddington duplicate (Amdt-7) of chapter_a1_introduction (Amdt-13)
116687,Woollahra_DCP_2015__chapter_c1_paddington_hca__C1_2_5,is_current true->false,older-vintage Paddington duplicate (Amdt-7) of chapter_a1_introduction (Amdt-13)
116688,Woollahra_DCP_2015__chapter_c1_paddington_hca__C1_3,is_current true->false,older-vintage Paddington duplicate (Amdt-7) of chapter_a1_introduction (Amdt-13)
116689,Woollahra_DCP_2015__chapter_c1_paddington_hca__C1_3_1,is_current true->false,older-vintage Paddington duplicate (Amdt-7) of chapter_a1_introduction (Amdt-13)
116690,Woollahra_DCP_2015__chapter_c1_paddington_hca__C1_3_2,is_current true->false,older-vintage Paddington duplicate (Amdt-7) of chapter_a1_introduction (Amdt-13)
116691,Woollahra_DCP_2015__chapter_c1_paddington_hca__C1_5_8,is_current true->false,older-vintage Paddington duplicate (Amdt-7) of chapter_a1_introduction (Amdt-13)
116692,Woollahra_DCP_2015__chapter_c1_paddington_hca__C1_6,is_current true->false,older-vintage Paddington duplicate (Amdt-7) of chapter_a1_introduction (Amdt-13)
116693,Woollahra_DCP_2015__chapter_c1_paddington_hca__C1_1_1,is_current true->false,older-vintage Paddington duplicate (Amdt-7) of chapter_a1_introduction (Amdt-13)
116694,Woollahra_DCP_2015__chapter_c1_paddington_hca__C1_1_4 O1,is_current true->false,older-vintage Paddington duplicate (Amdt-7) of chapter_a1_introduction (Amdt-13)
116695,Woollahra_DCP_2015__chapter_c1_paddington_hca__C1_1_4 O2,is_current true->false,older-vintage Paddington duplicate (Amdt-7) of chapter_a1_introduction (Amdt-13)
116696,Woollahra_DCP_2015__chapter_c1_paddington_hca__C1_1_4 O3,is_current true->false,older-vintage Paddington duplicate (Amdt-7) of chapter_a1_introduction (Amdt-13)
116697,Woollahra_DCP_2015__chapter_c1_paddington_hca__C1_1_4 O4,is_current true->false,older-vintage Paddington duplicate (Amdt-7) of chapter_a1_introduction (Amdt-13)
116698,Woollahra_DCP_2015__chapter_c1_paddington_hca__C1_1_4 O5,is_current true->false,older-vintage Paddington duplicate (Amdt-7) of chapter_a1_introduction (Amdt-13)
116699,Woollahra_DCP_2015__chapter_c1_paddington_hca__C1_1_4 O6,is_current true->false,older-vintage Paddington duplicate (Amdt-7) of chapter_a1_introduction (Amdt-13)
116700,Woollahra_DCP_2015__chapter_c1_paddington_hca__C1_1_4 O7,is_current true->false,older-vintage Paddington duplicate (Amdt-7) of chapter_a1_introduction (Amdt-13)
116701,Woollahra_DCP_2015__chapter_c1_paddington_hca__C1_2_1,is_current true->false,older-vintage Paddington duplicate (Amdt-7) of chapter_a1_introduction (Amdt-13)
116702,Woollahra_DCP_2015__chapter_c1_paddington_hca__C1_2_3,is_current true->false,older-vintage Paddington duplicate (Amdt-7) of chapter_a1_introduction (Amdt-13)
116703,Woollahra_DCP_2015__chapter_c1_paddington_hca__C1_2_4 O1,is_current true->false,older-vintage Paddington duplicate (Amdt-7) of chapter_a1_introduction (Amdt-13)
116704,Woollahra_DCP_2015__chapter_c1_paddington_hca__C1_2_4 O2,is_current true->false,older-vintage Paddington duplicate (Amdt-7) of chapter_a1_introduction (Amdt-13)
116705,Woollahra_DCP_2015__chapter_c1_paddington_hca__C1_2_4 O3,is_current true->false,older-vintage Paddington duplicate (Amdt-7) of chapter_a1_introduction (Amdt-13)
116706,Woollahra_DCP_2015__chapter_c1_paddington_hca__C1_2_4 O4,is_current true->false,older-vintage Paddington duplicate (Amdt-7) of chapter_a1_introduction (Amdt-13)
116707,Woollahra_DCP_2015__chapter_c1_paddington_hca__C1_2_4 O5,is_current true->false,older-vintage Paddington duplicate (Amdt-7) of chapter_a1_introduction (Amdt-13)
116708,Woollahra_DCP_2015__chapter_c1_paddington_hca__C1_2_4 O6,is_current true->false,older-vintage Paddington duplicate (Amdt-7) of chapter_a1_introduction (Amdt-13)
116709,Woollahra_DCP_2015__chapter_c1_paddington_hca__C1_2_4 O7,is_current true->false,older-vintage Paddington duplicate (Amdt-7) of chapter_a1_introduction (Amdt-13)
116710,Woollahra_DCP_2015__chapter_c1_paddington_hca__C1_2_4 O8,is_current true->false,older-vintage Paddington duplicate (Amdt-7) of chapter_a1_introduction (Amdt-13)
116711,Woollahra_DCP_2015__chapter_c1_paddington_hca__C1_2_4 O9,is_current true->false,older-vintage Paddington duplicate (Amdt-7) of chapter_a1_introduction (Amdt-13)
116712,Woollahra_DCP_2015__chapter_c1_paddington_hca__C1_2_4 O10,is_current true->false,older-vintage Paddington duplicate (Amdt-7) of chapter_a1_introduction (Amdt-13)
116713,Woollahra_DCP_2015__chapter_c1_paddington_hca__C1_2_4 O11,is_current true->false,older-vintage Paddington duplicate (Amdt-7) of chapter_a1_introduction (Amdt-13)
116714,Woollahra_DCP_2015__chapter_c1_paddington_hca__C1_3_1 O1,is_current true->false,older-vintage Paddington duplicate (Amdt-7) of chapter_a1_introduction (Amdt-13)
116715,Woollahra_DCP_2015__chapter_c1_paddington_hca__C1_3_1 O2,is_current true->false,older-vintage Paddington duplicate (Amdt-7) of chapter_a1_introduction (Amdt-13)
116716,Woollahra_DCP_2015__chapter_c1_paddington_hca__C1_3_1 C1,is_current true->false,older-vintage Paddington duplicate (Amdt-7) of chapter_a1_introduction (Amdt-13)
116717,Woollahra_DCP_2015__chapter_c1_paddington_hca__C1_3_1 C2,is_current true->false,older-vintage Paddington duplicate (Amdt-7) of chapter_a1_introduction (Amdt-13)
116718,Woollahra_DCP_2015__chapter_c1_paddington_hca__C1_3_1 C3,is_current true->false,older-vintage Paddington duplicate (Amdt-7) of chapter_a1_introduction (Amdt-13)
116719,Woollahra_DCP_2015__chapter_c1_paddington_hca__C1_3_1 C4,is_current true->false,older-vintage Paddington duplicate (Amdt-7) of chapter_a1_introduction (Amdt-13)
116720,Woollahra_DCP_2015__chapter_c1_paddington_hca__C1_3_1 C5,is_current true->false,older-vintage Paddington duplicate (Amdt-7) of chapter_a1_introduction (Amdt-13)
116721,Woollahra_DCP_2015__chapter_c1_paddington_hca__C1_3_1 C6,is_current true->false,older-vintage Paddington duplicate (Amdt-7) of chapter_a1_introduction (Amdt-13)
116722,Woollahra_DCP_2015__chapter_c1_paddington_hca__C1_3_1 C7,is_current true->false,older-vintage Paddington duplicate (Amdt-7) of chapter_a1_introduction (Amdt-13)
116723,Woollahra_DCP_2015__chapter_c1_paddington_hca__C1_3_1 C8,is_current true->false,older-vintage Paddington duplicate (Amdt-7) of chapter_a1_introduction (Amdt-13)
116724,Woollahra_DCP_2015__chapter_c1_paddington_hca__C1_3_1 C9,is_current true->false,older-vintage Paddington duplicate (Amdt-7) of chapter_a1_introduction (Amdt-13)
116725,Woollahra_DCP_2015__chapter_c1_paddington_hca__C1_3_1 C10,is_current true->false,older-vintage Paddington duplicate (Amdt-7) of chapter_a1_introduction (Amdt-13)
116726,Woollahra_DCP_2015__chapter_c1_paddington_hca__C1_3_1 C11,is_current true->false,older-vintage Paddington duplicate (Amdt-7) of chapter_a1_introduction (Amdt-13)
116727,Woollahra_DCP_2015__chapter_c1_paddington_hca__C1_3_1 C12,is_current true->false,older-vintage Paddington duplicate (Amdt-7) of chapter_a1_introduction (Amdt-13)
116728,Woollahra_DCP_2015__chapter_c1_paddington_hca__C1_3_1 C13,is_current true->false,older-vintage Paddington duplicate (Amdt-7) of chapter_a1_introduction (Amdt-13)
116729,Woollahra_DCP_2015__chapter_c1_paddington_hca__C1_3_1 C14,is_current true->false,older-vintage Paddington duplicate (Amdt-7) of chapter_a1_introduction (Amdt-13)
116730,Woollahra_DCP_2015__chapter_c1_paddington_hca__C1_3_1 C15,is_current true->false,older-vintage Paddington duplicate (Amdt-7) of chapter_a1_introduction (Amdt-13)
116731,Woollahra_DCP_2015__chapter_c1_paddington_hca__C1_3_2 O1,is_current true->false,older-vintage Paddington duplicate (Amdt-7) of chapter_a1_introduction (Amdt-13)
116732,Woollahra_DCP_2015__chapter_c1_paddington_hca__C1_3_2 O2,is_current true->false,older-vintage Paddington duplicate (Amdt-7) of chapter_a1_introduction (Amdt-13)
116733,Woollahra_DCP_2015__chapter_c1_paddington_hca__C1_3_2 O3,is_current true->false,older-vintage Paddington duplicate (Amdt-7) of chapter_a1_introduction (Amdt-13)
116734,Woollahra_DCP_2015__chapter_c1_paddington_hca__C1_3_2 O4,is_current true->false,older-vintage Paddington duplicate (Amdt-7) of chapter_a1_introduction (Amdt-13)
116735,Woollahra_DCP_2015__chapter_c1_paddington_hca__C1_3_2 O5,is_current true->false,older-vintage Paddington duplicate (Amdt-7) of chapter_a1_introduction (Amdt-13)
116736,Woollahra_DCP_2015__chapter_c1_paddington_hca__C1_3_2 C1,is_current true->false,older-vintage Paddington duplicate (Amdt-7) of chapter_a1_introduction (Amdt-13)
116737,Woollahra_DCP_2015__chapter_c1_paddington_hca__C1_3_2 C2,is_current true->false,older-vintage Paddington duplicate (Amdt-7) of chapter_a1_introduction (Amdt-13)
116738,Woollahra_DCP_2015__chapter_c1_paddington_hca__C1_3_2 C3,is_current true->false,older-vintage Paddington duplicate (Amdt-7) of chapter_a1_introduction (Amdt-13)
116739,Woollahra_DCP_2015__chapter_c1_paddington_hca__C1_3_2 C4,is_current true->false,older-vintage Paddington duplicate (Amdt-7) of chapter_a1_introduction (Amdt-13)
116740,Woollahra_DCP_2015__chapter_c1_paddington_hca__C1_3_2 C5,is_current true->false,older-vintage Paddington duplicate (Amdt-7) of chapter_a1_introduction (Amdt-13)
116741,Woollahra_DCP_2015__chapter_c1_paddington_hca__C1_3_2 C6,is_current true->false,older-vintage Paddington duplicate (Amdt-7) of chapter_a1_introduction (Amdt-13)
116742,Woollahra_DCP_2015__chapter_c1_paddington_hca__C1_3_2 C7,is_current true->false,older-vintage Paddington duplicate (Amdt-7) of chapter_a1_introduction (Amdt-13)
116743,Woollahra_DCP_2015__chapter_c1_paddington_hca__C1_3_3 Corner buildings,is_current true->false,older-vintage Paddington duplicate (Amdt-7) of chapter_a1_introduction (Amdt-13)
116744,Woollahra_DCP_2015__chapter_c1_paddington_hca__C1_3_3 Corner terrace houses,is_current true->false,older-vintage Paddington duplicate (Amdt-7) of chapter_a1_introduction (Amdt-13)
116745,Woollahra_DCP_2015__chapter_c1_paddington_hca__C1_3_3 Corner terrace houses O1,is_current true->false,older-vintage Paddington duplicate (Amdt-7) of chapter_a1_introduction (Amdt-13)
116746,Woollahra_DCP_2015__chapter_c1_paddington_hca__C1_3_3 Corner terrace houses O2,is_current true->false,older-vintage Paddington duplicate (Amdt-7) of chapter_a1_introduction (Amdt-13)
116747,Woollahra_DCP_2015__chapter_c1_paddington_hca__C1_3_3 Corner terrace houses O3,is_current true->false,older-vintage Paddington duplicate (Amdt-7) of chapter_a1_introduction (Amdt-13)
116748,Woollahra_DCP_2015__chapter_c1_paddington_hca__C1_3_3 Corner terrace houses C1,is_current true->false,older-vintage Paddington duplicate (Amdt-7) of chapter_a1_introduction (Amdt-13)
116749,Woollahra_DCP_2015__chapter_c1_paddington_hca__C1_3_3 Corner shops and corner commercial buildings,is_current true->false,older-vintage Paddington duplicate (Amdt-7) of chapter_a1_introduction (Amdt-13)
116750,Woollahra_DCP_2015__chapter_c1_paddington_hca__C1_3_3 Corner shops and corner commercial buildings O1,is_current true->false,older-vintage Paddington duplicate (Amdt-7) of chapter_a1_introduction (Amdt-13)
116751,Woollahra_DCP_2015__chapter_c1_paddington_hca__C1_3_3 Corner shops and corner commercial buildings O2,is_current true->false,older-vintage Paddington duplicate (Amdt-7) of chapter_a1_introduction (Amdt-13)
116752,Woollahra_DCP_2015__chapter_c1_paddington_hca__C1_3_3 Corner shops and corner commercial buildings O3,is_current true->false,older-vintage Paddington duplicate (Amdt-7) of chapter_a1_introduction (Amdt-13)
116753,Woollahra_DCP_2015__chapter_c1_paddington_hca__C1_3_3 Corner shops and corner commercial buildings C1,is_current true->false,older-vintage Paddington duplicate (Amdt-7) of chapter_a1_introduction (Amdt-13)
116754,Woollahra_DCP_2015__chapter_c1_paddington_hca__C1_3_3 Corner shops and corner commercial buildings C2,is_current true->false,older-vintage Paddington duplicate (Amdt-7) of chapter_a1_introduction (Amdt-13)
116755,Woollahra_DCP_2015__chapter_c1_paddington_hca__C1_3_3 Corner shops and corner commercial buildings C3,is_current true->false,older-vintage Paddington duplicate (Amdt-7) of chapter_a1_introduction (Amdt-13)
116756,Woollahra_DCP_2015__chapter_c1_paddington_hca__C1_3_4 O1,is_current true->false,older-vintage Paddington duplicate (Amdt-7) of chapter_a1_introduction (Amdt-13)
116757,Woollahra_DCP_2015__chapter_c1_paddington_hca__C1_3_4 O2,is_current true->false,older-vintage Paddington duplicate (Amdt-7) of chapter_a1_introduction (Amdt-13)
116758,Woollahra_DCP_2015__chapter_c1_paddington_hca__C1_3_4 O3,is_current true->false,older-vintage Paddington duplicate (Amdt-7) of chapter_a1_introduction (Amdt-13)
116759,Woollahra_DCP_2015__chapter_c1_paddington_hca__C1_3_4 O4,is_current true->false,older-vintage Paddington duplicate (Amdt-7) of chapter_a1_introduction (Amdt-13)
116760,Woollahra_DCP_2015__chapter_c1_paddington_hca__C1_3_4 O5,is_current true->false,older-vintage Paddington duplicate (Amdt-7) of chapter_a1_introduction (Amdt-13)
116761,Woollahra_DCP_2015__chapter_c1_paddington_hca__C1_3_4 C1,is_current true->false,older-vintage Paddington duplicate (Amdt-7) of chapter_a1_introduction (Amdt-13)
116762,Woollahra_DCP_2015__chapter_c1_paddington_hca__C1_3_5 O1,is_current true->false,older-vintage Paddington duplicate (Amdt-7) of chapter_a1_introduction (Amdt-13)
116763,Woollahra_DCP_2015__chapter_c1_paddington_hca__C1_3_5 O2,is_current true->false,older-vintage Paddington duplicate (Amdt-7) of chapter_a1_introduction (Amdt-13)
116764,Woollahra_DCP_2015__chapter_c1_paddington_hca__C1_3_5 C1,is_current true->false,older-vintage Paddington duplicate (Amdt-7) of chapter_a1_introduction (Amdt-13)
116765,Woollahra_DCP_2015__chapter_c1_paddington_hca__C1_3_6 O1,is_current true->false,older-vintage Paddington duplicate (Amdt-7) of chapter_a1_introduction (Amdt-13)
116766,Woollahra_DCP_2015__chapter_c1_paddington_hca__C1_3_6 O2,is_current true->false,older-vintage Paddington duplicate (Amdt-7) of chapter_a1_introduction (Amdt-13)
116767,Woollahra_DCP_2015__chapter_c1_paddington_hca__C1_3_6 O3,is_current true->false,older-vintage Paddington duplicate (Amdt-7) of chapter_a1_introduction (Amdt-13)
116768,Woollahra_DCP_2015__chapter_c1_paddington_hca__C1_3_6 C1,is_current true->false,older-vintage Paddington duplicate (Amdt-7) of chapter_a1_introduction (Amdt-13)
116769,Woollahra_DCP_2015__chapter_c1_paddington_hca__C1_3_6 C2,is_current true->false,older-vintage Paddington duplicate (Amdt-7) of chapter_a1_introduction (Amdt-13)
116770,Woollahra_DCP_2015__chapter_c1_paddington_hca__C1_3_6 C3,is_current true->false,older-vintage Paddington duplicate (Amdt-7) of chapter_a1_introduction (Amdt-13)
116771,Woollahra_DCP_2015__chapter_c1_paddington_hca__C1_3_6 C4,is_current true->false,older-vintage Paddington duplicate (Amdt-7) of chapter_a1_introduction (Amdt-13)
116772,Woollahra_DCP_2015__chapter_c1_paddington_hca__C1_3_6 C5,is_current true->false,older-vintage Paddington duplicate (Amdt-7) of chapter_a1_introduction (Amdt-13)
116773,Woollahra_DCP_2015__chapter_c1_paddington_hca__C1_3_6 C6,is_current true->false,older-vintage Paddington duplicate (Amdt-7) of chapter_a1_introduction (Amdt-13)
116774,Woollahra_DCP_2015__chapter_c1_paddington_hca__C1_3_6 C7,is_current true->false,older-vintage Paddington duplicate (Amdt-7) of chapter_a1_introduction (Amdt-13)
116775,Woollahra_DCP_2015__chapter_c1_paddington_hca__C1_3_6 C8,is_current true->false,older-vintage Paddington duplicate (Amdt-7) of chapter_a1_introduction (Amdt-13)
116776,Woollahra_DCP_2015__chapter_c1_paddington_hca__C1_3_6 C9,is_current true->false,older-vintage Paddington duplicate (Amdt-7) of chapter_a1_introduction (Amdt-13)
116777,Woollahra_DCP_2015__chapter_c1_paddington_hca__C1_3_6 C10,is_current true->false,older-vintage Paddington duplicate (Amdt-7) of chapter_a1_introduction (Amdt-13)
116778,Woollahra_DCP_2015__chapter_c1_paddington_hca__C1_3_6 C11,is_current true->false,older-vintage Paddington duplicate (Amdt-7) of chapter_a1_introduction (Amdt-13)
116779,Woollahra_DCP_2015__chapter_c1_paddington_hca__C1_3_6 C12,is_current true->false,older-vintage Paddington duplicate (Amdt-7) of chapter_a1_introduction (Amdt-13)
116780,Woollahra_DCP_2015__chapter_c1_paddington_hca__C1_3_6 C13,is_current true->false,older-vintage Paddington duplicate (Amdt-7) of chapter_a1_introduction (Amdt-13)
116781,Woollahra_DCP_2015__chapter_c1_paddington_hca__C1_3_6 C14,is_current true->false,older-vintage Paddington duplicate (Amdt-7) of chapter_a1_introduction (Amdt-13)
116782,Woollahra_DCP_2015__chapter_c1_paddington_hca__C1_3_6 C15,is_current true->false,older-vintage Paddington duplicate (Amdt-7) of chapter_a1_introduction (Amdt-13)
116783,Woollahra_DCP_2015__chapter_c1_paddington_hca__C1_3_6 C16,is_current true->false,older-vintage Paddington duplicate (Amdt-7) of chapter_a1_introduction (Amdt-13)
116784,Woollahra_DCP_2015__chapter_c1_paddington_hca__C1_3_6 C17,is_current true->false,older-vintage Paddington duplicate (Amdt-7) of chapter_a1_introduction (Amdt-13)
116785,Woollahra_DCP_2015__chapter_c1_paddington_hca__C1_3_6 C18,is_current true->false,older-vintage Paddington duplicate (Amdt-7) of chapter_a1_introduction (Amdt-13)
116786,Woollahra_DCP_2015__chapter_c1_paddington_hca__C1_3_7 O1,is_current true->false,older-vintage Paddington duplicate (Amdt-7) of chapter_a1_introduction (Amdt-13)
116787,Woollahra_DCP_2015__chapter_c1_paddington_hca__C1_3_7 O2,is_current true->false,older-vintage Paddington duplicate (Amdt-7) of chapter_a1_introduction (Amdt-13)
116788,Woollahra_DCP_2015__chapter_c1_paddington_hca__C1_3_7 O3,is_current true->false,older-vintage Paddington duplicate (Amdt-7) of chapter_a1_introduction (Amdt-13)
116789,Woollahra_DCP_2015__chapter_c1_paddington_hca__C1_3_7 O4,is_current true->false,older-vintage Paddington duplicate (Amdt-7) of chapter_a1_introduction (Amdt-13)
116790,Woollahra_DCP_2015__chapter_c1_paddington_hca__C1_3_7 O5,is_current true->false,older-vintage Paddington duplicate (Amdt-7) of chapter_a1_introduction (Amdt-13)
116791,Woollahra_DCP_2015__chapter_c1_paddington_hca__C1_3_7 O6,is_current true->false,older-vintage Paddington duplicate (Amdt-7) of chapter_a1_introduction (Amdt-13)
116792,Woollahra_DCP_2015__chapter_c1_paddington_hca__C1_3_7 O7,is_current true->false,older-vintage Paddington duplicate (Amdt-7) of chapter_a1_introduction (Amdt-13)
116793,Woollahra_DCP_2015__chapter_c1_paddington_hca__C1_3_7 C1,is_current true->false,older-vintage Paddington duplicate (Amdt-7) of chapter_a1_introduction (Amdt-13)
116794,Woollahra_DCP_2015__chapter_c1_paddington_hca__C1_3_7 C2,is_current true->false,older-vintage Paddington duplicate (Amdt-7) of chapter_a1_introduction (Amdt-13)
116795,Woollahra_DCP_2015__chapter_c1_paddington_hca__C1_3_7 C3,is_current true->false,older-vintage Paddington duplicate (Amdt-7) of chapter_a1_introduction (Amdt-13)
116796,Woollahra_DCP_2015__chapter_c1_paddington_hca__C1_3_7 C4,is_current true->false,older-vintage Paddington duplicate (Amdt-7) of chapter_a1_introduction (Amdt-13)
116797,Woollahra_DCP_2015__chapter_c1_paddington_hca__C1_3_7 C5,is_current true->false,older-vintage Paddington duplicate (Amdt-7) of chapter_a1_introduction (Amdt-13)
116798,Woollahra_DCP_2015__chapter_c1_paddington_hca__C1_3_7 C6,is_current true->false,older-vintage Paddington duplicate (Amdt-7) of chapter_a1_introduction (Amdt-13)
116799,Woollahra_DCP_2015__chapter_c1_paddington_hca__C1_3_7 C7,is_current true->false,older-vintage Paddington duplicate (Amdt-7) of chapter_a1_introduction (Amdt-13)
116800,Woollahra_DCP_2015__chapter_c1_paddington_hca__C1_3_7 C8,is_current true->false,older-vintage Paddington duplicate (Amdt-7) of chapter_a1_introduction (Amdt-13)
116801,Woollahra_DCP_2015__chapter_c1_paddington_hca__C1_3_7 C9,is_current true->false,older-vintage Paddington duplicate (Amdt-7) of chapter_a1_introduction (Amdt-13)
116802,Woollahra_DCP_2015__chapter_c1_paddington_hca__C1_3_7 C10,is_current true->false,older-vintage Paddington duplicate (Amdt-7) of chapter_a1_introduction (Amdt-13)
116803,Woollahra_DCP_2015__chapter_c1_paddington_hca__C1_3_7 C11,is_current true->false,older-vintage Paddington duplicate (Amdt-7) of chapter_a1_introduction (Amdt-13)
116804,Woollahra_DCP_2015__chapter_c1_paddington_hca__C1_3_8 O1,is_current true->false,older-vintage Paddington duplicate (Amdt-7) of chapter_a1_introduction (Amdt-13)
116805,Woollahra_DCP_2015__chapter_c1_paddington_hca__C1_3_8 O2,is_current true->false,older-vintage Paddington duplicate (Amdt-7) of chapter_a1_introduction (Amdt-13)
116806,Woollahra_DCP_2015__chapter_c1_paddington_hca__C1_3_8 O3,is_current true->false,older-vintage Paddington duplicate (Amdt-7) of chapter_a1_introduction (Amdt-13)
116807,Woollahra_DCP_2015__chapter_c1_paddington_hca__C1_3_8 O4,is_current true->false,older-vintage Paddington duplicate (Amdt-7) of chapter_a1_introduction (Amdt-13)
116808,Woollahra_DCP_2015__chapter_c1_paddington_hca__C1_3_8 C1,is_current true->false,older-vintage Paddington duplicate (Amdt-7) of chapter_a1_introduction (Amdt-13)
116809,Woollahra_DCP_2015__chapter_c1_paddington_hca__C1_3_8 C2,is_current true->false,older-vintage Paddington duplicate (Amdt-7) of chapter_a1_introduction (Amdt-13)
116810,Woollahra_DCP_2015__chapter_c1_paddington_hca__C1_3_8 C3,is_current true->false,older-vintage Paddington duplicate (Amdt-7) of chapter_a1_introduction (Amdt-13)
116811,Woollahra_DCP_2015__chapter_c1_paddington_hca__C1_3_8 C4,is_current true->false,older-vintage Paddington duplicate (Amdt-7) of chapter_a1_introduction (Amdt-13)
116812,Woollahra_DCP_2015__chapter_c1_paddington_hca__C1_3_8 C5,is_current true->false,older-vintage Paddington duplicate (Amdt-7) of chapter_a1_introduction (Amdt-13)
116813,Woollahra_DCP_2015__chapter_c1_paddington_hca__C1_3_8 C6,is_current true->false,older-vintage Paddington duplicate (Amdt-7) of chapter_a1_introduction (Amdt-13)
116814,Woollahra_DCP_2015__chapter_c1_paddington_hca__C1_3_8 C7,is_current true->false,older-vintage Paddington duplicate (Amdt-7) of chapter_a1_introduction (Amdt-13)
116815,Woollahra_DCP_2015__chapter_c1_paddington_hca__C1_3_8 C8,is_current true->false,older-vintage Paddington duplicate (Amdt-7) of chapter_a1_introduction (Amdt-13)
116816,Woollahra_DCP_2015__chapter_c1_paddington_hca__C1_3_8 C9,is_current true->false,older-vintage Paddington duplicate (Amdt-7) of chapter_a1_introduction (Amdt-13)
116817,Woollahra_DCP_2015__chapter_c1_paddington_hca__C1_3_8 C10,is_current true->false,older-vintage Paddington duplicate (Amdt-7) of chapter_a1_introduction (Amdt-13)
116818,Woollahra_DCP_2015__chapter_c1_paddington_hca__C1_3_8 C11,is_current true->false,older-vintage Paddington duplicate (Amdt-7) of chapter_a1_introduction (Amdt-13)
116819,Woollahra_DCP_2015__chapter_c1_paddington_hca__C1_3_8 C12,is_current true->false,older-vintage Paddington duplicate (Amdt-7) of chapter_a1_introduction (Amdt-13)
116820,Woollahra_DCP_2015__chapter_c1_paddington_hca__C1_3_8 C13,is_current true->false,older-vintage Paddington duplicate (Amdt-7) of chapter_a1_introduction (Amdt-13)
116821,Woollahra_DCP_2015__chapter_c1_paddington_hca__C1_3_8 C14,is_current true->false,older-vintage Paddington duplicate (Amdt-7) of chapter_a1_introduction (Amdt-13)
116822,Woollahra_DCP_2015__chapter_c1_paddington_hca__C1_3_8 O5,is_current true->false,older-vintage Paddington duplicate (Amdt-7) of chapter_a1_introduction (Amdt-13)
116823,Woollahra_DCP_2015__chapter_c1_paddington_hca__C1_3_8 O6,is_current true->false,older-vintage Paddington duplicate (Amdt-7) of chapter_a1_introduction (Amdt-13)
116824,Woollahra_DCP_2015__chapter_c1_paddington_hca__C1_3_8 O7,is_current true->false,older-vintage Paddington duplicate (Amdt-7) of chapter_a1_introduction (Amdt-13)
116825,Woollahra_DCP_2015__chapter_c1_paddington_hca__C1_3_8 O8,is_current true->false,older-vintage Paddington duplicate (Amdt-7) of chapter_a1_introduction (Amdt-13)
116826,Woollahra_DCP_2015__chapter_c1_paddington_hca__C1_3_8 O9,is_current true->false,older-vintage Paddington duplicate (Amdt-7) of chapter_a1_introduction (Amdt-13)
116827,Woollahra_DCP_2015__chapter_c1_paddington_hca__C1_3_8 O10,is_current true->false,older-vintage Paddington duplicate (Amdt-7) of chapter_a1_introduction (Amdt-13)
116828,Woollahra_DCP_2015__chapter_c1_paddington_hca__C1_3_8 O11,is_current true->false,older-vintage Paddington duplicate (Amdt-7) of chapter_a1_introduction (Amdt-13)
116829,Woollahra_DCP_2015__chapter_c1_paddington_hca__C1_3_8 O12,is_current true->false,older-vintage Paddington duplicate (Amdt-7) of chapter_a1_introduction (Amdt-13)
116830,Woollahra_DCP_2015__chapter_c1_paddington_hca__C1_3_8 O13,is_current true->false,older-vintage Paddington duplicate (Amdt-7) of chapter_a1_introduction (Amdt-13)
116831,Woollahra_DCP_2015__chapter_c1_paddington_hca__C1_3_8 O14,is_current true->false,older-vintage Paddington duplicate (Amdt-7) of chapter_a1_introduction (Amdt-13)
116832,Woollahra_DCP_2015__chapter_c1_paddington_hca__C1_3_8 C15,is_current true->false,older-vintage Paddington duplicate (Amdt-7) of chapter_a1_introduction (Amdt-13)
116833,Woollahra_DCP_2015__chapter_c1_paddington_hca__C1_3_8 C16,is_current true->false,older-vintage Paddington duplicate (Amdt-7) of chapter_a1_introduction (Amdt-13)
116834,Woollahra_DCP_2015__chapter_c1_paddington_hca__C1_3_8 C17,is_current true->false,older-vintage Paddington duplicate (Amdt-7) of chapter_a1_introduction (Amdt-13)
116835,Woollahra_DCP_2015__chapter_c1_paddington_hca__C1_3_8 C18,is_current true->false,older-vintage Paddington duplicate (Amdt-7) of chapter_a1_introduction (Amdt-13)
116836,Woollahra_DCP_2015__chapter_c1_paddington_hca__C1_3_8 C19,is_current true->false,older-vintage Paddington duplicate (Amdt-7) of chapter_a1_introduction (Amdt-13)
116837,Woollahra_DCP_2015__chapter_c1_paddington_hca__C1_3_8 C20,is_current true->false,older-vintage Paddington duplicate (Amdt-7) of chapter_a1_introduction (Amdt-13)
116838,Woollahra_DCP_2015__chapter_c1_paddington_hca__C1_3_8 C21,is_current true->false,older-vintage Paddington duplicate (Amdt-7) of chapter_a1_introduction (Amdt-13)
116839,Woollahra_DCP_2015__chapter_c1_paddington_hca__C1_3_8 C22,is_current true->false,older-vintage Paddington duplicate (Amdt-7) of chapter_a1_introduction (Amdt-13)
116840,Woollahra_DCP_2015__chapter_c1_paddington_hca__C1_3_8 C23,is_current true->false,older-vintage Paddington duplicate (Amdt-7) of chapter_a1_introduction (Amdt-13)
116841,Woollahra_DCP_2015__chapter_c1_paddington_hca__C1_3_9 O1,is_current true->false,older-vintage Paddington duplicate (Amdt-7) of chapter_a1_introduction (Amdt-13)
116842,Woollahra_DCP_2015__chapter_c1_paddington_hca__C1_3_9 O2,is_current true->false,older-vintage Paddington duplicate (Amdt-7) of chapter_a1_introduction (Amdt-13)
116843,Woollahra_DCP_2015__chapter_c1_paddington_hca__C1_3_9 O3,is_current true->false,older-vintage Paddington duplicate (Amdt-7) of chapter_a1_introduction (Amdt-13)
116844,Woollahra_DCP_2015__chapter_c1_paddington_hca__C1_3_9 O4,is_current true->false,older-vintage Paddington duplicate (Amdt-7) of chapter_a1_introduction (Amdt-13)
116845,Woollahra_DCP_2015__chapter_c1_paddington_hca__C1_3_9 C1,is_current true->false,older-vintage Paddington duplicate (Amdt-7) of chapter_a1_introduction (Amdt-13)
116846,Woollahra_DCP_2015__chapter_c1_paddington_hca__C1_3_9 C2,is_current true->false,older-vintage Paddington duplicate (Amdt-7) of chapter_a1_introduction (Amdt-13)
116847,Woollahra_DCP_2015__chapter_c1_paddington_hca__C1_3_9 C3,is_current true->false,older-vintage Paddington duplicate (Amdt-7) of chapter_a1_introduction (Amdt-13)
116848,Woollahra_DCP_2015__chapter_c1_paddington_hca__C1_3_9 C4,is_current true->false,older-vintage Paddington duplicate (Amdt-7) of chapter_a1_introduction (Amdt-13)
116849,Woollahra_DCP_2015__chapter_c1_paddington_hca__C1_3_9 C5,is_current true->false,older-vintage Paddington duplicate (Amdt-7) of chapter_a1_introduction (Amdt-13)
116850,Woollahra_DCP_2015__chapter_c1_paddington_hca__C1_3_9 C6,is_current true->false,older-vintage Paddington duplicate (Amdt-7) of chapter_a1_introduction (Amdt-13)
116851,Woollahra_DCP_2015__chapter_c1_paddington_hca__C1_3_9 C7,is_current true->false,older-vintage Paddington duplicate (Amdt-7) of chapter_a1_introduction (Amdt-13)
116852,Woollahra_DCP_2015__chapter_c1_paddington_hca__C1_3_9 C8,is_current true->false,older-vintage Paddington duplicate (Amdt-7) of chapter_a1_introduction (Amdt-13)
116853,Woollahra_DCP_2015__chapter_c1_paddington_hca__C1_3_9 C9,is_current true->false,older-vintage Paddington duplicate (Amdt-7) of chapter_a1_introduction (Amdt-13)
116854,Woollahra_DCP_2015__chapter_c1_paddington_hca__C1_3_9 C10,is_current true->false,older-vintage Paddington duplicate (Amdt-7) of chapter_a1_introduction (Amdt-13)
116855,Woollahra_DCP_2015__chapter_c1_paddington_hca__C1_3_9 C11,is_current true->false,older-vintage Paddington duplicate (Amdt-7) of chapter_a1_introduction (Amdt-13)
116856,Woollahra_DCP_2015__chapter_c1_paddington_hca__C1_3_10 O1,is_current true->false,older-vintage Paddington duplicate (Amdt-7) of chapter_a1_introduction (Amdt-13)
116857,Woollahra_DCP_2015__chapter_c1_paddington_hca__C1_3_10 C1,is_current true->false,older-vintage Paddington duplicate (Amdt-7) of chapter_a1_introduction (Amdt-13)
116858,Woollahra_DCP_2015__chapter_c1_paddington_hca__C1_3_10 C2,is_current true->false,older-vintage Paddington duplicate (Amdt-7) of chapter_a1_introduction (Amdt-13)
116859,Woollahra_DCP_2015__chapter_c1_paddington_hca__C1_3_10 C3,is_current true->false,older-vintage Paddington duplicate (Amdt-7) of chapter_a1_introduction (Amdt-13)
116860,Woollahra_DCP_2015__chapter_c1_paddington_hca__C1_3_11 O1,is_current true->false,older-vintage Paddington duplicate (Amdt-7) of chapter_a1_introduction (Amdt-13)
116861,Woollahra_DCP_2015__chapter_c1_paddington_hca__C1_3_11 O2,is_current true->false,older-vintage Paddington duplicate (Amdt-7) of chapter_a1_introduction (Amdt-13)
116862,Woollahra_DCP_2015__chapter_c1_paddington_hca__C1_3_11 C1,is_current true->false,older-vintage Paddington duplicate (Amdt-7) of chapter_a1_introduction (Amdt-13)
116863,Woollahra_DCP_2015__chapter_c1_paddington_hca__C1_3_11 C2,is_current true->false,older-vintage Paddington duplicate (Amdt-7) of chapter_a1_introduction (Amdt-13)
116864,Woollahra_DCP_2015__chapter_c1_paddington_hca__C1_3_12 O1,is_current true->false,older-vintage Paddington duplicate (Amdt-7) of chapter_a1_introduction (Amdt-13)
116865,Woollahra_DCP_2015__chapter_c1_paddington_hca__C1_3_12 O2,is_current true->false,older-vintage Paddington duplicate (Amdt-7) of chapter_a1_introduction (Amdt-13)
116866,Woollahra_DCP_2015__chapter_c1_paddington_hca__C1_3_12 C1,is_current true->false,older-vintage Paddington duplicate (Amdt-7) of chapter_a1_introduction (Amdt-13)
116867,Woollahra_DCP_2015__chapter_c1_paddington_hca__C1_3_12 C2,is_current true->false,older-vintage Paddington duplicate (Amdt-7) of chapter_a1_introduction (Amdt-13)
116868,Woollahra_DCP_2015__chapter_c1_paddington_hca__C1_3_13 O1,is_current true->false,older-vintage Paddington duplicate (Amdt-7) of chapter_a1_introduction (Amdt-13)
116869,Woollahra_DCP_2015__chapter_c1_paddington_hca__C1_3_13 O2,is_current true->false,older-vintage Paddington duplicate (Amdt-7) of chapter_a1_introduction (Amdt-13)
116870,Woollahra_DCP_2015__chapter_c1_paddington_hca__C1_3_13 O3,is_current true->false,older-vintage Paddington duplicate (Amdt-7) of chapter_a1_introduction (Amdt-13)
116871,Woollahra_DCP_2015__chapter_c1_paddington_hca__C1_3_13 O4,is_current true->false,older-vintage Paddington duplicate (Amdt-7) of chapter_a1_introduction (Amdt-13)
116872,Woollahra_DCP_2015__chapter_c1_paddington_hca__C1_3_13 C1,is_current true->false,older-vintage Paddington duplicate (Amdt-7) of chapter_a1_introduction (Amdt-13)
116873,Woollahra_DCP_2015__chapter_c1_paddington_hca__C1_3_13 C2,is_current true->false,older-vintage Paddington duplicate (Amdt-7) of chapter_a1_introduction (Amdt-13)
116874,Woollahra_DCP_2015__chapter_c1_paddington_hca__C1_3_13 C3,is_current true->false,older-vintage Paddington duplicate (Amdt-7) of chapter_a1_introduction (Amdt-13)
116875,Woollahra_DCP_2015__chapter_c1_paddington_hca__C1_3_13 C4,is_current true->false,older-vintage Paddington duplicate (Amdt-7) of chapter_a1_introduction (Amdt-13)
116876,Woollahra_DCP_2015__chapter_c1_paddington_hca__C1_3_13 C5,is_current true->false,older-vintage Paddington duplicate (Amdt-7) of chapter_a1_introduction (Amdt-13)
116877,Woollahra_DCP_2015__chapter_c1_paddington_hca__C1_3_13 C6,is_current true->false,older-vintage Paddington duplicate (Amdt-7) of chapter_a1_introduction (Amdt-13)
116878,Woollahra_DCP_2015__chapter_c1_paddington_hca__C1_3_13 C7,is_current true->false,older-vintage Paddington duplicate (Amdt-7) of chapter_a1_introduction (Amdt-13)
116879,Woollahra_DCP_2015__chapter_c1_paddington_hca__C1_3_13 C8,is_current true->false,older-vintage Paddington duplicate (Amdt-7) of chapter_a1_introduction (Amdt-13)
116880,Woollahra_DCP_2015__chapter_c1_paddington_hca__C1_3_13 C9,is_current true->false,older-vintage Paddington duplicate (Amdt-7) of chapter_a1_introduction (Amdt-13)
116881,Woollahra_DCP_2015__chapter_c1_paddington_hca__C1_3_13 C10,is_current true->false,older-vintage Paddington duplicate (Amdt-7) of chapter_a1_introduction (Amdt-13)
116882,Woollahra_DCP_2015__chapter_c1_paddington_hca__C1_3_13 C11,is_current true->false,older-vintage Paddington duplicate (Amdt-7) of chapter_a1_introduction (Amdt-13)
116883,Woollahra_DCP_2015__chapter_c1_paddington_hca__C1_3_13 C12,is_current true->false,older-vintage Paddington duplicate (Amdt-7) of chapter_a1_introduction (Amdt-13)
116884,Woollahra_DCP_2015__chapter_c1_paddington_hca__C1_3_13 C13,is_current true->false,older-vintage Paddington duplicate (Amdt-7) of chapter_a1_introduction (Amdt-13)
116885,Woollahra_DCP_2015__chapter_c1_paddington_hca__C1_3_13 C14,is_current true->false,older-vintage Paddington duplicate (Amdt-7) of chapter_a1_introduction (Amdt-13)
116886,Woollahra_DCP_2015__chapter_c1_paddington_hca__C1_3_13 C15,is_current true->false,older-vintage Paddington duplicate (Amdt-7) of chapter_a1_introduction (Amdt-13)
116887,Woollahra_DCP_2015__chapter_c1_paddington_hca__C1_3_14 O1,is_current true->false,older-vintage Paddington duplicate (Amdt-7) of chapter_a1_introduction (Amdt-13)
116888,Woollahra_DCP_2015__chapter_c1_paddington_hca__C1_3_14 O2,is_current true->false,older-vintage Paddington duplicate (Amdt-7) of chapter_a1_introduction (Amdt-13)
116889,Woollahra_DCP_2015__chapter_c1_paddington_hca__C1_3_14 C1,is_current true->false,older-vintage Paddington duplicate (Amdt-7) of chapter_a1_introduction (Amdt-13)
116890,Woollahra_DCP_2015__chapter_c1_paddington_hca__C1_3_14 C2,is_current true->false,older-vintage Paddington duplicate (Amdt-7) of chapter_a1_introduction (Amdt-13)
116891,Woollahra_DCP_2015__chapter_c1_paddington_hca__C1_3_14 C3,is_current true->false,older-vintage Paddington duplicate (Amdt-7) of chapter_a1_introduction (Amdt-13)
116892,Woollahra_DCP_2015__chapter_c1_paddington_hca__C1_4 O1,is_current true->false,older-vintage Paddington duplicate (Amdt-7) of chapter_a1_introduction (Amdt-13)
116893,Woollahra_DCP_2015__chapter_c1_paddington_hca__C1_4 C1,is_current true->false,older-vintage Paddington duplicate (Amdt-7) of chapter_a1_introduction (Amdt-13)
116894,Woollahra_DCP_2015__chapter_c1_paddington_hca__C1_4_1 O1,is_current true->false,older-vintage Paddington duplicate (Amdt-7) of chapter_a1_introduction (Amdt-13)
116895,Woollahra_DCP_2015__chapter_c1_paddington_hca__C1_4_1 O2,is_current true->false,older-vintage Paddington duplicate (Amdt-7) of chapter_a1_introduction (Amdt-13)
116896,Woollahra_DCP_2015__chapter_c1_paddington_hca__C1_4_1 O3,is_current true->false,older-vintage Paddington duplicate (Amdt-7) of chapter_a1_introduction (Amdt-13)
116897,Woollahra_DCP_2015__chapter_c1_paddington_hca__C1_4_1 O4,is_current true->false,older-vintage Paddington duplicate (Amdt-7) of chapter_a1_introduction (Amdt-13)
116898,Woollahra_DCP_2015__chapter_c1_paddington_hca__C1_4_1 O5,is_current true->false,older-vintage Paddington duplicate (Amdt-7) of chapter_a1_introduction (Amdt-13)
116899,Woollahra_DCP_2015__chapter_c1_paddington_hca__C1_4_1 O6,is_current true->false,older-vintage Paddington duplicate (Amdt-7) of chapter_a1_introduction (Amdt-13)
116900,Woollahra_DCP_2015__chapter_c1_paddington_hca__C1_4_1 O7,is_current true->false,older-vintage Paddington duplicate (Amdt-7) of chapter_a1_introduction (Amdt-13)
116901,Woollahra_DCP_2015__chapter_c1_paddington_hca__C1_4_1 O8,is_current true->false,older-vintage Paddington duplicate (Amdt-7) of chapter_a1_introduction (Amdt-13)
116902,Woollahra_DCP_2015__chapter_c1_paddington_hca__C1_4_1 O9,is_current true->false,older-vintage Paddington duplicate (Amdt-7) of chapter_a1_introduction (Amdt-13)
116903,Woollahra_DCP_2015__chapter_c1_paddington_hca__C1_4_1 O10,is_current true->false,older-vintage Paddington duplicate (Amdt-7) of chapter_a1_introduction (Amdt-13)
116904,Woollahra_DCP_2015__chapter_c1_paddington_hca__C1_4_1 O11,is_current true->false,older-vintage Paddington duplicate (Amdt-7) of chapter_a1_introduction (Amdt-13)
116905,Woollahra_DCP_2015__chapter_c1_paddington_hca__C1_4_1 O12,is_current true->false,older-vintage Paddington duplicate (Amdt-7) of chapter_a1_introduction (Amdt-13)
116906,Woollahra_DCP_2015__chapter_c1_paddington_hca__C1_4_1 O13,is_current true->false,older-vintage Paddington duplicate (Amdt-7) of chapter_a1_introduction (Amdt-13)
116907,Woollahra_DCP_2015__chapter_c1_paddington_hca__C1_4_1 C1,is_current true->false,older-vintage Paddington duplicate (Amdt-7) of chapter_a1_introduction (Amdt-13)
116908,Woollahra_DCP_2015__chapter_c1_paddington_hca__C1_4_1 C2,is_current true->false,older-vintage Paddington duplicate (Amdt-7) of chapter_a1_introduction (Amdt-13)
116909,Woollahra_DCP_2015__chapter_c1_paddington_hca__C1_4_1 C3,is_current true->false,older-vintage Paddington duplicate (Amdt-7) of chapter_a1_introduction (Amdt-13)
116910,Woollahra_DCP_2015__chapter_c1_paddington_hca__C1_4_1 C4,is_current true->false,older-vintage Paddington duplicate (Amdt-7) of chapter_a1_introduction (Amdt-13)
116911,Woollahra_DCP_2015__chapter_c1_paddington_hca__C1_4_1 C5,is_current true->false,older-vintage Paddington duplicate (Amdt-7) of chapter_a1_introduction (Amdt-13)
116912,Woollahra_DCP_2015__chapter_c1_paddington_hca__C1_4_1 C6,is_current true->false,older-vintage Paddington duplicate (Amdt-7) of chapter_a1_introduction (Amdt-13)
116913,Woollahra_DCP_2015__chapter_c1_paddington_hca__C1_4_1 C7,is_current true->false,older-vintage Paddington duplicate (Amdt-7) of chapter_a1_introduction (Amdt-13)
116914,Woollahra_DCP_2015__chapter_c1_paddington_hca__C1_4_1 C8,is_current true->false,older-vintage Paddington duplicate (Amdt-7) of chapter_a1_introduction (Amdt-13)
116915,Woollahra_DCP_2015__chapter_c1_paddington_hca__C1_4_1 C9,is_current true->false,older-vintage Paddington duplicate (Amdt-7) of chapter_a1_introduction (Amdt-13)
116916,Woollahra_DCP_2015__chapter_c1_paddington_hca__C1_4_1 C10,is_current true->false,older-vintage Paddington duplicate (Amdt-7) of chapter_a1_introduction (Amdt-13)
116917,Woollahra_DCP_2015__chapter_c1_paddington_hca__C1_4_1 C11,is_current true->false,older-vintage Paddington duplicate (Amdt-7) of chapter_a1_introduction (Amdt-13)
116918,Woollahra_DCP_2015__chapter_c1_paddington_hca__C1_4_1 C12,is_current true->false,older-vintage Paddington duplicate (Amdt-7) of chapter_a1_introduction (Amdt-13)
116919,Woollahra_DCP_2015__chapter_c1_paddington_hca__C1_4_1 C13,is_current true->false,older-vintage Paddington duplicate (Amdt-7) of chapter_a1_introduction (Amdt-13)
116920,Woollahra_DCP_2015__chapter_c1_paddington_hca__C1_4_1 C14,is_current true->false,older-vintage Paddington duplicate (Amdt-7) of chapter_a1_introduction (Amdt-13)
116921,Woollahra_DCP_2015__chapter_c1_paddington_hca__C1_4_1 C15,is_current true->false,older-vintage Paddington duplicate (Amdt-7) of chapter_a1_introduction (Amdt-13)
116922,Woollahra_DCP_2015__chapter_c1_paddington_hca__C1_4_2 O1,is_current true->false,older-vintage Paddington duplicate (Amdt-7) of chapter_a1_introduction (Amdt-13)
116923,Woollahra_DCP_2015__chapter_c1_paddington_hca__C1_4_2 O2,is_current true->false,older-vintage Paddington duplicate (Amdt-7) of chapter_a1_introduction (Amdt-13)
116924,Woollahra_DCP_2015__chapter_c1_paddington_hca__C1_4_2 C1,is_current true->false,older-vintage Paddington duplicate (Amdt-7) of chapter_a1_introduction (Amdt-13)
116925,Woollahra_DCP_2015__chapter_c1_paddington_hca__C1_4_2 C2,is_current true->false,older-vintage Paddington duplicate (Amdt-7) of chapter_a1_introduction (Amdt-13)
116926,Woollahra_DCP_2015__chapter_c1_paddington_hca__C1_4_2 C3,is_current true->false,older-vintage Paddington duplicate (Amdt-7) of chapter_a1_introduction (Amdt-13)
116927,Woollahra_DCP_2015__chapter_c1_paddington_hca__C1_4_2 C4,is_current true->false,older-vintage Paddington duplicate (Amdt-7) of chapter_a1_introduction (Amdt-13)
116928,Woollahra_DCP_2015__chapter_c1_paddington_hca__C1_4_2 C5,is_current true->false,older-vintage Paddington duplicate (Amdt-7) of chapter_a1_introduction (Amdt-13)
116929,Woollahra_DCP_2015__chapter_c1_paddington_hca__C1_4_2 C6,is_current true->false,older-vintage Paddington duplicate (Amdt-7) of chapter_a1_introduction (Amdt-13)
116930,Woollahra_DCP_2015__chapter_c1_paddington_hca__C1_4_2 C7,is_current true->false,older-vintage Paddington duplicate (Amdt-7) of chapter_a1_introduction (Amdt-13)
116931,Woollahra_DCP_2015__chapter_c1_paddington_hca__C1_4_2 C8,is_current true->false,older-vintage Paddington duplicate (Amdt-7) of chapter_a1_introduction (Amdt-13)
116932,Woollahra_DCP_2015__chapter_c1_paddington_hca__C1_4_2 C9,is_current true->false,older-vintage Paddington duplicate (Amdt-7) of chapter_a1_introduction (Amdt-13)
116933,Woollahra_DCP_2015__chapter_c1_paddington_hca__C1_4_3 O1,is_current true->false,older-vintage Paddington duplicate (Amdt-7) of chapter_a1_introduction (Amdt-13)
116934,Woollahra_DCP_2015__chapter_c1_paddington_hca__C1_4_3 O2,is_current true->false,older-vintage Paddington duplicate (Amdt-7) of chapter_a1_introduction (Amdt-13)
116935,Woollahra_DCP_2015__chapter_c1_paddington_hca__C1_4_3 O3,is_current true->false,older-vintage Paddington duplicate (Amdt-7) of chapter_a1_introduction (Amdt-13)
116936,Woollahra_DCP_2015__chapter_c1_paddington_hca__C1_4_3 O4,is_current true->false,older-vintage Paddington duplicate (Amdt-7) of chapter_a1_introduction (Amdt-13)
116937,Woollahra_DCP_2015__chapter_c1_paddington_hca__C1_4_3 O5,is_current true->false,older-vintage Paddington duplicate (Amdt-7) of chapter_a1_introduction (Amdt-13)
116938,Woollahra_DCP_2015__chapter_c1_paddington_hca__C1_4_3 C1,is_current true->false,older-vintage Paddington duplicate (Amdt-7) of chapter_a1_introduction (Amdt-13)
116939,Woollahra_DCP_2015__chapter_c1_paddington_hca__C1_4_3 C2,is_current true->false,older-vintage Paddington duplicate (Amdt-7) of chapter_a1_introduction (Amdt-13)
116940,Woollahra_DCP_2015__chapter_c1_paddington_hca__C1_4_3 C3,is_current true->false,older-vintage Paddington duplicate (Amdt-7) of chapter_a1_introduction (Amdt-13)
116941,Woollahra_DCP_2015__chapter_c1_paddington_hca__C1_4_3 C4,is_current true->false,older-vintage Paddington duplicate (Amdt-7) of chapter_a1_introduction (Amdt-13)
116942,Woollahra_DCP_2015__chapter_c1_paddington_hca__C1_4_3 C5,is_current true->false,older-vintage Paddington duplicate (Amdt-7) of chapter_a1_introduction (Amdt-13)
116943,Woollahra_DCP_2015__chapter_c1_paddington_hca__C1_4_3 C6,is_current true->false,older-vintage Paddington duplicate (Amdt-7) of chapter_a1_introduction (Amdt-13)
116944,Woollahra_DCP_2015__chapter_c1_paddington_hca__C1_4_3 C7,is_current true->false,older-vintage Paddington duplicate (Amdt-7) of chapter_a1_introduction (Amdt-13)
116945,Woollahra_DCP_2015__chapter_c1_paddington_hca__C1_4_3 C8,is_current true->false,older-vintage Paddington duplicate (Amdt-7) of chapter_a1_introduction (Amdt-13)
116946,Woollahra_DCP_2015__chapter_c1_paddington_hca__C1_4_3 C9,is_current true->false,older-vintage Paddington duplicate (Amdt-7) of chapter_a1_introduction (Amdt-13)
116947,Woollahra_DCP_2015__chapter_c1_paddington_hca__C1_4_3 C10,is_current true->false,older-vintage Paddington duplicate (Amdt-7) of chapter_a1_introduction (Amdt-13)
116948,Woollahra_DCP_2015__chapter_c1_paddington_hca__C1_4_3 C11,is_current true->false,older-vintage Paddington duplicate (Amdt-7) of chapter_a1_introduction (Amdt-13)
116949,Woollahra_DCP_2015__chapter_c1_paddington_hca__C1_4_3 C12,is_current true->false,older-vintage Paddington duplicate (Amdt-7) of chapter_a1_introduction (Amdt-13)
116950,Woollahra_DCP_2015__chapter_c1_paddington_hca__C1_4_3 C13,is_current true->false,older-vintage Paddington duplicate (Amdt-7) of chapter_a1_introduction (Amdt-13)
116951,Woollahra_DCP_2015__chapter_c1_paddington_hca__C1_4_3 C14,is_current true->false,older-vintage Paddington duplicate (Amdt-7) of chapter_a1_introduction (Amdt-13)
116952,Woollahra_DCP_2015__chapter_c1_paddington_hca__C1_4_3 C15,is_current true->false,older-vintage Paddington duplicate (Amdt-7) of chapter_a1_introduction (Amdt-13)
116953,Woollahra_DCP_2015__chapter_c1_paddington_hca__C1_4_4 O1,is_current true->false,older-vintage Paddington duplicate (Amdt-7) of chapter_a1_introduction (Amdt-13)
116954,Woollahra_DCP_2015__chapter_c1_paddington_hca__C1_4_4 O2,is_current true->false,older-vintage Paddington duplicate (Amdt-7) of chapter_a1_introduction (Amdt-13)
116955,Woollahra_DCP_2015__chapter_c1_paddington_hca__C1_4_4 O3,is_current true->false,older-vintage Paddington duplicate (Amdt-7) of chapter_a1_introduction (Amdt-13)
116956,Woollahra_DCP_2015__chapter_c1_paddington_hca__C1_4_4 C1,is_current true->false,older-vintage Paddington duplicate (Amdt-7) of chapter_a1_introduction (Amdt-13)
116957,Woollahra_DCP_2015__chapter_c1_paddington_hca__C1_4_4 C2,is_current true->false,older-vintage Paddington duplicate (Amdt-7) of chapter_a1_introduction (Amdt-13)
116958,Woollahra_DCP_2015__chapter_c1_paddington_hca__C1_4_4 C3,is_current true->false,older-vintage Paddington duplicate (Amdt-7) of chapter_a1_introduction (Amdt-13)
116959,Woollahra_DCP_2015__chapter_c1_paddington_hca__C1_4_4 C4,is_current true->false,older-vintage Paddington duplicate (Amdt-7) of chapter_a1_introduction (Amdt-13)
116960,Woollahra_DCP_2015__chapter_c1_paddington_hca__C1_4_4 C5,is_current true->false,older-vintage Paddington duplicate (Amdt-7) of chapter_a1_introduction (Amdt-13)
116961,Woollahra_DCP_2015__chapter_c1_paddington_hca__C1_4_4 C6,is_current true->false,older-vintage Paddington duplicate (Amdt-7) of chapter_a1_introduction (Amdt-13)
116962,Woollahra_DCP_2015__chapter_c1_paddington_hca__C1_4_4 C7,is_current true->false,older-vintage Paddington duplicate (Amdt-7) of chapter_a1_introduction (Amdt-13)
116963,Woollahra_DCP_2015__chapter_c1_paddington_hca__C1_4_4 C8,is_current true->false,older-vintage Paddington duplicate (Amdt-7) of chapter_a1_introduction (Amdt-13)
116964,Woollahra_DCP_2015__chapter_c1_paddington_hca__C1_4_4 C9,is_current true->false,older-vintage Paddington duplicate (Amdt-7) of chapter_a1_introduction (Amdt-13)
116965,Woollahra_DCP_2015__chapter_c1_paddington_hca__C1_4_4 C10,is_current true->false,older-vintage Paddington duplicate (Amdt-7) of chapter_a1_introduction (Amdt-13)
116966,Woollahra_DCP_2015__chapter_c1_paddington_hca__C1_4_4 O4,is_current true->false,older-vintage Paddington duplicate (Amdt-7) of chapter_a1_introduction (Amdt-13)
116967,Woollahra_DCP_2015__chapter_c1_paddington_hca__C1_4_4 O5,is_current true->false,older-vintage Paddington duplicate (Amdt-7) of chapter_a1_introduction (Amdt-13)
116968,Woollahra_DCP_2015__chapter_c1_paddington_hca__C1_4_4 O6,is_current true->false,older-vintage Paddington duplicate (Amdt-7) of chapter_a1_introduction (Amdt-13)
116969,Woollahra_DCP_2015__chapter_c1_paddington_hca__C1_4_5 O1,is_current true->false,older-vintage Paddington duplicate (Amdt-7) of chapter_a1_introduction (Amdt-13)
116970,Woollahra_DCP_2015__chapter_c1_paddington_hca__C1_4_5 O2,is_current true->false,older-vintage Paddington duplicate (Amdt-7) of chapter_a1_introduction (Amdt-13)
116971,Woollahra_DCP_2015__chapter_c1_paddington_hca__C1_4_5 O3,is_current true->false,older-vintage Paddington duplicate (Amdt-7) of chapter_a1_introduction (Amdt-13)
116972,Woollahra_DCP_2015__chapter_c1_paddington_hca__C1_4_5 O4,is_current true->false,older-vintage Paddington duplicate (Amdt-7) of chapter_a1_introduction (Amdt-13)
116973,Woollahra_DCP_2015__chapter_c1_paddington_hca__C1_4_5 O5,is_current true->false,older-vintage Paddington duplicate (Amdt-7) of chapter_a1_introduction (Amdt-13)
116974,Woollahra_DCP_2015__chapter_c1_paddington_hca__C1_4_5 O6,is_current true->false,older-vintage Paddington duplicate (Amdt-7) of chapter_a1_introduction (Amdt-13)
116975,Woollahra_DCP_2015__chapter_c1_paddington_hca__C1_4_5 C1,is_current true->false,older-vintage Paddington duplicate (Amdt-7) of chapter_a1_introduction (Amdt-13)
116976,Woollahra_DCP_2015__chapter_c1_paddington_hca__C1_4_5 C2,is_current true->false,older-vintage Paddington duplicate (Amdt-7) of chapter_a1_introduction (Amdt-13)
116977,Woollahra_DCP_2015__chapter_c1_paddington_hca__C1_4_5 C3,is_current true->false,older-vintage Paddington duplicate (Amdt-7) of chapter_a1_introduction (Amdt-13)
116978,Woollahra_DCP_2015__chapter_c1_paddington_hca__C1_4_5 C4,is_current true->false,older-vintage Paddington duplicate (Amdt-7) of chapter_a1_introduction (Amdt-13)
116979,Woollahra_DCP_2015__chapter_c1_paddington_hca__C1_4_5 C5,is_current true->false,older-vintage Paddington duplicate (Amdt-7) of chapter_a1_introduction (Amdt-13)
116980,Woollahra_DCP_2015__chapter_c1_paddington_hca__C1_4_5 C6,is_current true->false,older-vintage Paddington duplicate (Amdt-7) of chapter_a1_introduction (Amdt-13)
116981,Woollahra_DCP_2015__chapter_c1_paddington_hca__C1_4_5 C7,is_current true->false,older-vintage Paddington duplicate (Amdt-7) of chapter_a1_introduction (Amdt-13)
116982,Woollahra_DCP_2015__chapter_c1_paddington_hca__C1_4_6 O1,is_current true->false,older-vintage Paddington duplicate (Amdt-7) of chapter_a1_introduction (Amdt-13)
116983,Woollahra_DCP_2015__chapter_c1_paddington_hca__C1_4_6 O2,is_current true->false,older-vintage Paddington duplicate (Amdt-7) of chapter_a1_introduction (Amdt-13)
116984,Woollahra_DCP_2015__chapter_c1_paddington_hca__C1_4_6 O3,is_current true->false,older-vintage Paddington duplicate (Amdt-7) of chapter_a1_introduction (Amdt-13)
116985,Woollahra_DCP_2015__chapter_c1_paddington_hca__C1_4_6 O4,is_current true->false,older-vintage Paddington duplicate (Amdt-7) of chapter_a1_introduction (Amdt-13)
116986,Woollahra_DCP_2015__chapter_c1_paddington_hca__C1_4_6 O5,is_current true->false,older-vintage Paddington duplicate (Amdt-7) of chapter_a1_introduction (Amdt-13)
116987,Woollahra_DCP_2015__chapter_c1_paddington_hca__C1_4_6 O6,is_current true->false,older-vintage Paddington duplicate (Amdt-7) of chapter_a1_introduction (Amdt-13)
116988,Woollahra_DCP_2015__chapter_c1_paddington_hca__C1_4_6 O7,is_current true->false,older-vintage Paddington duplicate (Amdt-7) of chapter_a1_introduction (Amdt-13)
116989,Woollahra_DCP_2015__chapter_c1_paddington_hca__C1_4_6 O8,is_current true->false,older-vintage Paddington duplicate (Amdt-7) of chapter_a1_introduction (Amdt-13)
116990,Woollahra_DCP_2015__chapter_c1_paddington_hca__C1_4_6 O9,is_current true->false,older-vintage Paddington duplicate (Amdt-7) of chapter_a1_introduction (Amdt-13)
116991,Woollahra_DCP_2015__chapter_c1_paddington_hca__C1_4_6 O10,is_current true->false,older-vintage Paddington duplicate (Amdt-7) of chapter_a1_introduction (Amdt-13)
116992,Woollahra_DCP_2015__chapter_c1_paddington_hca__C1_4_6 C1,is_current true->false,older-vintage Paddington duplicate (Amdt-7) of chapter_a1_introduction (Amdt-13)
116993,Woollahra_DCP_2015__chapter_c1_paddington_hca__C1_4_6 C2,is_current true->false,older-vintage Paddington duplicate (Amdt-7) of chapter_a1_introduction (Amdt-13)
116994,Woollahra_DCP_2015__chapter_c1_paddington_hca__C1_4_6 C4,is_current true->false,older-vintage Paddington duplicate (Amdt-7) of chapter_a1_introduction (Amdt-13)
116995,Woollahra_DCP_2015__chapter_c1_paddington_hca__C1_4_6 C5,is_current true->false,older-vintage Paddington duplicate (Amdt-7) of chapter_a1_introduction (Amdt-13)
116996,Woollahra_DCP_2015__chapter_c1_paddington_hca__C1_4_6 C6,is_current true->false,older-vintage Paddington duplicate (Amdt-7) of chapter_a1_introduction (Amdt-13)
116997,Woollahra_DCP_2015__chapter_c1_paddington_hca__C1_4_6 C7,is_current true->false,older-vintage Paddington duplicate (Amdt-7) of chapter_a1_introduction (Amdt-13)
116998,Woollahra_DCP_2015__chapter_c1_paddington_hca__C1_4_7 O1,is_current true->false,older-vintage Paddington duplicate (Amdt-7) of chapter_a1_introduction (Amdt-13)
116999,Woollahra_DCP_2015__chapter_c1_paddington_hca__C1_4_7 O2,is_current true->false,older-vintage Paddington duplicate (Amdt-7) of chapter_a1_introduction (Amdt-13)
117000,Woollahra_DCP_2015__chapter_c1_paddington_hca__C1_4_7 O3,is_current true->false,older-vintage Paddington duplicate (Amdt-7) of chapter_a1_introduction (Amdt-13)
117001,Woollahra_DCP_2015__chapter_c1_paddington_hca__C1_4_7 O4,is_current true->false,older-vintage Paddington duplicate (Amdt-7) of chapter_a1_introduction (Amdt-13)
117002,Woollahra_DCP_2015__chapter_c1_paddington_hca__C1_4_7 O5,is_current true->false,older-vintage Paddington duplicate (Amdt-7) of chapter_a1_introduction (Amdt-13)
117003,Woollahra_DCP_2015__chapter_c1_paddington_hca__C1_4_7 O6,is_current true->false,older-vintage Paddington duplicate (Amdt-7) of chapter_a1_introduction (Amdt-13)
117004,Woollahra_DCP_2015__chapter_c1_paddington_hca__C1_4_7 O7,is_current true->false,older-vintage Paddington duplicate (Amdt-7) of chapter_a1_introduction (Amdt-13)
117005,Woollahra_DCP_2015__chapter_c1_paddington_hca__C1_4_7 O8,is_current true->false,older-vintage Paddington duplicate (Amdt-7) of chapter_a1_introduction (Amdt-13)
117006,Woollahra_DCP_2015__chapter_c1_paddington_hca__C1_4_7 O9,is_current true->false,older-vintage Paddington duplicate (Amdt-7) of chapter_a1_introduction (Amdt-13)
117007,Woollahra_DCP_2015__chapter_c1_paddington_hca__C1_4_7 C1,is_current true->false,older-vintage Paddington duplicate (Amdt-7) of chapter_a1_introduction (Amdt-13)
117008,Woollahra_DCP_2015__chapter_c1_paddington_hca__C1_4_7 C2,is_current true->false,older-vintage Paddington duplicate (Amdt-7) of chapter_a1_introduction (Amdt-13)
117009,Woollahra_DCP_2015__chapter_c1_paddington_hca__C1_4_7 C3,is_current true->false,older-vintage Paddington duplicate (Amdt-7) of chapter_a1_introduction (Amdt-13)
117010,Woollahra_DCP_2015__chapter_c1_paddington_hca__C1_4_7 C4,is_current true->false,older-vintage Paddington duplicate (Amdt-7) of chapter_a1_introduction (Amdt-13)
117011,Woollahra_DCP_2015__chapter_c1_paddington_hca__C1_4_7 C5,is_current true->false,older-vintage Paddington duplicate (Amdt-7) of chapter_a1_introduction (Amdt-13)
117012,Woollahra_DCP_2015__chapter_c1_paddington_hca__C1_4_7 C6,is_current true->false,older-vintage Paddington duplicate (Amdt-7) of chapter_a1_introduction (Amdt-13)
117013,Woollahra_DCP_2015__chapter_c1_paddington_hca__C1_4_7 C7,is_current true->false,older-vintage Paddington duplicate (Amdt-7) of chapter_a1_introduction (Amdt-13)
117014,Woollahra_DCP_2015__chapter_c1_paddington_hca__C1_4_7 C9,is_current true->false,older-vintage Paddington duplicate (Amdt-7) of chapter_a1_introduction (Amdt-13)
117015,Woollahra_DCP_2015__chapter_c1_paddington_hca__C1_4_7 C10,is_current true->false,older-vintage Paddington duplicate (Amdt-7) of chapter_a1_introduction (Amdt-13)
117016,Woollahra_DCP_2015__chapter_c1_paddington_hca__C1_4_7 C11,is_current true->false,older-vintage Paddington duplicate (Amdt-7) of chapter_a1_introduction (Amdt-13)
117017,Woollahra_DCP_2015__chapter_c1_paddington_hca__C1_4_7 C12,is_current true->false,older-vintage Paddington duplicate (Amdt-7) of chapter_a1_introduction (Amdt-13)
117018,Woollahra_DCP_2015__chapter_c1_paddington_hca__C1_4_7 TABLE 3,is_current true->false,older-vintage Paddington duplicate (Amdt-7) of chapter_a1_introduction (Amdt-13)
117019,Woollahra_DCP_2015__chapter_c1_paddington_hca__C1_4_7 C13,is_current true->false,older-vintage Paddington duplicate (Amdt-7) of chapter_a1_introduction (Amdt-13)
117020,Woollahra_DCP_2015__chapter_c1_paddington_hca__C1_4_7 C14,is_current true->false,older-vintage Paddington duplicate (Amdt-7) of chapter_a1_introduction (Amdt-13)
117021,Woollahra_DCP_2015__chapter_c1_paddington_hca__C1_4_7 C15,is_current true->false,older-vintage Paddington duplicate (Amdt-7) of chapter_a1_introduction (Amdt-13)
117022,Woollahra_DCP_2015__chapter_c1_paddington_hca__C1_4_7 C16,is_current true->false,older-vintage Paddington duplicate (Amdt-7) of chapter_a1_introduction (Amdt-13)
117023,Woollahra_DCP_2015__chapter_c1_paddington_hca__C1_4_7 C17,is_current true->false,older-vintage Paddington duplicate (Amdt-7) of chapter_a1_introduction (Amdt-13)
117024,Woollahra_DCP_2015__chapter_c1_paddington_hca__C1_4_7 C18,is_current true->false,older-vintage Paddington duplicate (Amdt-7) of chapter_a1_introduction (Amdt-13)
117025,Woollahra_DCP_2015__chapter_c1_paddington_hca__C1_4_7 C19,is_current true->false,older-vintage Paddington duplicate (Amdt-7) of chapter_a1_introduction (Amdt-13)
117026,Woollahra_DCP_2015__chapter_c1_paddington_hca__C1_4_7 C20,is_current true->false,older-vintage Paddington duplicate (Amdt-7) of chapter_a1_introduction (Amdt-13)
117027,Woollahra_DCP_2015__chapter_c1_paddington_hca__C1_4_7 C21,is_current true->false,older-vintage Paddington duplicate (Amdt-7) of chapter_a1_introduction (Amdt-13)
117028,Woollahra_DCP_2015__chapter_c1_paddington_hca__C1_4_7 C22,is_current true->false,older-vintage Paddington duplicate (Amdt-7) of chapter_a1_introduction (Amdt-13)
117029,Woollahra_DCP_2015__chapter_c1_paddington_hca__C1_4_7 C23,is_current true->false,older-vintage Paddington duplicate (Amdt-7) of chapter_a1_introduction (Amdt-13)
117030,Woollahra_DCP_2015__chapter_c1_paddington_hca__C1_4_9 O1,is_current true->false,older-vintage Paddington duplicate (Amdt-7) of chapter_a1_introduction (Amdt-13)
117031,Woollahra_DCP_2015__chapter_c1_paddington_hca__C1_4_9 O2,is_current true->false,older-vintage Paddington duplicate (Amdt-7) of chapter_a1_introduction (Amdt-13)
117032,Woollahra_DCP_2015__chapter_c1_paddington_hca__C1_4_9 O3,is_current true->false,older-vintage Paddington duplicate (Amdt-7) of chapter_a1_introduction (Amdt-13)
117033,Woollahra_DCP_2015__chapter_c1_paddington_hca__C1_4_9 O4,is_current true->false,older-vintage Paddington duplicate (Amdt-7) of chapter_a1_introduction (Amdt-13)
117034,Woollahra_DCP_2015__chapter_c1_paddington_hca__C1_4_9 C1,is_current true->false,older-vintage Paddington duplicate (Amdt-7) of chapter_a1_introduction (Amdt-13)
117035,Woollahra_DCP_2015__chapter_c1_paddington_hca__C1_4_9 C2,is_current true->false,older-vintage Paddington duplicate (Amdt-7) of chapter_a1_introduction (Amdt-13)
117036,Woollahra_DCP_2015__chapter_c1_paddington_hca__C1_4_9 C3,is_current true->false,older-vintage Paddington duplicate (Amdt-7) of chapter_a1_introduction (Amdt-13)
117037,Woollahra_DCP_2015__chapter_c1_paddington_hca__C1_4_10 O1,is_current true->false,older-vintage Paddington duplicate (Amdt-7) of chapter_a1_introduction (Amdt-13)
117038,Woollahra_DCP_2015__chapter_c1_paddington_hca__C1_4_10 O2,is_current true->false,older-vintage Paddington duplicate (Amdt-7) of chapter_a1_introduction (Amdt-13)
117039,Woollahra_DCP_2015__chapter_c1_paddington_hca__C1_4_10 C1,is_current true->false,older-vintage Paddington duplicate (Amdt-7) of chapter_a1_introduction (Amdt-13)
117040,Woollahra_DCP_2015__chapter_c1_paddington_hca__C1_4_10 C2,is_current true->false,older-vintage Paddington duplicate (Amdt-7) of chapter_a1_introduction (Amdt-13)
117041,Woollahra_DCP_2015__chapter_c1_paddington_hca__C1_4_10 C3,is_current true->false,older-vintage Paddington duplicate (Amdt-7) of chapter_a1_introduction (Amdt-13)
117042,Woollahra_DCP_2015__chapter_c1_paddington_hca__C1_4_10 C4,is_current true->false,older-vintage Paddington duplicate (Amdt-7) of chapter_a1_introduction (Amdt-13)
117043,Woollahra_DCP_2015__chapter_c1_paddington_hca__C1_4_10 C5,is_current true->false,older-vintage Paddington duplicate (Amdt-7) of chapter_a1_introduction (Amdt-13)
117044,Woollahra_DCP_2015__chapter_c1_paddington_hca__C1_4_10 C6,is_current true->false,older-vintage Paddington duplicate (Amdt-7) of chapter_a1_introduction (Amdt-13)
117045,Woollahra_DCP_2015__chapter_c1_paddington_hca__C1_4_10 C7,is_current true->false,older-vintage Paddington duplicate (Amdt-7) of chapter_a1_introduction (Amdt-13)
117046,Woollahra_DCP_2015__chapter_c1_paddington_hca__C1_4_11 O1,is_current true->false,older-vintage Paddington duplicate (Amdt-7) of chapter_a1_introduction (Amdt-13)
117047,Woollahra_DCP_2015__chapter_c1_paddington_hca__C1_4_11 O2,is_current true->false,older-vintage Paddington duplicate (Amdt-7) of chapter_a1_introduction (Amdt-13)
117048,Woollahra_DCP_2015__chapter_c1_paddington_hca__C1_4_11 O3,is_current true->false,older-vintage Paddington duplicate (Amdt-7) of chapter_a1_introduction (Amdt-13)
117049,Woollahra_DCP_2015__chapter_c1_paddington_hca__C1_4_11 C1,is_current true->false,older-vintage Paddington duplicate (Amdt-7) of chapter_a1_introduction (Amdt-13)
117050,Woollahra_DCP_2015__chapter_c1_paddington_hca__C1_4_11 C3,is_current true->false,older-vintage Paddington duplicate (Amdt-7) of chapter_a1_introduction (Amdt-13)
117051,Woollahra_DCP_2015__chapter_c1_paddington_hca__C1_5_1 O1,is_current true->false,older-vintage Paddington duplicate (Amdt-7) of chapter_a1_introduction (Amdt-13)
117052,Woollahra_DCP_2015__chapter_c1_paddington_hca__C1_5_1 O2,is_current true->false,older-vintage Paddington duplicate (Amdt-7) of chapter_a1_introduction (Amdt-13)
117053,Woollahra_DCP_2015__chapter_c1_paddington_hca__C1_5_1 O3,is_current true->false,older-vintage Paddington duplicate (Amdt-7) of chapter_a1_introduction (Amdt-13)
117054,Woollahra_DCP_2015__chapter_c1_paddington_hca__C1_5_1 C1,is_current true->false,older-vintage Paddington duplicate (Amdt-7) of chapter_a1_introduction (Amdt-13)
117055,Woollahra_DCP_2015__chapter_c1_paddington_hca__C1_5_1 C2,is_current true->false,older-vintage Paddington duplicate (Amdt-7) of chapter_a1_introduction (Amdt-13)
117056,Woollahra_DCP_2015__chapter_c1_paddington_hca__C1_5_1 C3,is_current true->false,older-vintage Paddington duplicate (Amdt-7) of chapter_a1_introduction (Amdt-13)
117057,Woollahra_DCP_2015__chapter_c1_paddington_hca__C1_5_1 C4,is_current true->false,older-vintage Paddington duplicate (Amdt-7) of chapter_a1_introduction (Amdt-13)
117058,Woollahra_DCP_2015__chapter_c1_paddington_hca__C1_5_1 C5,is_current true->false,older-vintage Paddington duplicate (Amdt-7) of chapter_a1_introduction (Amdt-13)
117059,Woollahra_DCP_2015__chapter_c1_paddington_hca__C1_5_1 C6,is_current true->false,older-vintage Paddington duplicate (Amdt-7) of chapter_a1_introduction (Amdt-13)
117060,Woollahra_DCP_2015__chapter_c1_paddington_hca__C1_5_1 C7,is_current true->false,older-vintage Paddington duplicate (Amdt-7) of chapter_a1_introduction (Amdt-13)
117061,Woollahra_DCP_2015__chapter_c1_paddington_hca__C1_5_1 C8,is_current true->false,older-vintage Paddington duplicate (Amdt-7) of chapter_a1_introduction (Amdt-13)
117062,Woollahra_DCP_2015__chapter_c1_paddington_hca__C1_5_1 C9,is_current true->false,older-vintage Paddington duplicate (Amdt-7) of chapter_a1_introduction (Amdt-13)
117063,Woollahra_DCP_2015__chapter_c1_paddington_hca__C1_5_1 C10,is_current true->false,older-vintage Paddington duplicate (Amdt-7) of chapter_a1_introduction (Amdt-13)
117064,Woollahra_DCP_2015__chapter_c1_paddington_hca__C1_5_1 C11,is_current true->false,older-vintage Paddington duplicate (Amdt-7) of chapter_a1_introduction (Amdt-13)
117065,Woollahra_DCP_2015__chapter_c1_paddington_hca__C1_5_1 C12,is_current true->false,older-vintage Paddington duplicate (Amdt-7) of chapter_a1_introduction (Amdt-13)
117066,Woollahra_DCP_2015__chapter_c1_paddington_hca__C1_5_1 C13,is_current true->false,older-vintage Paddington duplicate (Amdt-7) of chapter_a1_introduction (Amdt-13)
117067,Woollahra_DCP_2015__chapter_c1_paddington_hca__C1_5_1 C14,is_current true->false,older-vintage Paddington duplicate (Amdt-7) of chapter_a1_introduction (Amdt-13)
117068,Woollahra_DCP_2015__chapter_c1_paddington_hca__C1_5_1 C15,is_current true->false,older-vintage Paddington duplicate (Amdt-7) of chapter_a1_introduction (Amdt-13)
117069,Woollahra_DCP_2015__chapter_c1_paddington_hca__C1_5_1 C16,is_current true->false,older-vintage Paddington duplicate (Amdt-7) of chapter_a1_introduction (Amdt-13)
117070,Woollahra_DCP_2015__chapter_c1_paddington_hca__C1_5_1 C17,is_current true->false,older-vintage Paddington duplicate (Amdt-7) of chapter_a1_introduction (Amdt-13)
117071,Woollahra_DCP_2015__chapter_c1_paddington_hca__C1_5_1 C18,is_current true->false,older-vintage Paddington duplicate (Amdt-7) of chapter_a1_introduction (Amdt-13)
117072,Woollahra_DCP_2015__chapter_c1_paddington_hca__C1_5_1 C19,is_current true->false,older-vintage Paddington duplicate (Amdt-7) of chapter_a1_introduction (Amdt-13)
117073,Woollahra_DCP_2015__chapter_c1_paddington_hca__C1_5_1 C20,is_current true->false,older-vintage Paddington duplicate (Amdt-7) of chapter_a1_introduction (Amdt-13)
117074,Woollahra_DCP_2015__chapter_c1_paddington_hca__C1_5_1 C21,is_current true->false,older-vintage Paddington duplicate (Amdt-7) of chapter_a1_introduction (Amdt-13)
117075,Woollahra_DCP_2015__chapter_c1_paddington_hca__C1_5_1 C22,is_current true->false,older-vintage Paddington duplicate (Amdt-7) of chapter_a1_introduction (Amdt-13)
117076,Woollahra_DCP_2015__chapter_c1_paddington_hca__C1_5_1 C23,is_current true->false,older-vintage Paddington duplicate (Amdt-7) of chapter_a1_introduction (Amdt-13)
117077,Woollahra_DCP_2015__chapter_c1_paddington_hca__C1_5_1 C24,is_current true->false,older-vintage Paddington duplicate (Amdt-7) of chapter_a1_introduction (Amdt-13)
117078,Woollahra_DCP_2015__chapter_c1_paddington_hca__C1_5_1 C25,is_current true->false,older-vintage Paddington duplicate (Amdt-7) of chapter_a1_introduction (Amdt-13)
117079,Woollahra_DCP_2015__chapter_c1_paddington_hca__C1_5_1 C26,is_current true->false,older-vintage Paddington duplicate (Amdt-7) of chapter_a1_introduction (Amdt-13)
117080,Woollahra_DCP_2015__chapter_c1_paddington_hca__C1_5_1 C27,is_current true->false,older-vintage Paddington duplicate (Amdt-7) of chapter_a1_introduction (Amdt-13)
117081,Woollahra_DCP_2015__chapter_c1_paddington_hca__C1_5_1 C28,is_current true->false,older-vintage Paddington duplicate (Amdt-7) of chapter_a1_introduction (Amdt-13)
117082,Woollahra_DCP_2015__chapter_c1_paddington_hca__C1_5_1 C29,is_current true->false,older-vintage Paddington duplicate (Amdt-7) of chapter_a1_introduction (Amdt-13)
117083,Woollahra_DCP_2015__chapter_c1_paddington_hca__C1_5_1 C30,is_current true->false,older-vintage Paddington duplicate (Amdt-7) of chapter_a1_introduction (Amdt-13)
117084,Woollahra_DCP_2015__chapter_c1_paddington_hca__C1_5_2 O1,is_current true->false,older-vintage Paddington duplicate (Amdt-7) of chapter_a1_introduction (Amdt-13)
117085,Woollahra_DCP_2015__chapter_c1_paddington_hca__C1_5_2 O2,is_current true->false,older-vintage Paddington duplicate (Amdt-7) of chapter_a1_introduction (Amdt-13)
117086,Woollahra_DCP_2015__chapter_c1_paddington_hca__C1_5_2 O3,is_current true->false,older-vintage Paddington duplicate (Amdt-7) of chapter_a1_introduction (Amdt-13)
117087,Woollahra_DCP_2015__chapter_c1_paddington_hca__C1_5_2 C1,is_current true->false,older-vintage Paddington duplicate (Amdt-7) of chapter_a1_introduction (Amdt-13)
117088,Woollahra_DCP_2015__chapter_c1_paddington_hca__C1_5_2 C2,is_current true->false,older-vintage Paddington duplicate (Amdt-7) of chapter_a1_introduction (Amdt-13)
117089,Woollahra_DCP_2015__chapter_c1_paddington_hca__C1_5_2 C3,is_current true->false,older-vintage Paddington duplicate (Amdt-7) of chapter_a1_introduction (Amdt-13)
117090,Woollahra_DCP_2015__chapter_c1_paddington_hca__C1_5_2 C4,is_current true->false,older-vintage Paddington duplicate (Amdt-7) of chapter_a1_introduction (Amdt-13)
117091,Woollahra_DCP_2015__chapter_c1_paddington_hca__C1_5_2 C5,is_current true->false,older-vintage Paddington duplicate (Amdt-7) of chapter_a1_introduction (Amdt-13)
117092,Woollahra_DCP_2015__chapter_c1_paddington_hca__C1_5_2 C6,is_current true->false,older-vintage Paddington duplicate (Amdt-7) of chapter_a1_introduction (Amdt-13)
117093,Woollahra_DCP_2015__chapter_c1_paddington_hca__C1_5_2 C7,is_current true->false,older-vintage Paddington duplicate (Amdt-7) of chapter_a1_introduction (Amdt-13)
117094,Woollahra_DCP_2015__chapter_c1_paddington_hca__C1_5_2 C8,is_current true->false,older-vintage Paddington duplicate (Amdt-7) of chapter_a1_introduction (Amdt-13)
117095,Woollahra_DCP_2015__chapter_c1_paddington_hca__C1_5_2 C9,is_current true->false,older-vintage Paddington duplicate (Amdt-7) of chapter_a1_introduction (Amdt-13)
117096,Woollahra_DCP_2015__chapter_c1_paddington_hca__C1_5_2 C10,is_current true->false,older-vintage Paddington duplicate (Amdt-7) of chapter_a1_introduction (Amdt-13)
117097,Woollahra_DCP_2015__chapter_c1_paddington_hca__C1_5_2 C11,is_current true->false,older-vintage Paddington duplicate (Amdt-7) of chapter_a1_introduction (Amdt-13)
117098,Woollahra_DCP_2015__chapter_c1_paddington_hca__C1_5_3 O1,is_current true->false,older-vintage Paddington duplicate (Amdt-7) of chapter_a1_introduction (Amdt-13)
117099,Woollahra_DCP_2015__chapter_c1_paddington_hca__C1_5_3 O2,is_current true->false,older-vintage Paddington duplicate (Amdt-7) of chapter_a1_introduction (Amdt-13)
117100,Woollahra_DCP_2015__chapter_c1_paddington_hca__C1_5_3 O3,is_current true->false,older-vintage Paddington duplicate (Amdt-7) of chapter_a1_introduction (Amdt-13)
117101,Woollahra_DCP_2015__chapter_c1_paddington_hca__C1_5_3 C1,is_current true->false,older-vintage Paddington duplicate (Amdt-7) of chapter_a1_introduction (Amdt-13)
117102,Woollahra_DCP_2015__chapter_c1_paddington_hca__C1_5_3 C2,is_current true->false,older-vintage Paddington duplicate (Amdt-7) of chapter_a1_introduction (Amdt-13)
117103,Woollahra_DCP_2015__chapter_c1_paddington_hca__C1_5_3 C3,is_current true->false,older-vintage Paddington duplicate (Amdt-7) of chapter_a1_introduction (Amdt-13)
117104,Woollahra_DCP_2015__chapter_c1_paddington_hca__C1_5_3 C4,is_current true->false,older-vintage Paddington duplicate (Amdt-7) of chapter_a1_introduction (Amdt-13)
117105,Woollahra_DCP_2015__chapter_c1_paddington_hca__C1_5_3 C5,is_current true->false,older-vintage Paddington duplicate (Amdt-7) of chapter_a1_introduction (Amdt-13)
117106,Woollahra_DCP_2015__chapter_c1_paddington_hca__C1_5_3 C6,is_current true->false,older-vintage Paddington duplicate (Amdt-7) of chapter_a1_introduction (Amdt-13)
117107,Woollahra_DCP_2015__chapter_c1_paddington_hca__C1_5_3 C7,is_current true->false,older-vintage Paddington duplicate (Amdt-7) of chapter_a1_introduction (Amdt-13)
117108,Woollahra_DCP_2015__chapter_c1_paddington_hca__C1_5_3 C8,is_current true->false,older-vintage Paddington duplicate (Amdt-7) of chapter_a1_introduction (Amdt-13)
117109,Woollahra_DCP_2015__chapter_c1_paddington_hca__C1_5_4 O1,is_current true->false,older-vintage Paddington duplicate (Amdt-7) of chapter_a1_introduction (Amdt-13)
117110,Woollahra_DCP_2015__chapter_c1_paddington_hca__C1_5_4 O2,is_current true->false,older-vintage Paddington duplicate (Amdt-7) of chapter_a1_introduction (Amdt-13)
117111,Woollahra_DCP_2015__chapter_c1_paddington_hca__C1_5_4 O3,is_current true->false,older-vintage Paddington duplicate (Amdt-7) of chapter_a1_introduction (Amdt-13)
117112,Woollahra_DCP_2015__chapter_c1_paddington_hca__C1_5_4 O4,is_current true->false,older-vintage Paddington duplicate (Amdt-7) of chapter_a1_introduction (Amdt-13)
117113,Woollahra_DCP_2015__chapter_c1_paddington_hca__C1_5_4 O5,is_current true->false,older-vintage Paddington duplicate (Amdt-7) of chapter_a1_introduction (Amdt-13)
117114,Woollahra_DCP_2015__chapter_c1_paddington_hca__C1_5_4 O6,is_current true->false,older-vintage Paddington duplicate (Amdt-7) of chapter_a1_introduction (Amdt-13)
117115,Woollahra_DCP_2015__chapter_c1_paddington_hca__C1_5_4 O7,is_current true->false,older-vintage Paddington duplicate (Amdt-7) of chapter_a1_introduction (Amdt-13)
117116,Woollahra_DCP_2015__chapter_c1_paddington_hca__C1_5_4 O8,is_current true->false,older-vintage Paddington duplicate (Amdt-7) of chapter_a1_introduction (Amdt-13)
117117,Woollahra_DCP_2015__chapter_c1_paddington_hca__C1_5_4 C1,is_current true->false,older-vintage Paddington duplicate (Amdt-7) of chapter_a1_introduction (Amdt-13)
117118,Woollahra_DCP_2015__chapter_c1_paddington_hca__C1_5_4 C2,is_current true->false,older-vintage Paddington duplicate (Amdt-7) of chapter_a1_introduction (Amdt-13)
117119,Woollahra_DCP_2015__chapter_c1_paddington_hca__C1_5_4 C3,is_current true->false,older-vintage Paddington duplicate (Amdt-7) of chapter_a1_introduction (Amdt-13)
117120,Woollahra_DCP_2015__chapter_c1_paddington_hca__C1_5_4 C4,is_current true->false,older-vintage Paddington duplicate (Amdt-7) of chapter_a1_introduction (Amdt-13)
117121,Woollahra_DCP_2015__chapter_c1_paddington_hca__C1_5_4 C5,is_current true->false,older-vintage Paddington duplicate (Amdt-7) of chapter_a1_introduction (Amdt-13)
117122,Woollahra_DCP_2015__chapter_c1_paddington_hca__C1_5_4 C6,is_current true->false,older-vintage Paddington duplicate (Amdt-7) of chapter_a1_introduction (Amdt-13)
117123,Woollahra_DCP_2015__chapter_c1_paddington_hca__C1_5_4 C7,is_current true->false,older-vintage Paddington duplicate (Amdt-7) of chapter_a1_introduction (Amdt-13)
117124,Woollahra_DCP_2015__chapter_c1_paddington_hca__C1_5_4 C8,is_current true->false,older-vintage Paddington duplicate (Amdt-7) of chapter_a1_introduction (Amdt-13)
117125,Woollahra_DCP_2015__chapter_c1_paddington_hca__C1_5_4 C9,is_current true->false,older-vintage Paddington duplicate (Amdt-7) of chapter_a1_introduction (Amdt-13)
117126,Woollahra_DCP_2015__chapter_c1_paddington_hca__C1_5_4 C10,is_current true->false,older-vintage Paddington duplicate (Amdt-7) of chapter_a1_introduction (Amdt-13)
117127,Woollahra_DCP_2015__chapter_c1_paddington_hca__C1_5_4 C11,is_current true->false,older-vintage Paddington duplicate (Amdt-7) of chapter_a1_introduction (Amdt-13)
117128,Woollahra_DCP_2015__chapter_c1_paddington_hca__C1_5_4 C12,is_current true->false,older-vintage Paddington duplicate (Amdt-7) of chapter_a1_introduction (Amdt-13)
117129,Woollahra_DCP_2015__chapter_c1_paddington_hca__C1_5_4 C13,is_current true->false,older-vintage Paddington duplicate (Amdt-7) of chapter_a1_introduction (Amdt-13)
117130,Woollahra_DCP_2015__chapter_c1_paddington_hca__C1_5_4 C14,is_current true->false,older-vintage Paddington duplicate (Amdt-7) of chapter_a1_introduction (Amdt-13)
117131,Woollahra_DCP_2015__chapter_c1_paddington_hca__C1_5_4 C15,is_current true->false,older-vintage Paddington duplicate (Amdt-7) of chapter_a1_introduction (Amdt-13)
117132,Woollahra_DCP_2015__chapter_c1_paddington_hca__C1_5_4 C16,is_current true->false,older-vintage Paddington duplicate (Amdt-7) of chapter_a1_introduction (Amdt-13)
117133,Woollahra_DCP_2015__chapter_c1_paddington_hca__C1_5_4 C17,is_current true->false,older-vintage Paddington duplicate (Amdt-7) of chapter_a1_introduction (Amdt-13)
117134,Woollahra_DCP_2015__chapter_c1_paddington_hca__C1_5_6 O1,is_current true->false,older-vintage Paddington duplicate (Amdt-7) of chapter_a1_introduction (Amdt-13)
117135,Woollahra_DCP_2015__chapter_c1_paddington_hca__C1_5_6 O2,is_current true->false,older-vintage Paddington duplicate (Amdt-7) of chapter_a1_introduction (Amdt-13)
117136,Woollahra_DCP_2015__chapter_c1_paddington_hca__C1_5_6 O3,is_current true->false,older-vintage Paddington duplicate (Amdt-7) of chapter_a1_introduction (Amdt-13)
117137,Woollahra_DCP_2015__chapter_c1_paddington_hca__C1_5_6 O4,is_current true->false,older-vintage Paddington duplicate (Amdt-7) of chapter_a1_introduction (Amdt-13)
117138,Woollahra_DCP_2015__chapter_c1_paddington_hca__C1_5_6 O5,is_current true->false,older-vintage Paddington duplicate (Amdt-7) of chapter_a1_introduction (Amdt-13)
117139,Woollahra_DCP_2015__chapter_c1_paddington_hca__C1_5_6 O6,is_current true->false,older-vintage Paddington duplicate (Amdt-7) of chapter_a1_introduction (Amdt-13)
117140,Woollahra_DCP_2015__chapter_c1_paddington_hca__C1_5_6 O7,is_current true->false,older-vintage Paddington duplicate (Amdt-7) of chapter_a1_introduction (Amdt-13)
117141,Woollahra_DCP_2015__chapter_c1_paddington_hca__C1_5_6 O8,is_current true->false,older-vintage Paddington duplicate (Amdt-7) of chapter_a1_introduction (Amdt-13)
117142,Woollahra_DCP_2015__chapter_c1_paddington_hca__C1_5_6 O9,is_current true->false,older-vintage Paddington duplicate (Amdt-7) of chapter_a1_introduction (Amdt-13)
117143,Woollahra_DCP_2015__chapter_c1_paddington_hca__C1_5_6 O10,is_current true->false,older-vintage Paddington duplicate (Amdt-7) of chapter_a1_introduction (Amdt-13)
117144,Woollahra_DCP_2015__chapter_c1_paddington_hca__C1_5_6 O11,is_current true->false,older-vintage Paddington duplicate (Amdt-7) of chapter_a1_introduction (Amdt-13)
117145,Woollahra_DCP_2015__chapter_c1_paddington_hca__C1_5_6 O12,is_current true->false,older-vintage Paddington duplicate (Amdt-7) of chapter_a1_introduction (Amdt-13)
117146,Woollahra_DCP_2015__chapter_c1_paddington_hca__C1_5_6 O13,is_current true->false,older-vintage Paddington duplicate (Amdt-7) of chapter_a1_introduction (Amdt-13)
117147,Woollahra_DCP_2015__chapter_c1_paddington_hca__C1_5_6 O14,is_current true->false,older-vintage Paddington duplicate (Amdt-7) of chapter_a1_introduction (Amdt-13)
117148,Woollahra_DCP_2015__chapter_c1_paddington_hca__C1_5_6 C1,is_current true->false,older-vintage Paddington duplicate (Amdt-7) of chapter_a1_introduction (Amdt-13)
117149,Woollahra_DCP_2015__chapter_c1_paddington_hca__C1_5_6 C2,is_current true->false,older-vintage Paddington duplicate (Amdt-7) of chapter_a1_introduction (Amdt-13)
117150,Woollahra_DCP_2015__chapter_c1_paddington_hca__C1_5_6 C3,is_current true->false,older-vintage Paddington duplicate (Amdt-7) of chapter_a1_introduction (Amdt-13)
117151,Woollahra_DCP_2015__chapter_c1_paddington_hca__C1_5_6 C4,is_current true->false,older-vintage Paddington duplicate (Amdt-7) of chapter_a1_introduction (Amdt-13)
117152,Woollahra_DCP_2015__chapter_c1_paddington_hca__C1_5_6 C5,is_current true->false,older-vintage Paddington duplicate (Amdt-7) of chapter_a1_introduction (Amdt-13)
117153,Woollahra_DCP_2015__chapter_c1_paddington_hca__C1_5_6 C6,is_current true->false,older-vintage Paddington duplicate (Amdt-7) of chapter_a1_introduction (Amdt-13)
117154,Woollahra_DCP_2015__chapter_c1_paddington_hca__C1_5_6 C7,is_current true->false,older-vintage Paddington duplicate (Amdt-7) of chapter_a1_introduction (Amdt-13)
117155,Woollahra_DCP_2015__chapter_c1_paddington_hca__C1_5_6 C8,is_current true->false,older-vintage Paddington duplicate (Amdt-7) of chapter_a1_introduction (Amdt-13)
117156,Woollahra_DCP_2015__chapter_c1_paddington_hca__C1_5_6 C9,is_current true->false,older-vintage Paddington duplicate (Amdt-7) of chapter_a1_introduction (Amdt-13)
117157,Woollahra_DCP_2015__chapter_c1_paddington_hca__C1_5_6 C10,is_current true->false,older-vintage Paddington duplicate (Amdt-7) of chapter_a1_introduction (Amdt-13)
117158,Woollahra_DCP_2015__chapter_c1_paddington_hca__C1_5_6 C11,is_current true->false,older-vintage Paddington duplicate (Amdt-7) of chapter_a1_introduction (Amdt-13)
117159,Woollahra_DCP_2015__chapter_c1_paddington_hca__C1_5_6 C12,is_current true->false,older-vintage Paddington duplicate (Amdt-7) of chapter_a1_introduction (Amdt-13)
117160,Woollahra_DCP_2015__chapter_c1_paddington_hca__C1_5_6 C13,is_current true->false,older-vintage Paddington duplicate (Amdt-7) of chapter_a1_introduction (Amdt-13)
117161,Woollahra_DCP_2015__chapter_c1_paddington_hca__C1_5_6 C14,is_current true->false,older-vintage Paddington duplicate (Amdt-7) of chapter_a1_introduction (Amdt-13)
117162,Woollahra_DCP_2015__chapter_c1_paddington_hca__C1_5_6 C15,is_current true->false,older-vintage Paddington duplicate (Amdt-7) of chapter_a1_introduction (Amdt-13)
117163,Woollahra_DCP_2015__chapter_c1_paddington_hca__C1_5_6 C16,is_current true->false,older-vintage Paddington duplicate (Amdt-7) of chapter_a1_introduction (Amdt-13)
117164,Woollahra_DCP_2015__chapter_c1_paddington_hca__C1_5_6 C17,is_current true->false,older-vintage Paddington duplicate (Amdt-7) of chapter_a1_introduction (Amdt-13)
117165,Woollahra_DCP_2015__chapter_c1_paddington_hca__C1_5_7 O1,is_current true->false,older-vintage Paddington duplicate (Amdt-7) of chapter_a1_introduction (Amdt-13)
117166,Woollahra_DCP_2015__chapter_c1_paddington_hca__C1_5_7 O2,is_current true->false,older-vintage Paddington duplicate (Amdt-7) of chapter_a1_introduction (Amdt-13)
117167,Woollahra_DCP_2015__chapter_c1_paddington_hca__C1_5_7 O3,is_current true->false,older-vintage Paddington duplicate (Amdt-7) of chapter_a1_introduction (Amdt-13)
117168,Woollahra_DCP_2015__chapter_c1_paddington_hca__C1_5_7 O4,is_current true->false,older-vintage Paddington duplicate (Amdt-7) of chapter_a1_introduction (Amdt-13)
117169,Woollahra_DCP_2015__chapter_c1_paddington_hca__C1_5_7 O5,is_current true->false,older-vintage Paddington duplicate (Amdt-7) of chapter_a1_introduction (Amdt-13)
117170,Woollahra_DCP_2015__chapter_c1_paddington_hca__C1_5_7 O6,is_current true->false,older-vintage Paddington duplicate (Amdt-7) of chapter_a1_introduction (Amdt-13)
117171,Woollahra_DCP_2015__chapter_c1_paddington_hca__C1_5_7 C1,is_current true->false,older-vintage Paddington duplicate (Amdt-7) of chapter_a1_introduction (Amdt-13)
117172,Woollahra_DCP_2015__chapter_c1_paddington_hca__C1_5_7 C2,is_current true->false,older-vintage Paddington duplicate (Amdt-7) of chapter_a1_introduction (Amdt-13)
117173,Woollahra_DCP_2015__chapter_c1_paddington_hca__C1_5_8 O1,is_current true->false,older-vintage Paddington duplicate (Amdt-7) of chapter_a1_introduction (Amdt-13)
117174,Woollahra_DCP_2015__chapter_c1_paddington_hca__C1_5_8 O2,is_current true->false,older-vintage Paddington duplicate (Amdt-7) of chapter_a1_introduction (Amdt-13)
117175,Woollahra_DCP_2015__chapter_c1_paddington_hca__C1_5_8 O3,is_current true->false,older-vintage Paddington duplicate (Amdt-7) of chapter_a1_introduction (Amdt-13)
117176,Woollahra_DCP_2015__chapter_c1_paddington_hca__C1_5_8 C1,is_current true->false,older-vintage Paddington duplicate (Amdt-7) of chapter_a1_introduction (Amdt-13)
117177,Woollahra_DCP_2015__chapter_c1_paddington_hca__C1_5_8 C2,is_current true->false,older-vintage Paddington duplicate (Amdt-7) of chapter_a1_introduction (Amdt-13)
117178,Woollahra_DCP_2015__chapter_c1_paddington_hca__C1_5_8 C3,is_current true->false,older-vintage Paddington duplicate (Amdt-7) of chapter_a1_introduction (Amdt-13)
117179,Woollahra_DCP_2015__chapter_c1_paddington_hca__C1_5_8 C4,is_current true->false,older-vintage Paddington duplicate (Amdt-7) of chapter_a1_introduction (Amdt-13)
117180,Woollahra_DCP_2015__chapter_c1_paddington_hca__C1_5_8 C5,is_current true->false,older-vintage Paddington duplicate (Amdt-7) of chapter_a1_introduction (Amdt-13)
117181,Woollahra_DCP_2015__chapter_c1_paddington_hca__C1_5_8 C6,is_current true->false,older-vintage Paddington duplicate (Amdt-7) of chapter_a1_introduction (Amdt-13)
117182,Woollahra_DCP_2015__chapter_c1_paddington_hca__C1_5_9 O1,is_current true->false,older-vintage Paddington duplicate (Amdt-7) of chapter_a1_introduction (Amdt-13)
117183,Woollahra_DCP_2015__chapter_c1_paddington_hca__C1_5_9 C1,is_current true->false,older-vintage Paddington duplicate (Amdt-7) of chapter_a1_introduction (Amdt-13)
117184,Woollahra_DCP_2015__chapter_c1_paddington_hca__C1_5_9 C2,is_current true->false,older-vintage Paddington duplicate (Amdt-7) of chapter_a1_introduction (Amdt-13)
117185,Woollahra_DCP_2015__chapter_c1_paddington_hca__C1_5_9 C3,is_current true->false,older-vintage Paddington duplicate (Amdt-7) of chapter_a1_introduction (Amdt-13)
117186,Woollahra_DCP_2015__chapter_c1_paddington_hca__C1_5_9 C4,is_current true->false,older-vintage Paddington duplicate (Amdt-7) of chapter_a1_introduction (Amdt-13)
117187,Woollahra_DCP_2015__chapter_c1_paddington_hca__C1_5_9 C5,is_current true->false,older-vintage Paddington duplicate (Amdt-7) of chapter_a1_introduction (Amdt-13)
117188,Woollahra_DCP_2015__chapter_c1_paddington_hca__C1_5_9 C6,is_current true->false,older-vintage Paddington duplicate (Amdt-7) of chapter_a1_introduction (Amdt-13)
117189,Woollahra_DCP_2015__chapter_c1_paddington_hca__C1_5_9 C7,is_current true->false,older-vintage Paddington duplicate (Amdt-7) of chapter_a1_introduction (Amdt-13)
117190,Woollahra_DCP_2015__chapter_c1_paddington_hca__C1_5_9 C8,is_current true->false,older-vintage Paddington duplicate (Amdt-7) of chapter_a1_introduction (Amdt-13)
117191,Woollahra_DCP_2015__chapter_c1_paddington_hca__C1_5_9 C9,is_current true->false,older-vintage Paddington duplicate (Amdt-7) of chapter_a1_introduction (Amdt-13)
117192,Woollahra_DCP_2015__chapter_c1_paddington_hca__C1_5_10 O1,is_current true->false,older-vintage Paddington duplicate (Amdt-7) of chapter_a1_introduction (Amdt-13)
117193,Woollahra_DCP_2015__chapter_c1_paddington_hca__C1_5_10 O2,is_current true->false,older-vintage Paddington duplicate (Amdt-7) of chapter_a1_introduction (Amdt-13)
117194,Woollahra_DCP_2015__chapter_c1_paddington_hca__C1_5_10 O3,is_current true->false,older-vintage Paddington duplicate (Amdt-7) of chapter_a1_introduction (Amdt-13)
117195,Woollahra_DCP_2015__chapter_c1_paddington_hca__C1_5_10 O4,is_current true->false,older-vintage Paddington duplicate (Amdt-7) of chapter_a1_introduction (Amdt-13)
117196,Woollahra_DCP_2015__chapter_c1_paddington_hca__C1_5_10 O5,is_current true->false,older-vintage Paddington duplicate (Amdt-7) of chapter_a1_introduction (Amdt-13)
117197,Woollahra_DCP_2015__chapter_c1_paddington_hca__C1_5_10 C1,is_current true->false,older-vintage Paddington duplicate (Amdt-7) of chapter_a1_introduction (Amdt-13)
117198,Woollahra_DCP_2015__chapter_c1_paddington_hca__C1_5_10 C2,is_current true->false,older-vintage Paddington duplicate (Amdt-7) of chapter_a1_introduction (Amdt-13)
117199,Woollahra_DCP_2015__chapter_c1_paddington_hca__C1_5_10 C3,is_current true->false,older-vintage Paddington duplicate (Amdt-7) of chapter_a1_introduction (Amdt-13)
117200,Woollahra_DCP_2015__chapter_c1_paddington_hca__C1_5_10 C4,is_current true->false,older-vintage Paddington duplicate (Amdt-7) of chapter_a1_introduction (Amdt-13)
117201,Woollahra_DCP_2015__chapter_c1_paddington_hca__C1_5_10 C5,is_current true->false,older-vintage Paddington duplicate (Amdt-7) of chapter_a1_introduction (Amdt-13)
117202,Woollahra_DCP_2015__chapter_c1_paddington_hca__C1_5_10 C6,is_current true->false,older-vintage Paddington duplicate (Amdt-7) of chapter_a1_introduction (Amdt-13)
117203,Woollahra_DCP_2015__chapter_c1_paddington_hca__C1_5_11 O1,is_current true->false,older-vintage Paddington duplicate (Amdt-7) of chapter_a1_introduction (Amdt-13)
117204,Woollahra_DCP_2015__chapter_c1_paddington_hca__C1_5_11 O2,is_current true->false,older-vintage Paddington duplicate (Amdt-7) of chapter_a1_introduction (Amdt-13)
117205,Woollahra_DCP_2015__chapter_c1_paddington_hca__C1_5_11 O3,is_current true->false,older-vintage Paddington duplicate (Amdt-7) of chapter_a1_introduction (Amdt-13)
117206,Woollahra_DCP_2015__chapter_c1_paddington_hca__C1_5_11 C1,is_current true->false,older-vintage Paddington duplicate (Amdt-7) of chapter_a1_introduction (Amdt-13)
117207,Woollahra_DCP_2015__chapter_c1_paddington_hca__C1_5_11 C2,is_current true->false,older-vintage Paddington duplicate (Amdt-7) of chapter_a1_introduction (Amdt-13)
117208,Woollahra_DCP_2015__chapter_c1_paddington_hca__C1_5_11 C3,is_current true->false,older-vintage Paddington duplicate (Amdt-7) of chapter_a1_introduction (Amdt-13)
117209,Woollahra_DCP_2015__chapter_c1_paddington_hca__C1_5_11 C4,is_current true->false,older-vintage Paddington duplicate (Amdt-7) of chapter_a1_introduction (Amdt-13)
117210,Woollahra_DCP_2015__chapter_c1_paddington_hca__C1_5_11 C5,is_current true->false,older-vintage Paddington duplicate (Amdt-7) of chapter_a1_introduction (Amdt-13)
117211,Woollahra_DCP_2015__chapter_c1_paddington_hca__C1_5_11 C6,is_current true->false,older-vintage Paddington duplicate (Amdt-7) of chapter_a1_introduction (Amdt-13)
117212,Woollahra_DCP_2015__chapter_c1_paddington_hca__C1_5_11 C7,is_current true->false,older-vintage Paddington duplicate (Amdt-7) of chapter_a1_introduction (Amdt-13)
117213,Woollahra_DCP_2015__chapter_c1_paddington_hca__C1_5_11 C8,is_current true->false,older-vintage Paddington duplicate (Amdt-7) of chapter_a1_introduction (Amdt-13)
117214,Woollahra_DCP_2015__chapter_c1_paddington_hca__C1_6_1 O1,is_current true->false,older-vintage Paddington duplicate (Amdt-7) of chapter_a1_introduction (Amdt-13)
117215,Woollahra_DCP_2015__chapter_c1_paddington_hca__C1_6_1 O2,is_current true->false,older-vintage Paddington duplicate (Amdt-7) of chapter_a1_introduction (Amdt-13)
117216,Woollahra_DCP_2015__chapter_c1_paddington_hca__C1_6_1 O3,is_current true->false,older-vintage Paddington duplicate (Amdt-7) of chapter_a1_introduction (Amdt-13)
117217,Woollahra_DCP_2015__chapter_c1_paddington_hca__C1_6_1 O4,is_current true->false,older-vintage Paddington duplicate (Amdt-7) of chapter_a1_introduction (Amdt-13)
117218,Woollahra_DCP_2015__chapter_c1_paddington_hca__C1_6_1 O5,is_current true->false,older-vintage Paddington duplicate (Amdt-7) of chapter_a1_introduction (Amdt-13)
117219,Woollahra_DCP_2015__chapter_c1_paddington_hca__C1_6_1 C1,is_current true->false,older-vintage Paddington duplicate (Amdt-7) of chapter_a1_introduction (Amdt-13)
117220,Woollahra_DCP_2015__chapter_c1_paddington_hca__C1_6_1 C2,is_current true->false,older-vintage Paddington duplicate (Amdt-7) of chapter_a1_introduction (Amdt-13)
117221,Woollahra_DCP_2015__chapter_c1_paddington_hca__C1_6_1 C3,is_current true->false,older-vintage Paddington duplicate (Amdt-7) of chapter_a1_introduction (Amdt-13)
117222,Woollahra_DCP_2015__chapter_c1_paddington_hca__C1_6_1 C4,is_current true->false,older-vintage Paddington duplicate (Amdt-7) of chapter_a1_introduction (Amdt-13)
117223,Woollahra_DCP_2015__chapter_c1_paddington_hca__C1_6_1 C5,is_current true->false,older-vintage Paddington duplicate (Amdt-7) of chapter_a1_introduction (Amdt-13)
117224,Woollahra_DCP_2015__chapter_c1_paddington_hca__C1_6_1 C6,is_current true->false,older-vintage Paddington duplicate (Amdt-7) of chapter_a1_introduction (Amdt-13)
117225,Woollahra_DCP_2015__chapter_c1_paddington_hca__C1_6_1 C7,is_current true->false,older-vintage Paddington duplicate (Amdt-7) of chapter_a1_introduction (Amdt-13)
117226,Woollahra_DCP_2015__chapter_c1_paddington_hca__C1_6_1 C8,is_current true->false,older-vintage Paddington duplicate (Amdt-7) of chapter_a1_introduction (Amdt-13)
117227,Woollahra_DCP_2015__chapter_c1_paddington_hca__C1_6_2 O1,is_current true->false,older-vintage Paddington duplicate (Amdt-7) of chapter_a1_introduction (Amdt-13)
117228,Woollahra_DCP_2015__chapter_c1_paddington_hca__C1_6_2 O2,is_current true->false,older-vintage Paddington duplicate (Amdt-7) of chapter_a1_introduction (Amdt-13)
117229,Woollahra_DCP_2015__chapter_c1_paddington_hca__C1_6_2 C1,is_current true->false,older-vintage Paddington duplicate (Amdt-7) of chapter_a1_introduction (Amdt-13)
117230,Woollahra_DCP_2015__chapter_c1_paddington_hca__C1_6_2 C2,is_current true->false,older-vintage Paddington duplicate (Amdt-7) of chapter_a1_introduction (Amdt-13)
117231,Woollahra_DCP_2015__chapter_c1_paddington_hca__C1_6_2 C3,is_current true->false,older-vintage Paddington duplicate (Amdt-7) of chapter_a1_introduction (Amdt-13)
117232,Woollahra_DCP_2015__chapter_c1_paddington_hca__C1_6_3 O1,is_current true->false,older-vintage Paddington duplicate (Amdt-7) of chapter_a1_introduction (Amdt-13)
117233,Woollahra_DCP_2015__chapter_c1_paddington_hca__C1_6_3 O2,is_current true->false,older-vintage Paddington duplicate (Amdt-7) of chapter_a1_introduction (Amdt-13)
117234,Woollahra_DCP_2015__chapter_c1_paddington_hca__C1_6_3 O3,is_current true->false,older-vintage Paddington duplicate (Amdt-7) of chapter_a1_introduction (Amdt-13)
117235,Woollahra_DCP_2015__chapter_c1_paddington_hca__C1_6_3 C1,is_current true->false,older-vintage Paddington duplicate (Amdt-7) of chapter_a1_introduction (Amdt-13)
117236,Woollahra_DCP_2015__chapter_c1_paddington_hca__C1_6_3 C2,is_current true->false,older-vintage Paddington duplicate (Amdt-7) of chapter_a1_introduction (Amdt-13)
117237,Woollahra_DCP_2015__chapter_c1_paddington_hca__C1_6_3 C3,is_current true->false,older-vintage Paddington duplicate (Amdt-7) of chapter_a1_introduction (Amdt-13)
117238,Woollahra_DCP_2015__chapter_c1_paddington_hca__C1_6_3 C4,is_current true->false,older-vintage Paddington duplicate (Amdt-7) of chapter_a1_introduction (Amdt-13)
