id,council,chapter_key,chapter_label,council_url,council_page_url,r2_current_path,r2_version_label,r2_public_pdf_url,content_hash,provisions_extracted_from_hash,url_content_length,url_etag,url_last_modified,is_active,needs_extraction,registration_status,last_extracted_at
226,woollahra,chapter-a1-introduction,Chapter A1 — Introduction,https://www.woollahra.nsw.gov.au/files/assets/public/v/1/plans-policies-publications/development-control-plans/repealed-dcps/woollahra_dcp_2015_repealed_12_october_2020_chapter_c1_paddington_hca.pdf,https://www.woollahra.nsw.gov.au/Building-and-development/Development-rules,source-pdfs/dcps/woollahra/v1.1-2026-05-11/chapter-a1-introduction.pdf,v1.1-2026-05-11,https://pub-7f3b945f2f0045d6991a6b9d6db51cd8.r2.dev/source-pdfs/dcps/woollahra/v1.1-2026-05-11/chapter-a1-introduction.pdf,eb92acf16cb67537adc86223966d256f48f3b4519486dcba40f5c0e4a88ad3d3,679238d69a252180a7fc8c3d1537fe52135cb18885d8e2e1334c628bf7f35eb2,5108905,"""e37fcf83-86da-45b1-aa4d-36ad5aefa634""","Tue, 26 Nov 2024 16:00:59 GMT",True,False,confirmed,2026-03-14 06:52:46.319504+00:00
227,woollahra,chapter-a3-definitions,Chapter A3 — Definitions,https://www.woollahra.nsw.gov.au/files/assets/public/v/1/plans-policies-publications/development-control-plans/repealed-dcps/woollahra_dcp_2015_-_repealed_2_january_2020_-_chapter_a3_definitions.pdf,https://www.woollahra.nsw.gov.au/Building-and-development/Development-rules,source-pdfs/dcps/woollahra/v1.1-2026-05-11/chapter-a3-definitions.pdf,v1.1-2026-05-11,https://pub-7f3b945f2f0045d6991a6b9d6db51cd8.r2.dev/source-pdfs/dcps/woollahra/v1.1-2026-05-11/chapter-a3-definitions.pdf,8c6ca709107b21313261d45e8e91c2f0fabcac03e94471f845fcd6400e2cffc0,5dcdc73329247644cec14b0125efa0791906af5cb300d9a72e05fcf8005a367c,852344,"""5f1074f2-e194-445a-8e80-4da092ca963e""","Tue, 26 Nov 2024 15:54:34 GMT",True,False,confirmed,2026-03-14 06:52:48.532316+00:00
228,woollahra,chapter-b1-residential-precincts,Chapter B1 — Residential Precincts,https://www.woollahra.nsw.gov.au/files/assets/public/v/1/plans-policies-publications/development-control-plans/repealed-dcps/woollahra-dcp-2015-repealed-7-december-2020-chapter_b1_residential_precincts.pdf,https://www.woollahra.nsw.gov.au/Building-and-development/Development-rules,source-pdfs/dcps/woollahra/v1.1-2026-05-11/chapter-b1-residential-precincts.pdf,v1.1-2026-05-11,https://pub-7f3b945f2f0045d6991a6b9d6db51cd8.r2.dev/source-pdfs/dcps/woollahra/v1.1-2026-05-11/chapter-b1-residential-precincts.pdf,83fa81b251a7cfc822ef418dfd143d673b25cac6a9687f656766bb3fa27c3517,f4bce89dd4a1911d9a02c3e429b98cefddf50e5ed2d3d9d16bf6e7b4bda24b82,3352775,"""dc746d46-68d4-454f-9e36-2f80b7c5c4e5""","Tue, 26 Nov 2024 15:54:08 GMT",True,False,confirmed,2026-03-14 06:52:53.702253+00:00
229,woollahra,chapter-b2-neighbourhood-hcas,Chapter B2 — Neighbourhood Heritage Conservation Areas,https://www.woollahra.nsw.gov.au/files/assets/public/v/1/plans-policies-publications/development-control-plans/repealed-dcps/repealed-06-december-2021-chapter-b2-neighbourhood-hcas.pdf,https://www.woollahra.nsw.gov.au/Building-and-development/Development-rules,source-pdfs/dcps/woollahra/v1.1-2026-05-11/chapter-b2-neighbourhood-hcas.pdf,v1.1-2026-05-11,https://pub-7f3b945f2f0045d6991a6b9d6db51cd8.r2.dev/source-pdfs/dcps/woollahra/v1.1-2026-05-11/chapter-b2-neighbourhood-hcas.pdf,f606b6fd651401bb9b6507efbed64d2541280b5609063c2c5102f36e5a779e5f,569fe564e574e1bd2f063493edc7914bf30d85ec99827d882cc2dd6719eb9d59,3573207,"""60bd169b-ac29-4717-80ff-fa9aab080007""","Tue, 26 Nov 2024 16:01:45 GMT",True,False,confirmed,2026-03-14 06:52:58.370626+00:00
230,woollahra,chapter-b3-general-development,Chapter B3 — General Development Controls,https://www.woollahra.nsw.gov.au/files/assets/public/v/1/plans-policies-publications/development-control-plans/repealed-dcps/repealed_19_april_2017_-_chapter_b3_general_development_controls.pdf,https://www.woollahra.nsw.gov.au/Building-and-development/Development-rules,source-pdfs/dcps/woollahra/v1.1-2026-05-11/chapter-b3-general-development.pdf,v1.1-2026-05-11,https://pub-7f3b945f2f0045d6991a6b9d6db51cd8.r2.dev/source-pdfs/dcps/woollahra/v1.1-2026-05-11/chapter-b3-general-development.pdf,e93ee0c4a046da617955416f5b99fee7a587734baa082cb2bf4b781212856fff,de8920bd91ab95eb25c4ec195b7eb699e0e1af30a3eafe7b42248c03281a9a56,2949123,"""77d8252c-4d53-4e6f-9128-7c8694b2c2b6""","Tue, 26 Nov 2024 16:00:49 GMT",True,False,confirmed,2026-03-14 06:53:08.508690+00:00
231,woollahra,chapter-b4-housing-accessible-areas,Chapter B4 — Housing in Accessible Areas,https://www.woollahra.nsw.gov.au/files/assets/public/v/1/building-and-development/documents/chapter-b4-housing-in-accessible-areas_2.pdf,https://www.woollahra.nsw.gov.au/Building-and-development/Development-rules,source-pdfs/dcps/woollahra/v1.0-baseline/chapter-b4-housing-accessible-areas.pdf,v1.0-baseline,https://pub-7f3b945f2f0045d6991a6b9d6db51cd8.r2.dev/source-pdfs/dcps/woollahra/v1.0-baseline/chapter-b4-housing-accessible-areas.pdf,1276df513424f6c43e1745afa2c25ec612123b3a29155093b30fb1c0ff480ff0,1276df513424f6c43e1745afa2c25ec612123b3a29155093b30fb1c0ff480ff0,573759,"""953ea315-d96f-4b61-930b-d645e67b6514""","Tue, 24 Feb 2026 04:25:02 GMT",True,False,confirmed,2026-03-14 06:53:11.018882+00:00
232,woollahra,chapter-c1-paddington-hca,Chapter C1 — Paddington Heritage Conservation Area,https://www.woollahra.nsw.gov.au/files/assets/public/v/1/plans-policies-publications/development-control-plans/repealed-dcps/woollahra_dcp_2015_-_repealed_2_january_2020_-_chapter_c1_paddington_hca.pdf,https://www.woollahra.nsw.gov.au/Building-and-development/Development-rules,source-pdfs/dcps/woollahra/v1.1-2026-05-11/chapter-c1-paddington-hca.pdf,v1.1-2026-05-11,https://pub-7f3b945f2f0045d6991a6b9d6db51cd8.r2.dev/source-pdfs/dcps/woollahra/v1.1-2026-05-11/chapter-c1-paddington-hca.pdf,d7a4d8f9151c284a2af5bfb2cb51d694736363fe7fcdaf1a36adfa3065bc9553,05c3a2a17a9022a0b7610b3959711732589e1fa4816814193663f42d4bfe8df2,4320233,"""c07f02b9-804b-4e2c-a61f-9a4220a5a595""","Tue, 26 Nov 2024 15:59:20 GMT",True,False,confirmed,2026-03-14 06:53:25.864486+00:00
233,woollahra,chapter-c2-woollahra-hca,Chapter C2 — Woollahra Heritage Conservation Area,https://www.woollahra.nsw.gov.au/files/assets/public/v/1/plans-policies-publications/development-control-plans/woollahra_hca_dcp_amendment_2.pdf,https://www.woollahra.nsw.gov.au/Building-and-development/Development-rules,source-pdfs/dcps/woollahra/v1.1-2026-05-11/chapter-c2-woollahra-hca.pdf,v1.1-2026-05-11,https://pub-7f3b945f2f0045d6991a6b9d6db51cd8.r2.dev/source-pdfs/dcps/woollahra/v1.1-2026-05-11/chapter-c2-woollahra-hca.pdf,27dc3af97771fe45d9b08e045d48255d9de3fdcd79a7219e0c9871dfdf8c73ca,89da3b7af6c5befb52f58df93138f26014eb7346c705ce5732d1a7c061dcb318,5906623,"""2b09abfb-093f-4e53-8457-1ec091f4468e""","Tue, 26 Nov 2024 15:47:59 GMT",True,False,confirmed,2026-03-14 06:53:47.973120+00:00
234,woollahra,chapter-c3-watsons-bay-hca,Chapter C3 — Watsons Bay Heritage Conservation Area,https://www.woollahra.nsw.gov.au/files/assets/public/v/1/plans-policies-publications/development-control-plans/watsons_bay_dcp_version_of_29_aug_2012.pdf,https://www.woollahra.nsw.gov.au/Building-and-development/Development-rules,source-pdfs/dcps/woollahra/v1.1-2026-05-11/chapter-c3-watsons-bay-hca.pdf,v1.1-2026-05-11,https://pub-7f3b945f2f0045d6991a6b9d6db51cd8.r2.dev/source-pdfs/dcps/woollahra/v1.1-2026-05-11/chapter-c3-watsons-bay-hca.pdf,144b59b297a7a3da5cfe9a6a0c72d26d429d7e00a94d8cf04bae7525e278eed0,d4122ed1a6155e80241531f572cb78afb0f282c9253674f43d8ab8087c2d411f,8068321,"""8c39904f-fe4c-4c88-a516-33af12758af3""","Tue, 26 Nov 2024 15:46:46 GMT",True,False,confirmed,2026-03-14 06:54:12.052220+00:00
235,woollahra,chapter-d4-edgecliff-centre,Chapter D4 — Edgecliff Centre,https://www.woollahra.nsw.gov.au/files/assets/public/v/1/plans-policies-publications/development-control-plans/repealed-dcps/repealed_16_march_2020_-_chapter_d4_edgecliff_centre.pdf,https://www.woollahra.nsw.gov.au/Building-and-development/Development-rules,source-pdfs/dcps/woollahra/v1.1-2026-05-11/chapter-d4-edgecliff-centre.pdf,v1.1-2026-05-11,https://pub-7f3b945f2f0045d6991a6b9d6db51cd8.r2.dev/source-pdfs/dcps/woollahra/v1.1-2026-05-11/chapter-d4-edgecliff-centre.pdf,439999360801402a48ddb947288c47d3b9c60b1917065df65b24e5a6c4dde061,37484825f449e6c63779e9061db31dbbb46d337ba33b9a42f43680cc49567e42,1410235,"""5857a0de-5068-4694-a93d-b98c8bee5378""","Tue, 26 Nov 2024 15:49:45 GMT",True,False,confirmed,2026-03-14 06:54:17.142605+00:00
236,woollahra,chapter-e1-parking-access,Chapter E1 — Parking and Access,https://www.woollahra.nsw.gov.au/files/assets/public/v/1/plans-policies-publications/development-control-plans/repealed-dcps/repealed_21_december_2016_-_chapter_e1_parking_and_access.pdf,https://www.woollahra.nsw.gov.au/Building-and-development/Development-rules,source-pdfs/dcps/woollahra/v1.1-2026-05-11/chapter-e1-parking-access.pdf,v1.1-2026-05-11,https://pub-7f3b945f2f0045d6991a6b9d6db51cd8.r2.dev/source-pdfs/dcps/woollahra/v1.1-2026-05-11/chapter-e1-parking-access.pdf,aece26b551b797ba8dc65c495431b266b67f9fea5077beae48198f37d9466fe8,e5c11a82017e1feecb178b001dc47c886f82d83f412789457b66af60de87655e,1023710,"""82ac8ec7-4203-4a66-af2f-14d077b03916""","Tue, 26 Nov 2024 15:56:45 GMT",True,False,confirmed,2026-03-14 06:54:20.869860+00:00
237,woollahra,chapter-e2-stormwater-flood,"Chapter E2 — Stormwater, Flood and Geotechnical Risk",https://www.woollahra.nsw.gov.au/files/assets/public/v/2/plans-policies-publications/development-control-plans/chapter-e2-stormwater-flood-and-geotechnical-risk-management.pdf,https://www.woollahra.nsw.gov.au/Building-and-development/Development-rules,source-pdfs/dcps/woollahra/v1.0-baseline/chapter-e2-stormwater-flood.pdf,v1.0-baseline,https://pub-7f3b945f2f0045d6991a6b9d6db51cd8.r2.dev/source-pdfs/dcps/woollahra/v1.0-baseline/chapter-e2-stormwater-flood.pdf,f002097f51e3af7a45d83f6d4a64890284bc5dd159d2f62c6215841656101144,f002097f51e3af7a45d83f6d4a64890284bc5dd159d2f62c6215841656101144,1040614,"""7f557bc7-7899-4987-8562-aea5d6a1fb43""","Fri, 29 Nov 2024 05:05:01 GMT",True,False,confirmed,2026-03-14 06:54:26.487665+00:00
238,woollahra,chapter-e3-tree-management,Chapter E3 — Tree Management,https://www.woollahra.nsw.gov.au/files/assets/public/v/1/plans-policies-publications/development-control-plans/repealed-dcps/repealed-14-july-2023-chapter-e3-tree-management.pdf,https://www.woollahra.nsw.gov.au/Building-and-development/Development-rules,source-pdfs/dcps/woollahra/v1.1-2026-05-11/chapter-e3-tree-management.pdf,v1.1-2026-05-11,https://pub-7f3b945f2f0045d6991a6b9d6db51cd8.r2.dev/source-pdfs/dcps/woollahra/v1.1-2026-05-11/chapter-e3-tree-management.pdf,f9d3582a623cec4c699c5c19742c3eee3d7a96111263b27705b4b7c0ed5c0dc8,5dc9bf507bed94fb08c2acd3d9ac8d70a8ce6254af8243f85bdc56fa7f1a20e9,812978,"""6e7e7b50-4d84-4939-9ff3-56b9c39e40ed""","Tue, 26 Nov 2024 16:02:04 GMT",True,False,confirmed,2026-03-14 06:54:29.612643+00:00
239,woollahra,chapter-e5-waste-management,Chapter E5 — Waste Management,https://www.woollahra.nsw.gov.au/files/assets/public/v/1/plans-policies-publications/development-control-plans/repealed-dcps/repealed_20_january_2020_-_chapter_e5_waste_management.pdf,https://www.woollahra.nsw.gov.au/Building-and-development/Development-rules,source-pdfs/dcps/woollahra/v1.1-2026-05-11/chapter-e5-waste-management.pdf,v1.1-2026-05-11,https://pub-7f3b945f2f0045d6991a6b9d6db51cd8.r2.dev/source-pdfs/dcps/woollahra/v1.1-2026-05-11/chapter-e5-waste-management.pdf,65589ab1db59f08cc8760f54f22e6e7d3201655865c2b42bc423f9293062e91e,b82a91b51722b9f3f25125c38191303111688bef3b78aaa9e882b5b8b4e77e81,856082,"""955d07e5-36f3-4e31-8147-ad2e15cb7dce""","Tue, 26 Nov 2024 15:52:00 GMT",True,False,confirmed,2026-03-14 06:54:31.355699+00:00
240,woollahra,chapter-e6-sustainability,Chapter E6 — Sustainability,https://www.woollahra.nsw.gov.au/files/assets/public/v/3/plans-policies-publications/development-control-plans/repealed-dcps/repealed_22_december_2023_chapter-e6-sustainability.pdf,https://www.woollahra.nsw.gov.au/Building-and-development/Development-rules,source-pdfs/dcps/woollahra/v1.1-2026-05-11/chapter-e6-sustainability.pdf,v1.1-2026-05-11,https://pub-7f3b945f2f0045d6991a6b9d6db51cd8.r2.dev/source-pdfs/dcps/woollahra/v1.1-2026-05-11/chapter-e6-sustainability.pdf,cb0226fc0e82eb36c41cadbd4eca4bfe9abb6b565db38177fcc7358db10f4657,e704c51a31b9709072201938681f5873c64a6db9d3e3b7df3269bf3176f24a0d,813738,"""4fe15cb4-a64f-4447-981d-171ef85fc8db""","Tue, 26 Nov 2024 15:58:37 GMT",True,False,confirmed,2026-03-14 06:54:32.893190+00:00
394,woollahra,woollahra-community-participation-plan,Woollahra Community Participation Plan,https://www.woollahra.nsw.gov.au/files/assets/public/v/2/plans-policies-publications/community-participation-plan-2019-cpp-amendment-1.pdf,https://www.woollahra.nsw.gov.au/Building-and-development/Development-rules,,v1.0-baseline,,,,,,,False,False,rejected,
396,woollahra,chapter-d1-neighbourhood-centres,Chapter D1 - Neighbourhood Centres,https://www.woollahra.nsw.gov.au/files/assets/public/v/3/plans-policies-publications/development-control-plans/repealed-dcps/repealed_22_december_2023_chapter-d1-neighbourhood-centres.pdf,https://www.woollahra.nsw.gov.au/Building-and-development/Development-rules,source-pdfs/dcps/woollahra/v1.1-2026-05-18/chapter-d1-neighbourhood-centres.pdf,v1.1-2026-05-18,https://pub-7f3b945f2f0045d6991a6b9d6db51cd8.r2.dev/source-pdfs/dcps/woollahra/v1.1-2026-05-18/chapter-d1-neighbourhood-centres.pdf,958daf067d53424918d234736c4ef20d710644a58d0cfa88b4d26091484dc287,958daf067d53424918d234736c4ef20d710644a58d0cfa88b4d26091484dc287,2560539,"""e3219adc-2d1b-4aa6-82aa-d6189f6b710a""","Tue, 26 Nov 2024 15:55:05 GMT",True,False,confirmed,2026-05-21 05:03:33.373441+00:00
398,woollahra,chapter-d2-mixed-use-centres,Chapter D2 - Mixed Use Centres,https://www.woollahra.nsw.gov.au/files/assets/public/v/1/building-and-development/documents/repealed-31-may-2024-chapter-d2-mixed-use-centres.pdf,https://www.woollahra.nsw.gov.au/Building-and-development/Development-rules,source-pdfs/dcps/woollahra/v1.1-2026-05-18/chapter-d2-mixed-use-centres.pdf,v1.1-2026-05-18,https://pub-7f3b945f2f0045d6991a6b9d6db51cd8.r2.dev/source-pdfs/dcps/woollahra/v1.1-2026-05-18/chapter-d2-mixed-use-centres.pdf,12e37e42cde78466495dfe311d44f228f10927cb4c9dba274d6ae227253045ac,12e37e42cde78466495dfe311d44f228f10927cb4c9dba274d6ae227253045ac,2229183,"""b68032d0-9f02-4d19-ba33-7667166ef48b""","Tue, 26 Nov 2024 15:46:40 GMT",True,False,confirmed,2026-05-21 05:03:45.387183+00:00
400,woollahra,chapter-d3-general-controls-for-neighbourhood-and-mixed-use-centres,Chapter D3 - General Controls for Neighbourhood and Mixed Use Centres,https://www.woollahra.nsw.gov.au/files/assets/public/v/1/plans-policies-publications/development-control-plans/repealed-dcps/repealed-12-april-2021-chapter-d3-general-controls-for-neighbourhood-and-mixed-use-centres.pdf,https://www.woollahra.nsw.gov.au/Building-and-development/Development-rules,source-pdfs/dcps/woollahra/v1.1-2026-05-18/chapter-d3-general-controls-for-neighbourhood-and-mixed-use-centres.pdf,v1.1-2026-05-18,https://pub-7f3b945f2f0045d6991a6b9d6db51cd8.r2.dev/source-pdfs/dcps/woollahra/v1.1-2026-05-18/chapter-d3-general-controls-for-neighbourhood-and-mixed-use-centres.pdf,558a5305dbea52b4a5c5cb9c151cda37ec491cc7f4db5950a091d5edd0ab1512,558a5305dbea52b4a5c5cb9c151cda37ec491cc7f4db5950a091d5edd0ab1512,1523969,"""a3acc721-de29-4ffa-9706-5ee14ad42d19""","Tue, 26 Nov 2024 15:50:53 GMT",True,False,confirmed,2026-05-21 05:04:16.424729+00:00
402,woollahra,chapter-d6-rose-bay-centre,Chapter D6 - Rose Bay Centre,https://www.woollahra.nsw.gov.au/files/assets/public/v/1/plans-policies-publications/development-control-plans/repealed-dcps/repealed_16_march_2020_-_chapter_d6_rose_bay_centre.pdf,https://www.woollahra.nsw.gov.au/Building-and-development/Development-rules,source-pdfs/dcps/woollahra/v1.1-2026-05-18/chapter-d6-rose-bay-centre.pdf,v1.1-2026-05-18,https://pub-7f3b945f2f0045d6991a6b9d6db51cd8.r2.dev/source-pdfs/dcps/woollahra/v1.1-2026-05-18/chapter-d6-rose-bay-centre.pdf,60c3098a243b41cc26e3a77ee0f50a18bd2756c4896c139fd37cbea47e9f2475,60c3098a243b41cc26e3a77ee0f50a18bd2756c4896c139fd37cbea47e9f2475,4178859,"""c65cbf26-1d41-49d6-bc7b-db8cfada32a1""","Tue, 26 Nov 2024 15:51:40 GMT",True,False,confirmed,2026-05-21 05:04:04.840741+00:00
404,woollahra,chapter-e4-contaminated-land,Chapter E4 - Contaminated Land,https://www.woollahra.nsw.gov.au/files/assets/public/v/1/plans-policies-publications/development-control-plans/chapter_e4_contaminated_land.pdf,https://www.woollahra.nsw.gov.au/Building-and-development/Development-rules,source-pdfs/dcps/woollahra/v1.0-baseline/chapter-e4-contaminated-land.pdf,v1.0-baseline,https://pub-7f3b945f2f0045d6991a6b9d6db51cd8.r2.dev/source-pdfs/dcps/woollahra/v1.0-baseline/chapter-e4-contaminated-land.pdf,f948367227e9b33790086d549f42d85d14fe9bd4cae6d4dce63cf74a39a01321,,249168,"""06387504-ecb2-4d79-9e1e-bad03e9ed190""","Tue, 26 Nov 2024 16:02:00 GMT",True,False,confirmed,
406,woollahra,chapter-e7-signage,Chapter E7 - Signage,https://www.woollahra.nsw.gov.au/files/assets/public/v/1/building-and-development/documents/repealed-31-may-2024-chapter-e7-signage.pdf,https://www.woollahra.nsw.gov.au/Building-and-development/Development-rules,source-pdfs/dcps/woollahra/v1.1-2026-05-18/chapter-e7-signage.pdf,v1.1-2026-05-18,https://pub-7f3b945f2f0045d6991a6b9d6db51cd8.r2.dev/source-pdfs/dcps/woollahra/v1.1-2026-05-18/chapter-e7-signage.pdf,8dc3a62726338c219c665e491046d96f9a327d8c6982a5224954f173008c214e,8dc3a62726338c219c665e491046d96f9a327d8c6982a5224954f173008c214e,1080798,"""739d55a4-9c52-499f-bf85-d6bceedb8a1c""","Tue, 26 Nov 2024 15:54:38 GMT",True,False,confirmed,2026-05-21 05:03:51.217248+00:00
408,woollahra,chapter-e8-adaptable-housing,Chapter E8 - Adaptable Housing,https://www.woollahra.nsw.gov.au/files/assets/public/v/1/plans-policies-publications/development-control-plans/repealed-dcps/woollahra-dcp-2015-repealed-7-december-2020-chapter_e8_adaptable_housing.pdf,https://www.woollahra.nsw.gov.au/Building-and-development/Development-rules,source-pdfs/dcps/woollahra/v1.1-2026-05-18/chapter-e8-adaptable-housing.pdf,v1.1-2026-05-18,https://pub-7f3b945f2f0045d6991a6b9d6db51cd8.r2.dev/source-pdfs/dcps/woollahra/v1.1-2026-05-18/chapter-e8-adaptable-housing.pdf,4a9ce5668ae7b5a28fb76913aea5365ba37ae3f14b991a771fa0a65b195e0334,4a9ce5668ae7b5a28fb76913aea5365ba37ae3f14b991a771fa0a65b195e0334,804650,"""d8fe2986-c717-47d8-87aa-2d2fc901f441""","Tue, 26 Nov 2024 15:50:08 GMT",True,False,confirmed,2026-05-21 05:04:21.119231+00:00
410,woollahra,chapter-f1-child-care-centres,Chapter F1 - Child Care Centres,https://www.woollahra.nsw.gov.au/files/assets/public/v/1/plans-policies-publications/development-control-plans/child_care_centres_dcp.pdf,https://www.woollahra.nsw.gov.au/Building-and-development/Development-rules,source-pdfs/dcps/woollahra/v1.1-2026-05-18/chapter-f1-child-care-centres.pdf,v1.1-2026-05-18,https://pub-7f3b945f2f0045d6991a6b9d6db51cd8.r2.dev/source-pdfs/dcps/woollahra/v1.1-2026-05-18/chapter-f1-child-care-centres.pdf,9643a25fa9459fa1509e183aa249414f3db1a0db927e919e1c8e9bc706048922,9643a25fa9459fa1509e183aa249414f3db1a0db927e919e1c8e9bc706048922,539077,"""a07c2d6c-0acd-47f8-8c8f-513ddffc77c5""","Tue, 26 Nov 2024 15:55:09 GMT",True,False,confirmed,2026-05-21 05:03:41.047435+00:00
412,woollahra,chapter-f2-educational-establishments,Chapter F2 - Educational Establishments,https://www.woollahra.nsw.gov.au/files/assets/public/v/1/plans-policies-publications/development-control-plans/chapter_f2_educational_establishments.pdf,https://www.woollahra.nsw.gov.au/Building-and-development/Development-rules,source-pdfs/dcps/woollahra/v1.0-baseline/chapter-f2-educational-establishments.pdf,v1.0-baseline,https://pub-7f3b945f2f0045d6991a6b9d6db51cd8.r2.dev/source-pdfs/dcps/woollahra/v1.0-baseline/chapter-f2-educational-establishments.pdf,a135301e76119faa53e8b2e3610321d67770eb6e1442115ad1f4a5da31b9ee4e,,303978,"""f0849b4b-55a2-402b-a4c1-9126a50f7451""","Tue, 26 Nov 2024 15:55:54 GMT",True,False,confirmed,
414,woollahra,chapter-f3-licensed-premises,Chapter F3 - Licensed Premises,https://www.woollahra.nsw.gov.au/files/assets/public/v/1/plans-policies-publications/development-control-plans/repealed-dcps/repealed_20_january_2020_-_chapter_f3_licensed_premises.pdf,https://www.woollahra.nsw.gov.au/Building-and-development/Development-rules,source-pdfs/dcps/woollahra/v1.1-2026-05-18/chapter-f3-licensed-premises.pdf,v1.1-2026-05-18,https://pub-7f3b945f2f0045d6991a6b9d6db51cd8.r2.dev/source-pdfs/dcps/woollahra/v1.1-2026-05-18/chapter-f3-licensed-premises.pdf,ef55cbade863f14f8813a36206627b91e21856629fbf8a247574e6deb798489d,ef55cbade863f14f8813a36206627b91e21856629fbf8a247574e6deb798489d,802879,"""025b5f99-b30f-4d21-b462-6e41ecc74d71""","Tue, 26 Nov 2024 16:01:12 GMT",True,False,confirmed,2026-05-21 05:03:56.221352+00:00
416,woollahra,chapter-f4-telecommunications,Chapter F4 - Telecommunications,https://www.woollahra.nsw.gov.au/files/assets/public/v/1/plans-policies-publications/development-control-plans/chapter_f4_telecommunications.pdf,https://www.woollahra.nsw.gov.au/Building-and-development/Development-rules,source-pdfs/dcps/woollahra/v1.0-baseline/chapter-f4-telecommunications.pdf,v1.0-baseline,https://pub-7f3b945f2f0045d6991a6b9d6db51cd8.r2.dev/source-pdfs/dcps/woollahra/v1.0-baseline/chapter-f4-telecommunications.pdf,d5a2948ddeb159ad751771deb8301aa8158bcb36b3032d55cee1aaa0c8fd8cd0,,238753,"""6d8d5bc8-43fb-4c4d-9a2d-6525123b85ad""","Tue, 26 Nov 2024 15:59:13 GMT",True,False,confirmed,
418,woollahra,chapter-g1-babworth-house-darling-point,"Chapter G1 - Babworth House, Darling Point",https://www.woollahra.nsw.gov.au/files/assets/public/v/1/plans-policies-publications/development-control-plans/chapter_g1_babworth_house.pdf,https://www.woollahra.nsw.gov.au/Building-and-development/Development-rules,,v1.0-baseline,,,,,,,False,False,rejected,
420,woollahra,chapter-g2-kilmory-point-piper,"Chapter G2 - Kilmory, Point Piper",https://www.woollahra.nsw.gov.au/files/assets/public/v/1/plans-policies-publications/development-control-plans/chapter_g2_kilmory.pdf,https://www.woollahra.nsw.gov.au/Building-and-development/Development-rules,,v1.0-baseline,,,,,,,False,False,rejected,
422,woollahra,chapter-g3-hawthornden-woollahra,"Chapter G3 - Hawthornden, Woollahra",https://www.woollahra.nsw.gov.au/files/assets/public/v/1/plans-policies-publications/development-control-plans/chapter_g3_hawthornden.pdf,https://www.woollahra.nsw.gov.au/Building-and-development/Development-rules,,v1.0-baseline,,,,,,,False,False,rejected,
424,woollahra,chapter-g4-9a-cooper-park-road-bellevue-hill,"Chapter G4 - 9a Cooper Park Road, Bellevue Hill",https://www.woollahra.nsw.gov.au/files/assets/public/v/1/plans-policies-publications/development-control-plans/chapter-g4-9a-cooper-park-road.pdf,https://www.woollahra.nsw.gov.au/Building-and-development/Development-rules,,v1.0-baseline,,,,,,,False,False,rejected,
425,woollahra,chapter-g5-3-9-sisters-lane-edgecliff,"Chapter G5 - 3-9 Sisters Lane, Edgecliff",https://www.woollahra.nsw.gov.au/files/assets/public/v/1/plans-policies-publications/development-control-plans/chapter_g5_3-9_sisters_lane.pdf,https://www.woollahra.nsw.gov.au/Building-and-development/Development-rules,,v1.0-baseline,,,,,,,False,False,rejected,
427,woollahra,chapter-g6-4a-nelson-street-and-118-wallis-street-woollahra,"Chapter G6 - 4A Nelson Street and 118 Wallis Street, Woollahra",https://www.woollahra.nsw.gov.au/files/assets/public/v/1/plans-policies-publications/development-control-plans/chapter_g6_4a_nelson_street_and_118_wallis_street.pdf,https://www.woollahra.nsw.gov.au/Building-and-development/Development-rules,,v1.0-baseline,,,,,,,False,False,rejected,
429,woollahra,chapter-g7-former-royal-women-s-hospital-paddington,"Chapter G7 - Former Royal Women’s Hospital, Paddington",https://www.woollahra.nsw.gov.au/files/assets/public/v/1/plans-policies-publications/development-control-plans/chapter_g7_former_royal_womens_hospital.pdf,https://www.woollahra.nsw.gov.au/Building-and-development/Development-rules,,v1.0-baseline,,,,,,,False,False,rejected,
431,woollahra,chapter-g8-252-254-new-south-head-road-double-bay,"Chapter G8 - 252-254 New South Head Road, Double Bay",https://www.woollahra.nsw.gov.au/files/assets/public/v/3/plans-policies-publications/development-control-plans/chapter-g8-252-254-new-south-head-road-double-bay.pdf,https://www.woollahra.nsw.gov.au/Building-and-development/Development-rules,,v1.0-baseline,,,,,,,False,False,rejected,
433,woollahra,chapter-g9-488-492-old-south-head-road-and-30-albemarle-avenue-rose-bay,"Chapter G9 - 488-492 Old South Head Road and 30 Albemarle Avenue, Rose Bay",https://www.woollahra.nsw.gov.au/files/assets/public/v/1/building-and-development/documents/chapter-g9-488-492-old-south-head-road-30-albemarle-avenue.pdf,https://www.woollahra.nsw.gov.au/Building-and-development/Development-rules,,v1.0-baseline,,,,,,,False,False,rejected,
435,woollahra,chapter-g10-136-148-new-south-head-road-edgecliff,"Chapter G10 - 136-148 New South Head Road, Edgecliff",https://www.woollahra.nsw.gov.au/files/assets/public/v/1/building-and-development/chapter-g10-136-148-new-south-head-road.pdf,https://www.woollahra.nsw.gov.au/Building-and-development/Development-rules,,v1.0-baseline,,,,,,,False,False,rejected,
437,woollahra,woollahra-dcp-2015-full-document,Woollahra DCP 2015 Full Document,https://www.woollahra.nsw.gov.au/files/assets/public/v/12/plans-policies-publications/development-control-plans/consolidated-wdcp-2015.pdf,https://www.woollahra.nsw.gov.au/Building-and-development/Development-rules,,v1.0-baseline,,,,,,,False,False,rejected,
439,woollahra,repealed-24-february-2026-wdcp-2015-full-document,Repealed 24 February 2026 - WDCP 2015 - Full Document,https://www.woollahra.nsw.gov.au/files/assets/public/v/1/building-and-development/documents/repealed-24-february-2026-consolidated-wdcp-2015.pdf,https://www.woollahra.nsw.gov.au/Building-and-development/Development-rules,,v1.0-baseline,,,,,,,False,False,rejected,
441,woollahra,repealed-23-may-2025-wdcp-2015-full-document,Repealed 23 May 2025 - WDCP 2015 Full Document,https://www.woollahra.nsw.gov.au/files/assets/public/v/1/plans-policies-publications/development-control-plans/repealed-dcps/repealed-23-may-2025-consolidated-wdcp-2015.pdf,https://www.woollahra.nsw.gov.au/Building-and-development/Development-rules,,v1.0-baseline,,,,,,,False,False,rejected,
443,woollahra,repealed-2-december-2024-chapter-d3-general-controls-for-neighbourhood-and-mixed,Repealed 2 December 2024 - Chapter D3 General Controls for Neighbourhood and Mixed Use Centres,https://www.woollahra.nsw.gov.au/files/assets/public/v/1/plans-policies-publications/development-control-plans/repealed-dcps/repealed-2-december-2024-chapter-d3-general-controls-for-neighbourhood-and-mixed-use-centres.pdf,https://www.woollahra.nsw.gov.au/Building-and-development/Development-rules,,v1.0-baseline,,,,,,,False,False,rejected,
445,woollahra,repealed-2-december-2024-chapter-d5-double-bay-centre,Repealed 2 December 2024 - Chapter D5 Double Bay Centre,https://www.woollahra.nsw.gov.au/files/assets/public/v/2/plans-policies-publications/development-control-plans/repealed-dcps/repealed-2-december-2024-chapter-d5-double-bay-centre.pdf,https://www.woollahra.nsw.gov.au/Building-and-development/Development-rules,,v1.0-baseline,,,,,,,False,False,rejected,
447,woollahra,repealed-2-december-2024-chapter-d6-rose-bay-centre,Repealed 2 December 2024 - Chapter D6 Rose Bay Centre,https://www.woollahra.nsw.gov.au/files/assets/public/v/1/plans-policies-publications/development-control-plans/repealed-dcps/repealed-2-december-2024-chapter-d6-rose-bay-centre.pdf,https://www.woollahra.nsw.gov.au/Building-and-development/Development-rules,,v1.0-baseline,,,,,,,False,False,rejected,
449,woollahra,repealed-2-december-2024-chapter-e2-stormwater-and-flood-risk-management,Repealed 2 December 2024 - Chapter E2 Stormwater and Flood Risk Management,https://www.woollahra.nsw.gov.au/files/assets/public/v/1/plans-policies-publications/development-control-plans/repealed-dcps/repealed-2-december-2024-chapter-e2-stormwater-and-flood-risk-management.pdf,https://www.woollahra.nsw.gov.au/Building-and-development/Development-rules,,v1.0-baseline,,,,,,,False,False,rejected,
451,woollahra,repealed-2-december-2024-wdcp-2015-full-document,Repealed 2 December 2024 -  WDCP 2015 Full Document,https://www.woollahra.nsw.gov.au/files/assets/public/v/1/plans-policies-publications/development-control-plans/repealed-dcps/consolidated-wdcp-2015-as-at-2-december-2024.pdf,https://www.woollahra.nsw.gov.au/Building-and-development/Development-rules,,v1.0-baseline,,,,,,,False,False,rejected,
453,woollahra,repealed-23-august-2024-wdcp-2015-full-document,Repealed 23 August 2024 - WDCP 2015 - Full Document,https://www.woollahra.nsw.gov.au/files/assets/public/v/1/plans-policies-publications/development-control-plans/repealed-dcps/consolidated-wdcp-2015-as-at-23-august-2024.pdf,https://www.woollahra.nsw.gov.au/Building-and-development/Development-rules,,v1.0-baseline,,,,,,,False,False,rejected,
456,woollahra,repealed-26-july-2024-woollahra-dcp-2015-full-document,Repealed 26 July 2024 - Woollahra DCP 2015 Full Document,https://www.woollahra.nsw.gov.au/files/assets/public/v/3/plans-policies-publications/development-control-plans/repealed-dcps/repealed-consolidated-wdcp-2015.pdf,https://www.woollahra.nsw.gov.au/Building-and-development/Development-rules,,v1.0-baseline,,,,,,,False,False,rejected,
459,woollahra,repealed-31-may-2024-chapter-d1-neighbourhood-centres,Repealed 31 May 2024 - Chapter D1 - Neighbourhood Centres,https://www.woollahra.nsw.gov.au/files/assets/public/v/1/building-and-development/documents/repealed-31-may-2024-chapter-d1-neighbourhood-centres.pdf,https://www.woollahra.nsw.gov.au/Building-and-development/Development-rules,,v1.0-baseline,,,,,,,False,False,rejected,
462,woollahra,repealed-31-may-2024-chapter-d2-mixed-use-centres,Repealed 31 May 2024 - Chapter D2 - Mixed Use Centres,https://www.woollahra.nsw.gov.au/files/assets/public/v/1/building-and-development/documents/repealed-31-may-2024-chapter-d2-mixed-use-centres.pdf,https://www.woollahra.nsw.gov.au/Building-and-development/Development-rules,,v1.0-baseline,,,,,,,False,False,rejected,
465,woollahra,repealed-31-may-2024-chapter-d3-general-controls-for-neighbourhood-and-mixed-use,Repealed 31 May 2024 - Chapter D3 - General Controls for Neighbourhood and Mixed Use Centres,https://www.woollahra.nsw.gov.au/files/assets/public/v/1/building-and-development/documents/repealed-31-may-2024-chapter-d3-general-controls-for-neighbourhood-and-mixed-use-centres.pdf,https://www.woollahra.nsw.gov.au/Building-and-development/Development-rules,,v1.0-baseline,,,,,,,False,False,rejected,
467,woollahra,repealed-31-may-2024-chapter-e7-signage,Repealed 31 May 2024 - Chapter E7 - Signage,https://www.woollahra.nsw.gov.au/files/assets/public/v/1/building-and-development/documents/repealed-31-may-2024-chapter-e7-signage.pdf,https://www.woollahra.nsw.gov.au/Building-and-development/Development-rules,,v1.0-baseline,,,,,,,False,False,rejected,
469,woollahra,repealed-31-may-2024-chapter-f3-licensed-premises,Repealed 31 May 2024 - Chapter F3 - Licensed Premises,https://www.woollahra.nsw.gov.au/files/assets/public/v/1/building-and-development/documents/repealed-31-may-2024-chapter-f3-licensed-premises.pdf,https://www.woollahra.nsw.gov.au/Building-and-development/Development-rules,,v1.0-baseline,,,,,,,False,False,rejected,
471,woollahra,repealed-31-may-2024-wdcp-2015-full-document,Repealed 31 May 2024 - WDCP 2015 Full Document,https://www.woollahra.nsw.gov.au/files/assets/public/v/1/building-and-development/documents/repealed-31-may-2024-wdcp-2015-full-document.pdf,https://www.woollahra.nsw.gov.au/Building-and-development/Development-rules,,v1.0-baseline,,,,,,,False,False,rejected,
473,woollahra,repealed-22-december-2023-chapter-d1-neighbourhood-centres,Repealed 22 December 2023 - Chapter D1 - Neighbourhood Centres,https://www.woollahra.nsw.gov.au/files/assets/public/v/3/plans-policies-publications/development-control-plans/repealed-dcps/repealed_22_december_2023_chapter-d1-neighbourhood-centres.pdf,https://www.woollahra.nsw.gov.au/Building-and-development/Development-rules,,v1.0-baseline,,,,,,,False,False,rejected,
475,woollahra,repealed-22-december-2023-woollahra-dcp-2015-full-document,Repealed 22 December 2023 - Woollahra DCP 2015 Full Document,https://www.woollahra.nsw.gov.au/files/assets/public/v/2/plans-policies-publications/development-control-plans/repealed-dcps/repealed_22_december_2023_consolidated-wdcp-2015.pdf,https://www.woollahra.nsw.gov.au/Building-and-development/Development-rules,,v1.0-baseline,,,,,,,False,False,rejected,
477,woollahra,repealed-8-december-2023-chapter-d3-general-controls-for-neighbourhood-and-mixed,Repealed 8 December 2023 - Chapter D3 - General Controls for Neighbourhood and Mixed user centres,https://www.woollahra.nsw.gov.au/files/assets/public/v/2/plans-policies-publications/development-control-plans/repealed-dcps/repealed-8-december-2023-chapter-d3-general-controls-for-neighbourhood-and-mixed-use-centres.pdf,https://www.woollahra.nsw.gov.au/Building-and-development/Development-rules,,v1.0-baseline,,,,,,,False,False,rejected,
479,woollahra,repealed-8-december-2023-chapter-d5-double-bay-centre,Repealed 8 December 2023 - Chapter D5 - Double Bay Centre,https://www.woollahra.nsw.gov.au/files/assets/public/v/2/plans-policies-publications/development-control-plans/repealed-dcps/repealed-8-december-2023-chapter-d5-double-bay-centre.pdf,https://www.woollahra.nsw.gov.au/Building-and-development/Development-rules,,v1.0-baseline,,,,,,,False,False,rejected,
481,woollahra,repealed-8-december-2023-chapter-d6-rose-bay-centre,Repealed 8 December 2023 - Chapter D6 Rose Bay Centre,https://www.woollahra.nsw.gov.au/files/assets/public/v/2/plans-policies-publications/development-control-plans/repealed-dcps/repealed-8-december-2023-chapter-d6-rose-bay-centre.pdf,https://www.woollahra.nsw.gov.au/Building-and-development/Development-rules,,v1.0-baseline,,,,,,,False,False,rejected,
482,woollahra,repealed-8-december-2023-woollahra-dcp-2015-full-document,Repealed 8 December 2023 - Woollahra DCP 2015 Full Document,https://www.woollahra.nsw.gov.au/files/assets/public/v/1/plans-policies-publications/development-control-plans/repealed-dcps/repealed-8-december-2023-consolidated-wdcp-2015.pdf,https://www.woollahra.nsw.gov.au/Building-and-development/Development-rules,,v1.0-baseline,,,,,,,False,False,rejected,
484,woollahra,repealed-6-december-2021-chapter-d5-double-bay-centre,Repealed 6 December 2021 - Chapter D5 - Double Bay Centre,https://www.woollahra.nsw.gov.au/files/assets/public/v/1/plans-policies-publications/development-control-plans/repealed-dcps/repealed-06-december-2021-chapter-d5-double-bay-centre.pdf,https://www.woollahra.nsw.gov.au/Building-and-development/Development-rules,,v1.0-baseline,,,,,,,False,False,rejected,
486,woollahra,repealed-6-december-2021-chapter-e2-stormwater-and-flood-risk-management,Repealed 6 December 2021 - Chapter E2 - Stormwater and Flood Risk Management,https://www.woollahra.nsw.gov.au/files/assets/public/v/1/plans-policies-publications/development-control-plans/repealed-dcps/repealed-06-december-2021-chapter-e2-stormwater-and-flood-risk-management.pdf,https://www.woollahra.nsw.gov.au/Building-and-development/Development-rules,,v1.0-baseline,,,,,,,False,False,rejected,
488,woollahra,repealed-30-august-2021-chapter-d3-general-controls-for-neighbourhood-and-mixed-,Repealed 30 August 2021 - Chapter D3 - General Controls for Neighbourhood and Mixed Use Centres,https://www.woollahra.nsw.gov.au/files/assets/public/v/1/plans-policies-publications/development-control-plans/repealed-dcps/repealed-30-august-2021-chapter-d3-general-controls-for-neighbourhood-and-mixed-use-centres.pdf,https://www.woollahra.nsw.gov.au/Building-and-development/Development-rules,,v1.0-baseline,,,,,,,False,False,rejected,
490,woollahra,repealed-30-august-2021-chapter-d5-double-bay-centre,Repealed 30 August 2021 - Chapter D5 - Double Bay Centre,https://www.woollahra.nsw.gov.au/files/assets/public/v/1/plans-policies-publications/development-control-plans/repealed-dcps/repealed-30-august-2021-chapter-d5-double-bay-centre.pdf,https://www.woollahra.nsw.gov.au/Building-and-development/Development-rules,,v1.0-baseline,,,,,,,False,False,rejected,
492,woollahra,repealed-30-august-2021-chapter-d6-rose-bay-centre,Repealed 30 August 2021 - Chapter D6 - Rose Bay Centre,https://www.woollahra.nsw.gov.au/files/assets/public/v/1/plans-policies-publications/development-control-plans/repealed-dcps/repealed-30-august-2021-chapter-d6-rose-bay-centre.pdf,https://www.woollahra.nsw.gov.au/Building-and-development/Development-rules,,v1.0-baseline,,,,,,,False,False,rejected,
494,woollahra,repealed-12-april-2021-chapter-d3-general-controls-for-neighbourhood-and-mixed-u,Repealed 12 April 2021 - Chapter D3 - General Controls for Neighbourhood and Mixed Use Centres,https://www.woollahra.nsw.gov.au/files/assets/public/v/1/plans-policies-publications/development-control-plans/repealed-dcps/repealed-12-april-2021-chapter-d3-general-controls-for-neighbourhood-and-mixed-use-centres.pdf,https://www.woollahra.nsw.gov.au/Building-and-development/Development-rules,,v1.0-baseline,,,,,,,False,False,rejected,
496,woollahra,repealed-12-april-2021-chapter-g4-9a-cooper-park-road,Repealed 12 April 2021 - Chapter G4 - 9A Cooper Park Road,https://www.woollahra.nsw.gov.au/files/assets/public/v/1/plans-policies-publications/development-control-plans/repealed-dcps/repealed-12-april-2021-chapter-g4-9a-cooper-park-road.pdf,https://www.woollahra.nsw.gov.au/Building-and-development/Development-rules,,v1.0-baseline,,,,,,,False,False,rejected,
498,woollahra,repealed-7-december-2020-chapter-d6-rose-bay-centre,Repealed 7 December 2020 - Chapter D6 - Rose Bay Centre,https://www.woollahra.nsw.gov.au/files/assets/public/v/1/plans-policies-publications/development-control-plans/repealed-dcps/woollahra-dcp-2015-repealed-7-december-2020-chapter_d6_rose_bay_centre.pdf,https://www.woollahra.nsw.gov.au/Building-and-development/Development-rules,,v1.0-baseline,,,,,,,False,False,rejected,
500,woollahra,repealed-7-december-2020-chapter-e8-adaptable-housing,Repealed 7 December 2020 - Chapter E8 - Adaptable Housing,https://www.woollahra.nsw.gov.au/files/assets/public/v/1/plans-policies-publications/development-control-plans/repealed-dcps/woollahra-dcp-2015-repealed-7-december-2020-chapter_e8_adaptable_housing.pdf,https://www.woollahra.nsw.gov.au/Building-and-development/Development-rules,,v1.0-baseline,,,,,,,False,False,rejected,
502,woollahra,repealed-16-march-2020-chapter-d5-double-bay-centre,Repealed 16 March 2020 - Chapter D5 - Double Bay Centre,https://www.woollahra.nsw.gov.au/files/assets/public/v/1/plans-policies-publications/development-control-plans/repealed-dcps/repealed_16_march_2020_-_chapter_d5_double_bay_centre.pdf,https://www.woollahra.nsw.gov.au/Building-and-development/Development-rules,,v1.0-baseline,,,,,,,False,False,rejected,
504,woollahra,repealed-16-march-2020-chapter-d6-rose-bay-centre,Repealed 16 March 2020 - Chapter D6 - Rose Bay Centre,https://www.woollahra.nsw.gov.au/files/assets/public/v/1/plans-policies-publications/development-control-plans/repealed-dcps/repealed_16_march_2020_-_chapter_d6_rose_bay_centre.pdf,https://www.woollahra.nsw.gov.au/Building-and-development/Development-rules,,v1.0-baseline,,,,,,,False,False,rejected,
506,woollahra,repealed-20-january-2020-chapter-d5-double-bay-centre,Repealed 20 January 2020 - Chapter D5 - Double Bay Centre,https://www.woollahra.nsw.gov.au/files/assets/public/v/1/plans-policies-publications/development-control-plans/repealed-dcps/repealed_20_january_2020_-_chapter_d5_double_bay_centre.pdf,https://www.woollahra.nsw.gov.au/Building-and-development/Development-rules,,v1.0-baseline,,,,,,,False,False,rejected,
508,woollahra,repealed-20-january-2020-chapter-f3-licensed-premises,Repealed 20 January 2020 - Chapter F3 - Licensed Premises,https://www.woollahra.nsw.gov.au/files/assets/public/v/1/plans-policies-publications/development-control-plans/repealed-dcps/repealed_20_january_2020_-_chapter_f3_licensed_premises.pdf,https://www.woollahra.nsw.gov.au/Building-and-development/Development-rules,,v1.0-baseline,,,,,,,False,False,rejected,
510,woollahra,repealed-2-january-2020-chapter-a2-advertising-and-notification,Repealed 2 January 2020 - Chapter A2 - Advertising and Notification,https://www.woollahra.nsw.gov.au/files/assets/public/v/1/plans-policies-publications/development-control-plans/repealed-dcps/woollahra_dcp_2015_-_repealed_2_january_2020_-_chapter_a2_advertising_and_notification.pdf,https://www.woollahra.nsw.gov.au/Building-and-development/Development-rules,,v1.0-baseline,,,,,,,False,False,rejected,
512,woollahra,woollahra-residential-dcp-2003,Woollahra Residential DCP 2003,https://www.woollahra.nsw.gov.au/files/assets/public/v/1/plans-policies-publications/development-control-plans/residential_dcp_2003_version_of_12_sept_2012_including_amendment_4.pdf,https://www.woollahra.nsw.gov.au/Building-and-development/Development-rules,,v1.0-baseline,,,,,,,False,False,rejected,
514,woollahra,exempt-and-complying-development-dcp-2000,Exempt and Complying Development DCP 2000,https://www.woollahra.nsw.gov.au/files/assets/public/v/1/plans-policies-publications/development-control-plans/exempt_and_complying_dcp_22_feb_2014.pdf,https://www.woollahra.nsw.gov.au/Building-and-development/Development-rules,,v1.0-baseline,,,,,,,False,False,rejected,
516,woollahra,double-bay-centre-dcp,Double Bay Centre DCP,https://www.woollahra.nsw.gov.au/files/assets/public/v/1/plans-policies-publications/development-control-plans/double_bay_centre_dcp_2002_amendment_4.pdf,https://www.woollahra.nsw.gov.au/Building-and-development/Development-rules,,v1.0-baseline,,,,,,,False,False,rejected,
518,woollahra,edgecliff-commercial-centre-dcp,Edgecliff Commercial Centre DCP,https://www.woollahra.nsw.gov.au/files/assets/public/v/1/plans-policies-publications/development-control-plans/dcp_-_edgecliff_commercial_centre.pdf,https://www.woollahra.nsw.gov.au/Building-and-development/Development-rules,,v1.0-baseline,,,,,,,False,False,rejected,
520,woollahra,paddington-heritage-conservation-area-dcp-2008,Paddington Heritage Conservation Area DCP 2008,https://www.woollahra.nsw.gov.au/files/assets/public/v/1/plans-policies-publications/development-control-plans/paddington_hca_dcp_version_of_29_aug_2012_inc_amendment_1.pdf,https://www.woollahra.nsw.gov.au/Building-and-development/Development-rules,,v1.0-baseline,,,,,,,False,False,rejected,
522,woollahra,rose-bay-centre-dcp,Rose Bay Centre DCP,https://www.woollahra.nsw.gov.au/files/assets/public/v/1/plans-policies-publications/development-control-plans/rose_bay_centre_dcp_version_29_aug_2012.pdf,https://www.woollahra.nsw.gov.au/Building-and-development/Development-rules,,v1.0-baseline,,,,,,,False,False,rejected,
524,woollahra,access-dcp,Access DCP,https://www.woollahra.nsw.gov.au/files/assets/public/v/1/plans-policies-publications/development-control-plans/dcp_-_access.pdf,https://www.woollahra.nsw.gov.au/Building-and-development/Development-rules,,v1.0-baseline,,,,,,,False,False,rejected,
526,woollahra,advertising-and-notification-dcp,Advertising and Notification DCP,https://www.woollahra.nsw.gov.au/files/assets/public/v/1/plans-policies-publications/development-control-plans/dcp_-_adv_and_notif.pdf,https://www.woollahra.nsw.gov.au/Building-and-development/Development-rules,,v1.0-baseline,,,,,,,False,False,rejected,
528,woollahra,child-care-centres-dcp,Child Care Centres DCP,https://www.woollahra.nsw.gov.au/files/assets/public/v/1/plans-policies-publications/development-control-plans/child_care_centres_dcp.pdf,https://www.woollahra.nsw.gov.au/Building-and-development/Development-rules,,v1.0-baseline,,,,,,,False,False,rejected,
530,woollahra,educational-establishments-dcp,Educational Establishments DCP,https://www.woollahra.nsw.gov.au/files/assets/public/v/1/plans-policies-publications/development-control-plans/educational_establishments_dcp_2012.pdf,https://www.woollahra.nsw.gov.au/Building-and-development/Development-rules,,v1.0-baseline,,,,,,,False,False,rejected,
531,woollahra,contaminated-land-dcp-2010,Contaminated Land DCP 2010,https://www.woollahra.nsw.gov.au/files/assets/public/v/1/plans-policies-publications/development-control-plans/contaminated_land_dcp_2010.pdf,https://www.woollahra.nsw.gov.au/Building-and-development/Development-rules,,v1.0-baseline,,,,,,,False,False,rejected,
533,woollahra,neighbourhood-centres-dcp,Neighbourhood Centres DCP,https://www.woollahra.nsw.gov.au/files/assets/public/v/1/plans-policies-publications/development-control-plans/neighbourhood_centres_dcp.pdf,https://www.woollahra.nsw.gov.au/Building-and-development/Development-rules,,v1.0-baseline,,,,,,,False,False,rejected,
535,woollahra,parking-dcp,Parking DCP,https://www.woollahra.nsw.gov.au/files/assets/public/v/1/plans-policies-publications/development-control-plans/parking_dcp_inc._amend_1_29_aug_2012.pdf,https://www.woollahra.nsw.gov.au/Building-and-development/Development-rules,,v1.0-baseline,,,,,,,False,False,rejected,
537,woollahra,site-waste-minimisation-and-management-2010-waste-not-dcp,Site Waste Minimisation and Management 2010 (Waste Not DCP),https://www.woollahra.nsw.gov.au/files/assets/public/v/1/plans-policies-publications/development-control-plans/waste_not_dcp_version_of_october_2010.pdf,https://www.woollahra.nsw.gov.au/Building-and-development/Development-rules,,v1.0-baseline,,,,,,,False,False,rejected,
539,woollahra,woollahra-telecommunications-and-radiocommunications-dcp,Woollahra Telecommunications and Radiocommunications DCP,https://www.woollahra.nsw.gov.au/files/assets/public/v/1/plans-policies-publications/development-control-plans/telecommunications_and_radiocommunications_dcp.pdf,https://www.woollahra.nsw.gov.au/Building-and-development/Development-rules,,v1.0-baseline,,,,,,,False,False,rejected,
541,woollahra,part-of-13-albert-street-edgecliff-dcp,"Part of 13 Albert Street, Edgecliff DCP",https://www.woollahra.nsw.gov.au/files/assets/public/v/1/plans-policies-publications/development-control-plans/dcp_-_13_albert_street_edgecliff.pdf,https://www.woollahra.nsw.gov.au/Building-and-development/Development-rules,,v1.0-baseline,,,,,,,False,False,rejected,
543,woollahra,babworth-house-dcp,Babworth House DCP,https://www.woollahra.nsw.gov.au/files/assets/public/v/1/plans-policies-publications/development-control-plans/babworth_house_dcp_1999.pdf,https://www.woollahra.nsw.gov.au/Building-and-development/Development-rules,,v1.0-baseline,,,,,,,False,False,rejected,
545,woollahra,bishopscourt-dcp,Bishopscourt DCP,https://www.woollahra.nsw.gov.au/files/assets/public/v/1/plans-policies-publications/development-control-plans/bishopscourt_dcp.pdf,https://www.woollahra.nsw.gov.au/Building-and-development/Development-rules,,v1.0-baseline,,,,,,,False,False,rejected,
547,woollahra,9-cooper-park-road-bellevue-hill-dcp,"9 Cooper Park Road, Bellevue Hill DCP",https://www.woollahra.nsw.gov.au/files/assets/public/v/1/plans-policies-publications/development-control-plans/dcp_-_9_cooper_park_road_bellevue_hill.pdf,https://www.woollahra.nsw.gov.au/Building-and-development/Development-rules,,v1.0-baseline,,,,,,,False,False,rejected,
549,woollahra,9a-cooper-park-road-bellevue-hill-dcp,"9A Cooper Park Road, Bellevue Hill DCP",https://www.woollahra.nsw.gov.au/files/assets/public/v/1/plans-policies-publications/development-control-plans/9a_cooper_park_road_dcp.pdf,https://www.woollahra.nsw.gov.au/Building-and-development/Development-rules,,v1.0-baseline,,,,,,,False,False,rejected,
551,woollahra,hawthornden-dcp,Hawthornden DCP,https://www.woollahra.nsw.gov.au/files/assets/public/v/1/plans-policies-publications/development-control-plans/hawthornden_dcp.pdf,https://www.woollahra.nsw.gov.au/Building-and-development/Development-rules,,v1.0-baseline,,,,,,,False,False,rejected,
553,woollahra,kilmory-dcp,Kilmory DCP,https://www.woollahra.nsw.gov.au/files/assets/public/v/1/plans-policies-publications/development-control-plans/dcp_-_kilmory.pdf,https://www.woollahra.nsw.gov.au/Building-and-development/Development-rules,,v1.0-baseline,,,,,,,False,False,rejected,
555,woollahra,188-oxford-street-paddington-and-part-lot-1-dp-215537-dcp,"188 Oxford Street, Paddington and Part Lot 1, DP 215537 DCP",https://www.woollahra.nsw.gov.au/files/assets/public/v/1/plans-policies-publications/development-control-plans/188_oxford_st_paddington_dcp.pdf,https://www.woollahra.nsw.gov.au/Building-and-development/Development-rules,,v1.0-baseline,,,,,,,False,False,rejected,
557,woollahra,118-wallis-street-woollahra-dcp,"118 Wallis Street, Woollahra DCP",https://www.woollahra.nsw.gov.au/files/assets/public/v/1/plans-policies-publications/development-control-plans/dcp_-_118_wallis_street_woollahra.pdf,https://www.woollahra.nsw.gov.au/Building-and-development/Development-rules,,v1.0-baseline,,,,,,,False,False,rejected,
