id,council,document_id,ref_number
104699,cumberland,Cumberland_DCP_Part_B_—_Residential_Zones_2021__cumberland_dcp_part_b_residential,Cumberland_DCP_Part_B_—_Residential_Zones_2021__cumberland_dcp_part_b_residential__1_1
104722,cumberland,Cumberland_DCP_Part_B_—_Residential_Zones_2021__cumberland_dcp_part_b_residential,Cumberland_DCP_Part_B_—_Residential_Zones_2021__cumberland_dcp_part_b_residential__1_1
104725,cumberland,Cumberland_DCP_Part_B_—_Residential_Zones_2021__cumberland_dcp_part_b_residential,Cumberland_DCP_Part_B_—_Residential_Zones_2021__cumberland_dcp_part_b_residential__1_1
104728,cumberland,Cumberland_DCP_Part_B_—_Residential_Zones_2021__cumberland_dcp_part_b_residential,Cumberland_DCP_Part_B_—_Residential_Zones_2021__cumberland_dcp_part_b_residential__1_1
104734,cumberland,Cumberland_DCP_Part_B_—_Residential_Zones_2021__cumberland_dcp_part_b_residential,Cumberland_DCP_Part_B_—_Residential_Zones_2021__cumberland_dcp_part_b_residential__1_1
98259,ku_ring_gai,Ku-ring-gai_DCP_2024__section_a_part_12_signage,Ku-ring-gai_DCP_2024__section_a_part_12_signage__12_3
98260,ku_ring_gai,Ku-ring-gai_DCP_2024__section_a_part_12_signage,Ku-ring-gai_DCP_2024__section_a_part_12_signage__12_3
98261,ku_ring_gai,Ku-ring-gai_DCP_2024__section_a_part_12_signage,Ku-ring-gai_DCP_2024__section_a_part_12_signage__12_3
98267,ku_ring_gai,Ku-ring-gai_DCP_2024__section_a_part_12_signage,Ku-ring-gai_DCP_2024__section_a_part_12_signage__12_9
98268,ku_ring_gai,Ku-ring-gai_DCP_2024__section_a_part_12_signage,Ku-ring-gai_DCP_2024__section_a_part_12_signage__12_9
98280,ku_ring_gai,Ku-ring-gai_DCP_2024__section_b_part_16_bushfire,Ku-ring-gai_DCP_2024__section_b_part_16_bushfire__16_1
98281,ku_ring_gai,Ku-ring-gai_DCP_2024__section_b_part_16_bushfire,Ku-ring-gai_DCP_2024__section_b_part_16_bushfire__16_1
98282,ku_ring_gai,Ku-ring-gai_DCP_2024__section_b_part_16_bushfire,Ku-ring-gai_DCP_2024__section_b_part_16_bushfire__16_1
98283,ku_ring_gai,Ku-ring-gai_DCP_2024__section_b_part_16_bushfire,Ku-ring-gai_DCP_2024__section_b_part_16_bushfire__16_1
98284,ku_ring_gai,Ku-ring-gai_DCP_2024__section_b_part_16_bushfire,Ku-ring-gai_DCP_2024__section_b_part_16_bushfire__16_1
98285,ku_ring_gai,Ku-ring-gai_DCP_2024__section_b_part_17_riparian,Ku-ring-gai_DCP_2024__section_b_part_17_riparian__17_1
98286,ku_ring_gai,Ku-ring-gai_DCP_2024__section_b_part_17_riparian,Ku-ring-gai_DCP_2024__section_b_part_17_riparian__17_1
98287,ku_ring_gai,Ku-ring-gai_DCP_2024__section_b_part_17_riparian,Ku-ring-gai_DCP_2024__section_b_part_17_riparian__17_1
98288,ku_ring_gai,Ku-ring-gai_DCP_2024__section_b_part_17_riparian,Ku-ring-gai_DCP_2024__section_b_part_17_riparian__17_1
98289,ku_ring_gai,Ku-ring-gai_DCP_2024__section_b_part_17_riparian,Ku-ring-gai_DCP_2024__section_b_part_17_riparian__17_2
98290,ku_ring_gai,Ku-ring-gai_DCP_2024__section_b_part_17_riparian,Ku-ring-gai_DCP_2024__section_b_part_17_riparian__17_2
98291,ku_ring_gai,Ku-ring-gai_DCP_2024__section_b_part_17_riparian,Ku-ring-gai_DCP_2024__section_b_part_17_riparian__17_3
98292,ku_ring_gai,Ku-ring-gai_DCP_2024__section_b_part_17_riparian,Ku-ring-gai_DCP_2024__section_b_part_17_riparian__17_3
98293,ku_ring_gai,Ku-ring-gai_DCP_2024__section_b_part_17_riparian,Ku-ring-gai_DCP_2024__section_b_part_17_riparian__17_4
98294,ku_ring_gai,Ku-ring-gai_DCP_2024__section_b_part_17_riparian,Ku-ring-gai_DCP_2024__section_b_part_17_riparian__17_4
98295,ku_ring_gai,Ku-ring-gai_DCP_2024__section_b_part_17_riparian,Ku-ring-gai_DCP_2024__section_b_part_17_riparian__17_5
98296,ku_ring_gai,Ku-ring-gai_DCP_2024__section_b_part_17_riparian,Ku-ring-gai_DCP_2024__section_b_part_17_riparian__17_5
98301,ku_ring_gai,Ku-ring-gai_DCP_2024__section_b_part_18_biodiversity,Ku-ring-gai_DCP_2024__section_b_part_18_biodiversity__18_3
98302,ku_ring_gai,Ku-ring-gai_DCP_2024__section_b_part_18_biodiversity,Ku-ring-gai_DCP_2024__section_b_part_18_biodiversity__18_3
98306,ku_ring_gai,Ku-ring-gai_DCP_2024__section_b_part_18_biodiversity,Ku-ring-gai_DCP_2024__section_b_part_18_biodiversity__18_7
98307,ku_ring_gai,Ku-ring-gai_DCP_2024__section_b_part_18_biodiversity,Ku-ring-gai_DCP_2024__section_b_part_18_biodiversity__18_7
98308,ku_ring_gai,Ku-ring-gai_DCP_2024__section_b_part_18_biodiversity,Ku-ring-gai_DCP_2024__section_b_part_18_biodiversity__18_7
98309,ku_ring_gai,Ku-ring-gai_DCP_2024__section_b_part_18_biodiversity,Ku-ring-gai_DCP_2024__section_b_part_18_biodiversity__18_8
98310,ku_ring_gai,Ku-ring-gai_DCP_2024__section_b_part_18_biodiversity,Ku-ring-gai_DCP_2024__section_b_part_18_biodiversity__18_8
98311,ku_ring_gai,Ku-ring-gai_DCP_2024__section_b_part_18_biodiversity,Ku-ring-gai_DCP_2024__section_b_part_18_biodiversity__18_8
98346,ku_ring_gai,Ku-ring-gai_DCP_2024__section_c_part_22_parking,Ku-ring-gai_DCP_2024__section_c_part_22_parking__22_1
98347,ku_ring_gai,Ku-ring-gai_DCP_2024__section_c_part_22_parking,Ku-ring-gai_DCP_2024__section_c_part_22_parking__22_1
98348,ku_ring_gai,Ku-ring-gai_DCP_2024__section_c_part_22_parking,Ku-ring-gai_DCP_2024__section_c_part_22_parking__22_1
98350,ku_ring_gai,Ku-ring-gai_DCP_2024__section_c_part_22_parking,Ku-ring-gai_DCP_2024__section_c_part_22_parking__22_2
98351,ku_ring_gai,Ku-ring-gai_DCP_2024__section_c_part_22_parking,Ku-ring-gai_DCP_2024__section_c_part_22_parking__22_2
105045,parramatta,Parramatta_DCP_2023_(Amendment_4)__parramatta_dcp_2023_full,Parramatta_DCP_2023_(Amendment_4)__parramatta_dcp_2023_full__772
105047,parramatta,Parramatta_DCP_2023_(Amendment_4)__parramatta_dcp_2023_full,Parramatta_DCP_2023_(Amendment_4)__parramatta_dcp_2023_full__772
105049,parramatta,Parramatta_DCP_2023_(Amendment_4)__parramatta_dcp_2023_full,Parramatta_DCP_2023_(Amendment_4)__parramatta_dcp_2023_full__772
105058,parramatta,Parramatta_DCP_2023_(Amendment_4)__parramatta_dcp_2023_full,Parramatta_DCP_2023_(Amendment_4)__parramatta_dcp_2023_full__772
105063,parramatta,Parramatta_DCP_2023_(Amendment_4)__parramatta_dcp_2023_full,Parramatta_DCP_2023_(Amendment_4)__parramatta_dcp_2023_full__772
105071,parramatta,Parramatta_DCP_2023_(Amendment_4)__parramatta_dcp_2023_full,Parramatta_DCP_2023_(Amendment_4)__parramatta_dcp_2023_full__772
105076,parramatta,Parramatta_DCP_2023_(Amendment_4)__parramatta_dcp_2023_full,Parramatta_DCP_2023_(Amendment_4)__parramatta_dcp_2023_full__772
105078,parramatta,Parramatta_DCP_2023_(Amendment_4)__parramatta_dcp_2023_full,Parramatta_DCP_2023_(Amendment_4)__parramatta_dcp_2023_full__772
105082,parramatta,Parramatta_DCP_2023_(Amendment_4)__parramatta_dcp_2023_full,Parramatta_DCP_2023_(Amendment_4)__parramatta_dcp_2023_full__772
105085,parramatta,Parramatta_DCP_2023_(Amendment_4)__parramatta_dcp_2023_full,Parramatta_DCP_2023_(Amendment_4)__parramatta_dcp_2023_full__772
105090,parramatta,Parramatta_DCP_2023_(Amendment_4)__parramatta_dcp_2023_full,Parramatta_DCP_2023_(Amendment_4)__parramatta_dcp_2023_full__772
105093,parramatta,Parramatta_DCP_2023_(Amendment_4)__parramatta_dcp_2023_full,Parramatta_DCP_2023_(Amendment_4)__parramatta_dcp_2023_full__772
105095,parramatta,Parramatta_DCP_2023_(Amendment_4)__parramatta_dcp_2023_full,Parramatta_DCP_2023_(Amendment_4)__parramatta_dcp_2023_full__772
105102,parramatta,Parramatta_DCP_2023_(Amendment_4)__parramatta_dcp_2023_full,Parramatta_DCP_2023_(Amendment_4)__parramatta_dcp_2023_full__772
105105,parramatta,Parramatta_DCP_2023_(Amendment_4)__parramatta_dcp_2023_full,Parramatta_DCP_2023_(Amendment_4)__parramatta_dcp_2023_full__772
105107,parramatta,Parramatta_DCP_2023_(Amendment_4)__parramatta_dcp_2023_full,Parramatta_DCP_2023_(Amendment_4)__parramatta_dcp_2023_full__772
105109,parramatta,Parramatta_DCP_2023_(Amendment_4)__parramatta_dcp_2023_full,Parramatta_DCP_2023_(Amendment_4)__parramatta_dcp_2023_full__772
105312,parramatta,Parramatta_DCP_2023_(Amendment_4)__parramatta_dcp_2023_full,Parramatta_DCP_2023_(Amendment_4)__parramatta_dcp_2023_full__8_2_6_5_8
105314,parramatta,Parramatta_DCP_2023_(Amendment_4)__parramatta_dcp_2023_full,Parramatta_DCP_2023_(Amendment_4)__parramatta_dcp_2023_full__8_2_6_5_8
105669,penrith,Penrith_DCP_2014__c10_transport_access_parking,Penrith_DCP_2014__c10_transport_access_parking__C10
105671,penrith,Penrith_DCP_2014__c10_transport_access_parking,Penrith_DCP_2014__c10_transport_access_parking__C10
105673,penrith,Penrith_DCP_2014__c10_transport_access_parking,Penrith_DCP_2014__c10_transport_access_parking__C10
105675,penrith,Penrith_DCP_2014__c10_transport_access_parking,Penrith_DCP_2014__c10_transport_access_parking__C10
95993,city_of_sydney,Sydney_DCP_2012__schedules,Sydney_DCP_2012__schedules__11_1
96031,city_of_sydney,Sydney_DCP_2012__schedules,Sydney_DCP_2012__schedules__11_1
95990,city_of_sydney,Sydney_DCP_2012__schedules,Sydney_DCP_2012__schedules__3_1
95994,city_of_sydney,Sydney_DCP_2012__schedules,Sydney_DCP_2012__schedules__3_1
95992,city_of_sydney,Sydney_DCP_2012__schedules,Sydney_DCP_2012__schedules__7_8
96019,city_of_sydney,Sydney_DCP_2012__schedules,Sydney_DCP_2012__schedules__7_8
95310,city_of_sydney,Sydney_DCP_2012__section_2_locality_statements,Sydney_DCP_2012__section_2_locality_statements__2_4_11
95344,city_of_sydney,Sydney_DCP_2012__section_2_locality_statements,Sydney_DCP_2012__section_2_locality_statements__2_4_11
95311,city_of_sydney,Sydney_DCP_2012__section_2_locality_statements,Sydney_DCP_2012__section_2_locality_statements__2_7_10
95377,city_of_sydney,Sydney_DCP_2012__section_2_locality_statements,Sydney_DCP_2012__section_2_locality_statements__2_7_10
95495,city_of_sydney,Sydney_DCP_2012__section_3_general_provisions,Sydney_DCP_2012__section_3_general_provisions__3_16_6_2
95499,city_of_sydney,Sydney_DCP_2012__section_3_general_provisions,Sydney_DCP_2012__section_3_general_provisions__3_16_6_2
95801,city_of_sydney,Sydney_DCP_2012__section_6_specific_sites,Sydney_DCP_2012__section_6_specific_sites__1
95807,city_of_sydney,Sydney_DCP_2012__section_6_specific_sites,Sydney_DCP_2012__section_6_specific_sites__1
95839,city_of_sydney,Sydney_DCP_2012__section_6_specific_sites,Sydney_DCP_2012__section_6_specific_sites__1
95840,city_of_sydney,Sydney_DCP_2012__section_6_specific_sites,Sydney_DCP_2012__section_6_specific_sites__1
95841,city_of_sydney,Sydney_DCP_2012__section_6_specific_sites,Sydney_DCP_2012__section_6_specific_sites__1
95912,city_of_sydney,Sydney_DCP_2012__section_6_specific_sites,Sydney_DCP_2012__section_6_specific_sites__1
95914,city_of_sydney,Sydney_DCP_2012__section_6_specific_sites,Sydney_DCP_2012__section_6_specific_sites__1
95921,city_of_sydney,Sydney_DCP_2012__section_6_specific_sites,Sydney_DCP_2012__section_6_specific_sites__1
95922,city_of_sydney,Sydney_DCP_2012__section_6_specific_sites,Sydney_DCP_2012__section_6_specific_sites__1
95936,city_of_sydney,Sydney_DCP_2012__section_6_specific_sites,Sydney_DCP_2012__section_6_specific_sites__187
95941,city_of_sydney,Sydney_DCP_2012__section_6_specific_sites,Sydney_DCP_2012__section_6_specific_sites__187
95942,city_of_sydney,Sydney_DCP_2012__section_6_specific_sites,Sydney_DCP_2012__section_6_specific_sites__187
95943,city_of_sydney,Sydney_DCP_2012__section_6_specific_sites,Sydney_DCP_2012__section_6_specific_sites__187
95792,city_of_sydney,Sydney_DCP_2012__section_6_specific_sites,Sydney_DCP_2012__section_6_specific_sites__6
95829,city_of_sydney,Sydney_DCP_2012__section_6_specific_sites,Sydney_DCP_2012__section_6_specific_sites__6
95874,city_of_sydney,Sydney_DCP_2012__section_6_specific_sites,Sydney_DCP_2012__section_6_specific_sites__6
95917,city_of_sydney,Sydney_DCP_2012__section_6_specific_sites,Sydney_DCP_2012__section_6_specific_sites__6
95793,city_of_sydney,Sydney_DCP_2012__section_6_specific_sites,Sydney_DCP_2012__section_6_specific_sites__6_3
95856,city_of_sydney,Sydney_DCP_2012__section_6_specific_sites,Sydney_DCP_2012__section_6_specific_sites__6_3
95862,city_of_sydney,Sydney_DCP_2012__section_6_specific_sites,Sydney_DCP_2012__section_6_specific_sites__904
95868,city_of_sydney,Sydney_DCP_2012__section_6_specific_sites,Sydney_DCP_2012__section_6_specific_sites__904
100874,waverley,Waverley_DCP_2022__waverley_dcp_2022,Waverley_DCP_2022__waverley_dcp_2022__B3_3_2_controls
100876,waverley,Waverley_DCP_2022__waverley_dcp_2022,Waverley_DCP_2022__waverley_dcp_2022__B3_3_2_controls
100878,waverley,Waverley_DCP_2022__waverley_dcp_2022,Waverley_DCP_2022__waverley_dcp_2022__B3_3_2_controls
100872,waverley,Waverley_DCP_2022__waverley_dcp_2022,Waverley_DCP_2022__waverley_dcp_2022__B3_3_2_objectives
100873,waverley,Waverley_DCP_2022__waverley_dcp_2022,Waverley_DCP_2022__waverley_dcp_2022__B3_3_2_objectives
100875,waverley,Waverley_DCP_2022__waverley_dcp_2022,Waverley_DCP_2022__waverley_dcp_2022__B3_3_2_objectives
100877,waverley,Waverley_DCP_2022__waverley_dcp_2022,Waverley_DCP_2022__waverley_dcp_2022__B3_3_2_objectives
100881,waverley,Waverley_DCP_2022__waverley_dcp_2022,Waverley_DCP_2022__waverley_dcp_2022__B3_3_3_controls
100883,waverley,Waverley_DCP_2022__waverley_dcp_2022,Waverley_DCP_2022__waverley_dcp_2022__B3_3_3_controls
100880,waverley,Waverley_DCP_2022__waverley_dcp_2022,Waverley_DCP_2022__waverley_dcp_2022__B3_3_3_objectives
100882,waverley,Waverley_DCP_2022__waverley_dcp_2022,Waverley_DCP_2022__waverley_dcp_2022__B3_3_3_objectives
101038,waverley,Waverley_DCP_2022__waverley_dcp_2022,Waverley_DCP_2022__waverley_dcp_2022__C1_1_2_controls
101039,waverley,Waverley_DCP_2022__waverley_dcp_2022,Waverley_DCP_2022__waverley_dcp_2022__C1_1_2_controls
101200,waverley,Waverley_DCP_2022__waverley_dcp_2022,Waverley_DCP_2022__waverley_dcp_2022__E1_1_22_controls
101202,waverley,Waverley_DCP_2022__waverley_dcp_2022,Waverley_DCP_2022__waverley_dcp_2022__E1_1_22_controls
101204,waverley,Waverley_DCP_2022__waverley_dcp_2022,Waverley_DCP_2022__waverley_dcp_2022__E1_1_22_controls
101206,waverley,Waverley_DCP_2022__waverley_dcp_2022,Waverley_DCP_2022__waverley_dcp_2022__E1_1_22_controls
101209,waverley,Waverley_DCP_2022__waverley_dcp_2022,Waverley_DCP_2022__waverley_dcp_2022__E1_1_22_controls
101211,waverley,Waverley_DCP_2022__waverley_dcp_2022,Waverley_DCP_2022__waverley_dcp_2022__E1_1_22_controls
101212,waverley,Waverley_DCP_2022__waverley_dcp_2022,Waverley_DCP_2022__waverley_dcp_2022__E1_1_22_controls
101214,waverley,Waverley_DCP_2022__waverley_dcp_2022,Waverley_DCP_2022__waverley_dcp_2022__E1_1_22_controls
101216,waverley,Waverley_DCP_2022__waverley_dcp_2022,Waverley_DCP_2022__waverley_dcp_2022__E1_1_22_controls
101218,waverley,Waverley_DCP_2022__waverley_dcp_2022,Waverley_DCP_2022__waverley_dcp_2022__E1_1_22_controls
101199,waverley,Waverley_DCP_2022__waverley_dcp_2022,Waverley_DCP_2022__waverley_dcp_2022__E1_1_22_objectives
101201,waverley,Waverley_DCP_2022__waverley_dcp_2022,Waverley_DCP_2022__waverley_dcp_2022__E1_1_22_objectives
101203,waverley,Waverley_DCP_2022__waverley_dcp_2022,Waverley_DCP_2022__waverley_dcp_2022__E1_1_22_objectives
101205,waverley,Waverley_DCP_2022__waverley_dcp_2022,Waverley_DCP_2022__waverley_dcp_2022__E1_1_22_objectives
101208,waverley,Waverley_DCP_2022__waverley_dcp_2022,Waverley_DCP_2022__waverley_dcp_2022__E1_1_22_objectives
101210,waverley,Waverley_DCP_2022__waverley_dcp_2022,Waverley_DCP_2022__waverley_dcp_2022__E1_1_22_objectives
101213,waverley,Waverley_DCP_2022__waverley_dcp_2022,Waverley_DCP_2022__waverley_dcp_2022__E1_1_22_objectives
101215,waverley,Waverley_DCP_2022__waverley_dcp_2022,Waverley_DCP_2022__waverley_dcp_2022__E1_1_22_objectives
101217,waverley,Waverley_DCP_2022__waverley_dcp_2022,Waverley_DCP_2022__waverley_dcp_2022__E1_1_22_objectives
101152,waverley,Waverley_DCP_2022__waverley_dcp_2022,Waverley_DCP_2022__waverley_dcp_2022__E1_1_4_controls
101154,waverley,Waverley_DCP_2022__waverley_dcp_2022,Waverley_DCP_2022__waverley_dcp_2022__E1_1_4_controls
101156,waverley,Waverley_DCP_2022__waverley_dcp_2022,Waverley_DCP_2022__waverley_dcp_2022__E1_1_4_controls
101158,waverley,Waverley_DCP_2022__waverley_dcp_2022,Waverley_DCP_2022__waverley_dcp_2022__E1_1_4_controls
101151,waverley,Waverley_DCP_2022__waverley_dcp_2022,Waverley_DCP_2022__waverley_dcp_2022__E1_1_4_objectives
101153,waverley,Waverley_DCP_2022__waverley_dcp_2022,Waverley_DCP_2022__waverley_dcp_2022__E1_1_4_objectives
101155,waverley,Waverley_DCP_2022__waverley_dcp_2022,Waverley_DCP_2022__waverley_dcp_2022__E1_1_4_objectives
101157,waverley,Waverley_DCP_2022__waverley_dcp_2022,Waverley_DCP_2022__waverley_dcp_2022__E1_1_4_objectives
101162,waverley,Waverley_DCP_2022__waverley_dcp_2022,Waverley_DCP_2022__waverley_dcp_2022__E1_1_6_controls
101164,waverley,Waverley_DCP_2022__waverley_dcp_2022,Waverley_DCP_2022__waverley_dcp_2022__E1_1_6_controls
101161,waverley,Waverley_DCP_2022__waverley_dcp_2022,Waverley_DCP_2022__waverley_dcp_2022__E1_1_6_objectives
101163,waverley,Waverley_DCP_2022__waverley_dcp_2022,Waverley_DCP_2022__waverley_dcp_2022__E1_1_6_objectives
101236,waverley,Waverley_DCP_2022__waverley_dcp_2022,Waverley_DCP_2022__waverley_dcp_2022__E2_2_2_controls
101237,waverley,Waverley_DCP_2022__waverley_dcp_2022,Waverley_DCP_2022__waverley_dcp_2022__E2_2_2_controls
101238,waverley,Waverley_DCP_2022__waverley_dcp_2022,Waverley_DCP_2022__waverley_dcp_2022__E2_2_2_controls
101243,waverley,Waverley_DCP_2022__waverley_dcp_2022,Waverley_DCP_2022__waverley_dcp_2022__E3_3_2_controls
101245,waverley,Waverley_DCP_2022__waverley_dcp_2022,Waverley_DCP_2022__waverley_dcp_2022__E3_3_2_controls
101247,waverley,Waverley_DCP_2022__waverley_dcp_2022,Waverley_DCP_2022__waverley_dcp_2022__E3_3_2_controls
101249,waverley,Waverley_DCP_2022__waverley_dcp_2022,Waverley_DCP_2022__waverley_dcp_2022__E3_3_2_controls
101251,waverley,Waverley_DCP_2022__waverley_dcp_2022,Waverley_DCP_2022__waverley_dcp_2022__E3_3_2_controls
101253,waverley,Waverley_DCP_2022__waverley_dcp_2022,Waverley_DCP_2022__waverley_dcp_2022__E3_3_2_controls
101242,waverley,Waverley_DCP_2022__waverley_dcp_2022,Waverley_DCP_2022__waverley_dcp_2022__E3_3_2_objectives
101244,waverley,Waverley_DCP_2022__waverley_dcp_2022,Waverley_DCP_2022__waverley_dcp_2022__E3_3_2_objectives
101246,waverley,Waverley_DCP_2022__waverley_dcp_2022,Waverley_DCP_2022__waverley_dcp_2022__E3_3_2_objectives
101248,waverley,Waverley_DCP_2022__waverley_dcp_2022,Waverley_DCP_2022__waverley_dcp_2022__E3_3_2_objectives
101250,waverley,Waverley_DCP_2022__waverley_dcp_2022,Waverley_DCP_2022__waverley_dcp_2022__E3_3_2_objectives
101252,waverley,Waverley_DCP_2022__waverley_dcp_2022,Waverley_DCP_2022__waverley_dcp_2022__E3_3_2_objectives
